C:\myData\IMG\center_2025_06_02_16_41_46_749.jpg,C:\myData\IMG\left_2025_06_02_16_41_46_749.jpg,C:\myData\IMG\right_2025_06_02_16_41_46_749.jpg,0,0,0,1.630256E-05
C:\myData\IMG\center_2025_06_02_16_41_46_944.jpg,C:\myData\IMG\left_2025_06_02_16_41_46_944.jpg,C:\myData\IMG\right_2025_06_02_16_41_46_944.jpg,0,0,0,8.332728E-06
C:\myData\IMG\center_2025_06_02_16_41_47_146.jpg,C:\myData\IMG\left_2025_06_02_16_41_47_146.jpg,C:\myData\IMG\right_2025_06_02_16_41_47_146.jpg,0,0,0,8.322348E-06
C:\myData\IMG\center_2025_06_02_16_41_47_341.jpg,C:\myData\IMG\left_2025_06_02_16_41_47_341.jpg,C:\myData\IMG\right_2025_06_02_16_41_47_341.jpg,0,0,0,6.323045E-06
C:\myData\IMG\center_2025_06_02_16_41_47_546.jpg,C:\myData\IMG\left_2025_06_02_16_41_47_546.jpg,C:\myData\IMG\right_2025_06_02_16_41_47_546.jpg,0,0,0,1.656406E-05
C:\myData\IMG\center_2025_06_02_16_41_47_759.jpg,C:\myData\IMG\left_2025_06_02_16_41_47_759.jpg,C:\myData\IMG\right_2025_06_02_16_41_47_759.jpg,0,0,0,1.875827E-06
C:\myData\IMG\center_2025_06_02_16_41_47_980.jpg,C:\myData\IMG\left_2025_06_02_16_41_47_980.jpg,C:\myData\IMG\right_2025_06_02_16_41_47_980.jpg,0,0.6008796,0,1.31979
C:\myData\IMG\center_2025_06_02_16_41_48_313.jpg,C:\myData\IMG\left_2025_06_02_16_41_48_313.jpg,C:\myData\IMG\right_2025_06_02_16_41_48_313.jpg,0,1,0,4.93909
C:\myData\IMG\center_2025_06_02_16_41_48_551.jpg,C:\myData\IMG\left_2025_06_02_16_41_48_551.jpg,C:\myData\IMG\right_2025_06_02_16_41_48_551.jpg,-0.6000001,1,0,7.617513
C:\myData\IMG\center_2025_06_02_16_41_48_775.jpg,C:\myData\IMG\left_2025_06_02_16_41_48_775.jpg,C:\myData\IMG\right_2025_06_02_16_41_48_775.jpg,0,1,0,10.26523
C:\myData\IMG\center_2025_06_02_16_41_48_987.jpg,C:\myData\IMG\left_2025_06_02_16_41_48_987.jpg,C:\myData\IMG\right_2025_06_02_16_41_48_987.jpg,0,1,0,12.50135
C:\myData\IMG\center_2025_06_02_16_41_49_337.jpg,C:\myData\IMG\left_2025_06_02_16_41_49_337.jpg,C:\myData\IMG\right_2025_06_02_16_41_49_337.jpg,0,1,0,14.66927
C:\myData\IMG\center_2025_06_02_16_41_49_531.jpg,C:\myData\IMG\left_2025_06_02_16_41_49_531.jpg,C:\myData\IMG\right_2025_06_02_16_41_49_531.jpg,-0.5000001,0.3998314,0,15.31889
C:\myData\IMG\center_2025_06_02_16_41_49_729.jpg,C:\myData\IMG\left_2025_06_02_16_41_49_729.jpg,C:\myData\IMG\right_2025_06_02_16_41_49_729.jpg,-1,0,0,14.71315
C:\myData\IMG\center_2025_06_02_16_41_49_934.jpg,C:\myData\IMG\left_2025_06_02_16_41_49_934.jpg,C:\myData\IMG\right_2025_06_02_16_41_49_934.jpg,0,0,0,14.23188
C:\myData\IMG\center_2025_06_02_16_41_50_138.jpg,C:\myData\IMG\left_2025_06_02_16_41_50_138.jpg,C:\myData\IMG\right_2025_06_02_16_41_50_138.jpg,0,0,0,13.96759
C:\myData\IMG\center_2025_06_02_16_41_50_325.jpg,C:\myData\IMG\left_2025_06_02_16_41_50_325.jpg,C:\myData\IMG\right_2025_06_02_16_41_50_325.jpg,-0.5000001,0,0,13.58686
C:\myData\IMG\center_2025_06_02_16_41_50_530.jpg,C:\myData\IMG\left_2025_06_02_16_41_50_530.jpg,C:\myData\IMG\right_2025_06_02_16_41_50_530.jpg,-1,0,0,12.97597
C:\myData\IMG\center_2025_06_02_16_41_50_738.jpg,C:\myData\IMG\left_2025_06_02_16_41_50_738.jpg,C:\myData\IMG\right_2025_06_02_16_41_50_738.jpg,0,0,0,12.50644
C:\myData\IMG\center_2025_06_02_16_41_50_937.jpg,C:\myData\IMG\left_2025_06_02_16_41_50_937.jpg,C:\myData\IMG\right_2025_06_02_16_41_50_937.jpg,0,0,0,12.13006
C:\myData\IMG\center_2025_06_02_16_41_51_146.jpg,C:\myData\IMG\left_2025_06_02_16_41_51_146.jpg,C:\myData\IMG\right_2025_06_02_16_41_51_146.jpg,0,0,0,12.18342
C:\myData\IMG\center_2025_06_02_16_41_51_349.jpg,C:\myData\IMG\left_2025_06_02_16_41_51_349.jpg,C:\myData\IMG\right_2025_06_02_16_41_51_349.jpg,-0.6000001,0,0,11.76831
C:\myData\IMG\center_2025_06_02_16_41_51_553.jpg,C:\myData\IMG\left_2025_06_02_16_41_51_553.jpg,C:\myData\IMG\right_2025_06_02_16_41_51_553.jpg,0,0,0,11.1684
C:\myData\IMG\center_2025_06_02_16_41_51_637.jpg,C:\myData\IMG\left_2025_06_02_16_41_51_637.jpg,C:\myData\IMG\right_2025_06_02_16_41_51_637.jpg,0,0,0,11.00154
C:\myData\IMG\center_2025_06_02_16_41_51_823.jpg,C:\myData\IMG\left_2025_06_02_16_41_51_823.jpg,C:\myData\IMG\right_2025_06_02_16_41_51_823.jpg,0,0,0,10.80359
C:\myData\IMG\center_2025_06_02_16_41_52_025.jpg,C:\myData\IMG\left_2025_06_02_16_41_52_025.jpg,C:\myData\IMG\right_2025_06_02_16_41_52_025.jpg,-0.5000001,0,0,10.50138
C:\myData\IMG\center_2025_06_02_16_41_52_220.jpg,C:\myData\IMG\left_2025_06_02_16_41_52_220.jpg,C:\myData\IMG\right_2025_06_02_16_41_52_220.jpg,0,0,0,10.26003
C:\myData\IMG\center_2025_06_02_16_41_52_413.jpg,C:\myData\IMG\left_2025_06_02_16_41_52_413.jpg,C:\myData\IMG\right_2025_06_02_16_41_52_413.jpg,0,0,0,10.07528
C:\myData\IMG\center_2025_06_02_16_41_52_620.jpg,C:\myData\IMG\left_2025_06_02_16_41_52_620.jpg,C:\myData\IMG\right_2025_06_02_16_41_52_620.jpg,0,0,0,9.854096
C:\myData\IMG\center_2025_06_02_16_41_52_819.jpg,C:\myData\IMG\left_2025_06_02_16_41_52_819.jpg,C:\myData\IMG\right_2025_06_02_16_41_52_819.jpg,0,0,0,9.657124
C:\myData\IMG\center_2025_06_02_16_41_53_009.jpg,C:\myData\IMG\left_2025_06_02_16_41_53_009.jpg,C:\myData\IMG\right_2025_06_02_16_41_53_009.jpg,0,0,0,9.483361
C:\myData\IMG\center_2025_06_02_16_41_53_201.jpg,C:\myData\IMG\left_2025_06_02_16_41_53_201.jpg,C:\myData\IMG\right_2025_06_02_16_41_53_201.jpg,0,0,0,9.293963
C:\myData\IMG\center_2025_06_02_16_41_53_371.jpg,C:\myData\IMG\left_2025_06_02_16_41_53_371.jpg,C:\myData\IMG\right_2025_06_02_16_41_53_371.jpg,0,0,0,9.145172
C:\myData\IMG\center_2025_06_02_16_41_53_575.jpg,C:\myData\IMG\left_2025_06_02_16_41_53_575.jpg,C:\myData\IMG\right_2025_06_02_16_41_53_575.jpg,0,0,0,8.944467
C:\myData\IMG\center_2025_06_02_16_41_53_772.jpg,C:\myData\IMG\left_2025_06_02_16_41_53_772.jpg,C:\myData\IMG\right_2025_06_02_16_41_53_772.jpg,0,0,0,8.783539
C:\myData\IMG\center_2025_06_02_16_41_53_965.jpg,C:\myData\IMG\left_2025_06_02_16_41_53_965.jpg,C:\myData\IMG\right_2025_06_02_16_41_53_965.jpg,0,0,0,8.608128
C:\myData\IMG\center_2025_06_02_16_41_54_169.jpg,C:\myData\IMG\left_2025_06_02_16_41_54_169.jpg,C:\myData\IMG\right_2025_06_02_16_41_54_169.jpg,-0.5000001,0,0,8.366701
C:\myData\IMG\center_2025_06_02_16_41_54_364.jpg,C:\myData\IMG\left_2025_06_02_16_41_54_364.jpg,C:\myData\IMG\right_2025_06_02_16_41_54_364.jpg,-1,0,0,7.999568
C:\myData\IMG\center_2025_06_02_16_41_54_760.jpg,C:\myData\IMG\left_2025_06_02_16_41_54_760.jpg,C:\myData\IMG\right_2025_06_02_16_41_54_760.jpg,0,0,0,7.575212
C:\myData\IMG\center_2025_06_02_16_41_55_004.jpg,C:\myData\IMG\left_2025_06_02_16_41_55_004.jpg,C:\myData\IMG\right_2025_06_02_16_41_55_004.jpg,0,0,0,7.394042
C:\myData\IMG\center_2025_06_02_16_41_55_191.jpg,C:\myData\IMG\left_2025_06_02_16_41_55_191.jpg,C:\myData\IMG\right_2025_06_02_16_41_55_191.jpg,-0.45,0,0,7.212134
C:\myData\IMG\center_2025_06_02_16_41_55_377.jpg,C:\myData\IMG\left_2025_06_02_16_41_55_377.jpg,C:\myData\IMG\right_2025_06_02_16_41_55_377.jpg,0,0,0,7.046888
C:\myData\IMG\center_2025_06_02_16_41_55_591.jpg,C:\myData\IMG\left_2025_06_02_16_41_55_591.jpg,C:\myData\IMG\right_2025_06_02_16_41_55_591.jpg,0,0,0,6.906141
C:\myData\IMG\center_2025_06_02_16_41_55_783.jpg,C:\myData\IMG\left_2025_06_02_16_41_55_783.jpg,C:\myData\IMG\right_2025_06_02_16_41_55_783.jpg,-0.5000001,0,0,6.712469
C:\myData\IMG\center_2025_06_02_16_41_55_981.jpg,C:\myData\IMG\left_2025_06_02_16_41_55_981.jpg,C:\myData\IMG\right_2025_06_02_16_41_55_981.jpg,-1,0,0,6.420145
C:\myData\IMG\center_2025_06_02_16_41_56_172.jpg,C:\myData\IMG\left_2025_06_02_16_41_56_172.jpg,C:\myData\IMG\right_2025_06_02_16_41_56_172.jpg,0,0,0,6.16767
C:\myData\IMG\center_2025_06_02_16_41_56_369.jpg,C:\myData\IMG\left_2025_06_02_16_41_56_369.jpg,C:\myData\IMG\right_2025_06_02_16_41_56_369.jpg,0,0,0,6.044329
C:\myData\IMG\center_2025_06_02_16_41_56_540.jpg,C:\myData\IMG\left_2025_06_02_16_41_56_540.jpg,C:\myData\IMG\right_2025_06_02_16_41_56_540.jpg,0,0,0,5.93559
C:\myData\IMG\center_2025_06_02_16_41_56_754.jpg,C:\myData\IMG\left_2025_06_02_16_41_56_754.jpg,C:\myData\IMG\right_2025_06_02_16_41_56_754.jpg,-0.5000001,0,0,5.769169
C:\myData\IMG\center_2025_06_02_16_41_56_932.jpg,C:\myData\IMG\left_2025_06_02_16_41_56_932.jpg,C:\myData\IMG\right_2025_06_02_16_41_56_932.jpg,-0.9500002,0,0,5.542269
C:\myData\IMG\center_2025_06_02_16_41_57_118.jpg,C:\myData\IMG\left_2025_06_02_16_41_57_118.jpg,C:\myData\IMG\right_2025_06_02_16_41_57_118.jpg,0,0,0,5.320476
C:\myData\IMG\center_2025_06_02_16_41_57_307.jpg,C:\myData\IMG\left_2025_06_02_16_41_57_307.jpg,C:\myData\IMG\right_2025_06_02_16_41_57_307.jpg,0,0,0,5.222586
C:\myData\IMG\center_2025_06_02_16_41_57_506.jpg,C:\myData\IMG\left_2025_06_02_16_41_57_506.jpg,C:\myData\IMG\right_2025_06_02_16_41_57_506.jpg,0,0,0,5.115474
C:\myData\IMG\center_2025_06_02_16_41_57_681.jpg,C:\myData\IMG\left_2025_06_02_16_41_57_681.jpg,C:\myData\IMG\right_2025_06_02_16_41_57_681.jpg,0,0.5260899,0,6.138373
C:\myData\IMG\center_2025_06_02_16_41_57_888.jpg,C:\myData\IMG\left_2025_06_02_16_41_57_888.jpg,C:\myData\IMG\right_2025_06_02_16_41_57_888.jpg,0,1,0,8.387076
C:\myData\IMG\center_2025_06_02_16_41_58_086.jpg,C:\myData\IMG\left_2025_06_02_16_41_58_086.jpg,C:\myData\IMG\right_2025_06_02_16_41_58_086.jpg,0,1,0,10.62093
C:\myData\IMG\center_2025_06_02_16_41_58_286.jpg,C:\myData\IMG\left_2025_06_02_16_41_58_286.jpg,C:\myData\IMG\right_2025_06_02_16_41_58_286.jpg,0,1,0,12.77399
C:\myData\IMG\center_2025_06_02_16_41_58_583.jpg,C:\myData\IMG\left_2025_06_02_16_41_58_583.jpg,C:\myData\IMG\right_2025_06_02_16_41_58_583.jpg,0,1,0,14.55051
C:\myData\IMG\center_2025_06_02_16_41_58_782.jpg,C:\myData\IMG\left_2025_06_02_16_41_58_782.jpg,C:\myData\IMG\right_2025_06_02_16_41_58_782.jpg,0,1,0,16.75513
C:\myData\IMG\center_2025_06_02_16_41_58_837.jpg,C:\myData\IMG\left_2025_06_02_16_41_58_837.jpg,C:\myData\IMG\right_2025_06_02_16_41_58_837.jpg,-0.5000001,1,0,18.66014
C:\myData\IMG\center_2025_06_02_16_41_59_040.jpg,C:\myData\IMG\left_2025_06_02_16_41_59_040.jpg,C:\myData\IMG\right_2025_06_02_16_41_59_040.jpg,0,1,0,20.62952
C:\myData\IMG\center_2025_06_02_16_41_59_241.jpg,C:\myData\IMG\left_2025_06_02_16_41_59_241.jpg,C:\myData\IMG\right_2025_06_02_16_41_59_241.jpg,0,1,0,22.59079
C:\myData\IMG\center_2025_06_02_16_41_59_450.jpg,C:\myData\IMG\left_2025_06_02_16_41_59_450.jpg,C:\myData\IMG\right_2025_06_02_16_41_59_450.jpg,0,1,0,24.52893
C:\myData\IMG\center_2025_06_02_16_41_59_621.jpg,C:\myData\IMG\left_2025_06_02_16_41_59_621.jpg,C:\myData\IMG\right_2025_06_02_16_41_59_621.jpg,0,1,0,26.2529
C:\myData\IMG\center_2025_06_02_16_41_59_803.jpg,C:\myData\IMG\left_2025_06_02_16_41_59_803.jpg,C:\myData\IMG\right_2025_06_02_16_41_59_803.jpg,0,0.4412014,0,26.82949
C:\myData\IMG\center_2025_06_02_16_42_00_008.jpg,C:\myData\IMG\left_2025_06_02_16_42_00_008.jpg,C:\myData\IMG\right_2025_06_02_16_42_00_008.jpg,0,0,0,26.36352
C:\myData\IMG\center_2025_06_02_16_42_00_212.jpg,C:\myData\IMG\left_2025_06_02_16_42_00_212.jpg,C:\myData\IMG\right_2025_06_02_16_42_00_212.jpg,-0.5000001,0,0,25.65883
C:\myData\IMG\center_2025_06_02_16_42_00_422.jpg,C:\myData\IMG\left_2025_06_02_16_42_00_422.jpg,C:\myData\IMG\right_2025_06_02_16_42_00_422.jpg,-1,0,0,24.36356
C:\myData\IMG\center_2025_06_02_16_42_00_600.jpg,C:\myData\IMG\left_2025_06_02_16_42_00_600.jpg,C:\myData\IMG\right_2025_06_02_16_42_00_600.jpg,0,0,0,23.78585
C:\myData\IMG\center_2025_06_02_16_42_00_886.jpg,C:\myData\IMG\left_2025_06_02_16_42_00_886.jpg,C:\myData\IMG\right_2025_06_02_16_42_00_886.jpg,0,0,0,23.12883
C:\myData\IMG\center_2025_06_02_16_42_01_098.jpg,C:\myData\IMG\left_2025_06_02_16_42_01_098.jpg,C:\myData\IMG\right_2025_06_02_16_42_01_098.jpg,0,0,0,22.47057
C:\myData\IMG\center_2025_06_02_16_42_01_342.jpg,C:\myData\IMG\left_2025_06_02_16_42_01_342.jpg,C:\myData\IMG\right_2025_06_02_16_42_01_342.jpg,0,0,0,21.90953
C:\myData\IMG\center_2025_06_02_16_42_01_580.jpg,C:\myData\IMG\left_2025_06_02_16_42_01_580.jpg,C:\myData\IMG\right_2025_06_02_16_42_01_580.jpg,0,0,0,21.52466
C:\myData\IMG\center_2025_06_02_16_42_01_963.jpg,C:\myData\IMG\left_2025_06_02_16_42_01_963.jpg,C:\myData\IMG\right_2025_06_02_16_42_01_963.jpg,0.5500001,0,0,20.66552
C:\myData\IMG\center_2025_06_02_16_42_02_022.jpg,C:\myData\IMG\left_2025_06_02_16_42_02_022.jpg,C:\myData\IMG\right_2025_06_02_16_42_02_022.jpg,0,0,0,20.3626
C:\myData\IMG\center_2025_06_02_16_42_02_228.jpg,C:\myData\IMG\left_2025_06_02_16_42_02_228.jpg,C:\myData\IMG\right_2025_06_02_16_42_02_228.jpg,0,0,0,19.64983
C:\myData\IMG\center_2025_06_02_16_42_02_420.jpg,C:\myData\IMG\left_2025_06_02_16_42_02_420.jpg,C:\myData\IMG\right_2025_06_02_16_42_02_420.jpg,0,0,0,19.20933
C:\myData\IMG\center_2025_06_02_16_42_02_654.jpg,C:\myData\IMG\left_2025_06_02_16_42_02_654.jpg,C:\myData\IMG\right_2025_06_02_16_42_02_654.jpg,0,0,0,19.2214
C:\myData\IMG\center_2025_06_02_16_42_02_870.jpg,C:\myData\IMG\left_2025_06_02_16_42_02_870.jpg,C:\myData\IMG\right_2025_06_02_16_42_02_870.jpg,-0.5500001,0,0,18.18328
C:\myData\IMG\center_2025_06_02_16_42_03_183.jpg,C:\myData\IMG\left_2025_06_02_16_42_03_183.jpg,C:\myData\IMG\right_2025_06_02_16_42_03_183.jpg,0,0,0,18.20349
C:\myData\IMG\center_2025_06_02_16_42_03_294.jpg,C:\myData\IMG\left_2025_06_02_16_42_03_294.jpg,C:\myData\IMG\right_2025_06_02_16_42_03_294.jpg,0,0,0,17.85212
C:\myData\IMG\center_2025_06_02_16_42_03_511.jpg,C:\myData\IMG\left_2025_06_02_16_42_03_511.jpg,C:\myData\IMG\right_2025_06_02_16_42_03_511.jpg,0,0,0,16.94254
C:\myData\IMG\center_2025_06_02_16_42_03_716.jpg,C:\myData\IMG\left_2025_06_02_16_42_03_716.jpg,C:\myData\IMG\right_2025_06_02_16_42_03_716.jpg,0,0,0,16.60048
C:\myData\IMG\center_2025_06_02_16_42_04_040.jpg,C:\myData\IMG\left_2025_06_02_16_42_04_040.jpg,C:\myData\IMG\right_2025_06_02_16_42_04_040.jpg,0,0,0,16.2049
C:\myData\IMG\center_2025_06_02_16_42_04_260.jpg,C:\myData\IMG\left_2025_06_02_16_42_04_260.jpg,C:\myData\IMG\right_2025_06_02_16_42_04_260.jpg,0,0,0,15.89239
C:\myData\IMG\center_2025_06_02_16_42_04_471.jpg,C:\myData\IMG\left_2025_06_02_16_42_04_471.jpg,C:\myData\IMG\right_2025_06_02_16_42_04_471.jpg,0,0,0,15.52847
C:\myData\IMG\center_2025_06_02_16_42_04_673.jpg,C:\myData\IMG\left_2025_06_02_16_42_04_673.jpg,C:\myData\IMG\right_2025_06_02_16_42_04_673.jpg,0,0,0,15.79343
C:\myData\IMG\center_2025_06_02_16_42_04_890.jpg,C:\myData\IMG\left_2025_06_02_16_42_04_890.jpg,C:\myData\IMG\right_2025_06_02_16_42_04_890.jpg,0,0,0,14.93691
C:\myData\IMG\center_2025_06_02_16_42_05_120.jpg,C:\myData\IMG\left_2025_06_02_16_42_05_120.jpg,C:\myData\IMG\right_2025_06_02_16_42_05_120.jpg,-0.5500001,0,0,14.97768
C:\myData\IMG\center_2025_06_02_16_42_05_316.jpg,C:\myData\IMG\left_2025_06_02_16_42_05_316.jpg,C:\myData\IMG\right_2025_06_02_16_42_05_316.jpg,0,0,0,14.64344
C:\myData\IMG\center_2025_06_02_16_42_05_530.jpg,C:\myData\IMG\left_2025_06_02_16_42_05_530.jpg,C:\myData\IMG\right_2025_06_02_16_42_05_530.jpg,0,0,0,13.85425
C:\myData\IMG\center_2025_06_02_16_42_05_732.jpg,C:\myData\IMG\left_2025_06_02_16_42_05_732.jpg,C:\myData\IMG\right_2025_06_02_16_42_05_732.jpg,0,0,0,14.00961
C:\myData\IMG\center_2025_06_02_16_42_05_938.jpg,C:\myData\IMG\left_2025_06_02_16_42_05_938.jpg,C:\myData\IMG\right_2025_06_02_16_42_05_938.jpg,0,0,0,13.74241
C:\myData\IMG\center_2025_06_02_16_42_06_159.jpg,C:\myData\IMG\left_2025_06_02_16_42_06_159.jpg,C:\myData\IMG\right_2025_06_02_16_42_06_159.jpg,0,0,0,12.84206
C:\myData\IMG\center_2025_06_02_16_42_06_422.jpg,C:\myData\IMG\left_2025_06_02_16_42_06_422.jpg,C:\myData\IMG\right_2025_06_02_16_42_06_422.jpg,-0.5000001,0,0,12.49729
C:\myData\IMG\center_2025_06_02_16_42_06_586.jpg,C:\myData\IMG\left_2025_06_02_16_42_06_586.jpg,C:\myData\IMG\right_2025_06_02_16_42_06_586.jpg,0,0,0,12.75238
C:\myData\IMG\center_2025_06_02_16_42_06_798.jpg,C:\myData\IMG\left_2025_06_02_16_42_06_798.jpg,C:\myData\IMG\right_2025_06_02_16_42_06_798.jpg,0,0,0,11.97964
C:\myData\IMG\center_2025_06_02_16_42_07_014.jpg,C:\myData\IMG\left_2025_06_02_16_42_07_014.jpg,C:\myData\IMG\right_2025_06_02_16_42_07_014.jpg,0,0,0,11.64016
C:\myData\IMG\center_2025_06_02_16_42_07_240.jpg,C:\myData\IMG\left_2025_06_02_16_42_07_240.jpg,C:\myData\IMG\right_2025_06_02_16_42_07_240.jpg,-0.6000001,0,0,11.22406
C:\myData\IMG\center_2025_06_02_16_42_07_450.jpg,C:\myData\IMG\left_2025_06_02_16_42_07_450.jpg,C:\myData\IMG\right_2025_06_02_16_42_07_450.jpg,0,0,0,11.42978
C:\myData\IMG\center_2025_06_02_16_42_07_667.jpg,C:\myData\IMG\left_2025_06_02_16_42_07_667.jpg,C:\myData\IMG\right_2025_06_02_16_42_07_667.jpg,0,0,0,11.06141
C:\myData\IMG\center_2025_06_02_16_42_07_792.jpg,C:\myData\IMG\left_2025_06_02_16_42_07_792.jpg,C:\myData\IMG\right_2025_06_02_16_42_07_792.jpg,-0.5500001,0,0,10.71179
C:\myData\IMG\center_2025_06_02_16_42_08_010.jpg,C:\myData\IMG\left_2025_06_02_16_42_08_010.jpg,C:\myData\IMG\right_2025_06_02_16_42_08_010.jpg,0,0,0,10.43581
C:\myData\IMG\center_2025_06_02_16_42_08_231.jpg,C:\myData\IMG\left_2025_06_02_16_42_08_231.jpg,C:\myData\IMG\right_2025_06_02_16_42_08_231.jpg,0,0,0,10.20664
C:\myData\IMG\center_2025_06_02_16_42_08_461.jpg,C:\myData\IMG\left_2025_06_02_16_42_08_461.jpg,C:\myData\IMG\right_2025_06_02_16_42_08_461.jpg,0,0,0,9.9625
C:\myData\IMG\center_2025_06_02_16_42_08_676.jpg,C:\myData\IMG\left_2025_06_02_16_42_08_676.jpg,C:\myData\IMG\right_2025_06_02_16_42_08_676.jpg,-0.5000001,0,0,9.683369
C:\myData\IMG\center_2025_06_02_16_42_08_889.jpg,C:\myData\IMG\left_2025_06_02_16_42_08_889.jpg,C:\myData\IMG\right_2025_06_02_16_42_08_889.jpg,0,0,0,9.439864
C:\myData\IMG\center_2025_06_02_16_42_09_100.jpg,C:\myData\IMG\left_2025_06_02_16_42_09_100.jpg,C:\myData\IMG\right_2025_06_02_16_42_09_100.jpg,0,0,0,9.232611
C:\myData\IMG\center_2025_06_02_16_42_09_321.jpg,C:\myData\IMG\left_2025_06_02_16_42_09_321.jpg,C:\myData\IMG\right_2025_06_02_16_42_09_321.jpg,0,0,0,9.029971
C:\myData\IMG\center_2025_06_02_16_42_09_552.jpg,C:\myData\IMG\left_2025_06_02_16_42_09_552.jpg,C:\myData\IMG\right_2025_06_02_16_42_09_552.jpg,0,0,0,8.831787
C:\myData\IMG\center_2025_06_02_16_42_09_764.jpg,C:\myData\IMG\left_2025_06_02_16_42_09_764.jpg,C:\myData\IMG\right_2025_06_02_16_42_09_764.jpg,-0.5500001,0,0,8.551826
C:\myData\IMG\center_2025_06_02_16_42_09_994.jpg,C:\myData\IMG\left_2025_06_02_16_42_09_994.jpg,C:\myData\IMG\right_2025_06_02_16_42_09_994.jpg,-1,0,0,8.137797
C:\myData\IMG\center_2025_06_02_16_42_10_208.jpg,C:\myData\IMG\left_2025_06_02_16_42_10_208.jpg,C:\myData\IMG\right_2025_06_02_16_42_10_208.jpg,0,0,0,7.777382
C:\myData\IMG\center_2025_06_02_16_42_10_431.jpg,C:\myData\IMG\left_2025_06_02_16_42_10_431.jpg,C:\myData\IMG\right_2025_06_02_16_42_10_431.jpg,0,0,0,7.60638
C:\myData\IMG\center_2025_06_02_16_42_10_642.jpg,C:\myData\IMG\left_2025_06_02_16_42_10_642.jpg,C:\myData\IMG\right_2025_06_02_16_42_10_642.jpg,0,0,0,7.439452
C:\myData\IMG\center_2025_06_02_16_42_10_863.jpg,C:\myData\IMG\left_2025_06_02_16_42_10_863.jpg,C:\myData\IMG\right_2025_06_02_16_42_10_863.jpg,0,0,0,7.276184
C:\myData\IMG\center_2025_06_02_16_42_11_086.jpg,C:\myData\IMG\left_2025_06_02_16_42_11_086.jpg,C:\myData\IMG\right_2025_06_02_16_42_11_086.jpg,0,0,0,7.116497
C:\myData\IMG\center_2025_06_02_16_42_11_299.jpg,C:\myData\IMG\left_2025_06_02_16_42_11_299.jpg,C:\myData\IMG\right_2025_06_02_16_42_11_299.jpg,-0.5500001,0,0,6.891079
C:\myData\IMG\center_2025_06_02_16_42_11_513.jpg,C:\myData\IMG\left_2025_06_02_16_42_11_513.jpg,C:\myData\IMG\right_2025_06_02_16_42_11_513.jpg,-1,0,0,6.585811
C:\myData\IMG\center_2025_06_02_16_42_11_743.jpg,C:\myData\IMG\left_2025_06_02_16_42_11_743.jpg,C:\myData\IMG\right_2025_06_02_16_42_11_743.jpg,0,0,0,6.278356
C:\myData\IMG\center_2025_06_02_16_42_11_954.jpg,C:\myData\IMG\left_2025_06_02_16_42_11_954.jpg,C:\myData\IMG\right_2025_06_02_16_42_11_954.jpg,0,0,0,6.152946
C:\myData\IMG\center_2025_06_02_16_42_12_173.jpg,C:\myData\IMG\left_2025_06_02_16_42_12_173.jpg,C:\myData\IMG\right_2025_06_02_16_42_12_173.jpg,0,0.6500115,0,7.703596
C:\myData\IMG\center_2025_06_02_16_42_12_386.jpg,C:\myData\IMG\left_2025_06_02_16_42_12_386.jpg,C:\myData\IMG\right_2025_06_02_16_42_12_386.jpg,0,1,0,10.15109
C:\myData\IMG\center_2025_06_02_16_42_12_596.jpg,C:\myData\IMG\left_2025_06_02_16_42_12_596.jpg,C:\myData\IMG\right_2025_06_02_16_42_12_596.jpg,0,1,0,12.39111
C:\myData\IMG\center_2025_06_02_16_42_12_821.jpg,C:\myData\IMG\left_2025_06_02_16_42_12_821.jpg,C:\myData\IMG\right_2025_06_02_16_42_12_821.jpg,0,1,0,15.03671
C:\myData\IMG\center_2025_06_02_16_42_13_133.jpg,C:\myData\IMG\left_2025_06_02_16_42_13_133.jpg,C:\myData\IMG\right_2025_06_02_16_42_13_133.jpg,0,1,0,17.13717
C:\myData\IMG\center_2025_06_02_16_42_13_252.jpg,C:\myData\IMG\left_2025_06_02_16_42_13_252.jpg,C:\myData\IMG\right_2025_06_02_16_42_13_252.jpg,0,1,0,19.24661
C:\myData\IMG\center_2025_06_02_16_42_13_465.jpg,C:\myData\IMG\left_2025_06_02_16_42_13_465.jpg,C:\myData\IMG\right_2025_06_02_16_42_13_465.jpg,0,1,0,21.56872
C:\myData\IMG\center_2025_06_02_16_42_13_684.jpg,C:\myData\IMG\left_2025_06_02_16_42_13_684.jpg,C:\myData\IMG\right_2025_06_02_16_42_13_684.jpg,0,0.3460519,0,22.09255
C:\myData\IMG\center_2025_06_02_16_42_13_911.jpg,C:\myData\IMG\left_2025_06_02_16_42_13_911.jpg,C:\myData\IMG\right_2025_06_02_16_42_13_911.jpg,0,0,0,21.63132
C:\myData\IMG\center_2025_06_02_16_42_14_142.jpg,C:\myData\IMG\left_2025_06_02_16_42_14_142.jpg,C:\myData\IMG\right_2025_06_02_16_42_14_142.jpg,-0.6000001,0,0,20.88132
C:\myData\IMG\center_2025_06_02_16_42_14_372.jpg,C:\myData\IMG\left_2025_06_02_16_42_14_372.jpg,C:\myData\IMG\right_2025_06_02_16_42_14_372.jpg,0,0,0,20.38045
C:\myData\IMG\center_2025_06_02_16_42_14_549.jpg,C:\myData\IMG\left_2025_06_02_16_42_14_549.jpg,C:\myData\IMG\right_2025_06_02_16_42_14_549.jpg,0,0,0,19.90605
C:\myData\IMG\center_2025_06_02_16_42_14_766.jpg,C:\myData\IMG\left_2025_06_02_16_42_14_766.jpg,C:\myData\IMG\right_2025_06_02_16_42_14_766.jpg,0,0,0,19.70101
C:\myData\IMG\center_2025_06_02_16_42_14_979.jpg,C:\myData\IMG\left_2025_06_02_16_42_14_979.jpg,C:\myData\IMG\right_2025_06_02_16_42_14_979.jpg,0,0,0,18.89686
C:\myData\IMG\center_2025_06_02_16_42_15_203.jpg,C:\myData\IMG\left_2025_06_02_16_42_15_203.jpg,C:\myData\IMG\right_2025_06_02_16_42_15_203.jpg,0,0,0,18.91015
C:\myData\IMG\center_2025_06_02_16_42_15_405.jpg,C:\myData\IMG\left_2025_06_02_16_42_15_405.jpg,C:\myData\IMG\right_2025_06_02_16_42_15_405.jpg,0,0,0,18.54015
C:\myData\IMG\center_2025_06_02_16_42_15_608.jpg,C:\myData\IMG\left_2025_06_02_16_42_15_608.jpg,C:\myData\IMG\right_2025_06_02_16_42_15_608.jpg,0,0,0,18.17663
C:\myData\IMG\center_2025_06_02_16_42_15_842.jpg,C:\myData\IMG\left_2025_06_02_16_42_15_842.jpg,C:\myData\IMG\right_2025_06_02_16_42_15_842.jpg,0,0,0,17.75013
C:\myData\IMG\center_2025_06_02_16_42_16_054.jpg,C:\myData\IMG\left_2025_06_02_16_42_16_054.jpg,C:\myData\IMG\right_2025_06_02_16_42_16_054.jpg,0,0,0,17.40206
C:\myData\IMG\center_2025_06_02_16_42_16_244.jpg,C:\myData\IMG\left_2025_06_02_16_42_16_244.jpg,C:\myData\IMG\right_2025_06_02_16_42_16_244.jpg,0,0,0,17.06091
C:\myData\IMG\center_2025_06_02_16_42_16_443.jpg,C:\myData\IMG\left_2025_06_02_16_42_16_443.jpg,C:\myData\IMG\right_2025_06_02_16_42_16_443.jpg,0,0,0,16.72744
C:\myData\IMG\center_2025_06_02_16_42_16_740.jpg,C:\myData\IMG\left_2025_06_02_16_42_16_740.jpg,C:\myData\IMG\right_2025_06_02_16_42_16_740.jpg,0,0,0,16.40391
C:\myData\IMG\center_2025_06_02_16_42_16_947.jpg,C:\myData\IMG\left_2025_06_02_16_42_16_947.jpg,C:\myData\IMG\right_2025_06_02_16_42_16_947.jpg,0,0,0,15.53006
C:\myData\IMG\center_2025_06_02_16_42_17_161.jpg,C:\myData\IMG\left_2025_06_02_16_42_17_161.jpg,C:\myData\IMG\right_2025_06_02_16_42_17_161.jpg,0,0,0,15.23074
C:\myData\IMG\center_2025_06_02_16_42_17_383.jpg,C:\myData\IMG\left_2025_06_02_16_42_17_383.jpg,C:\myData\IMG\right_2025_06_02_16_42_17_383.jpg,0,0,0,14.8682
C:\myData\IMG\center_2025_06_02_16_42_17_589.jpg,C:\myData\IMG\left_2025_06_02_16_42_17_589.jpg,C:\myData\IMG\right_2025_06_02_16_42_17_589.jpg,0,0,0,14.56892
C:\myData\IMG\center_2025_06_02_16_42_17_797.jpg,C:\myData\IMG\left_2025_06_02_16_42_17_797.jpg,C:\myData\IMG\right_2025_06_02_16_42_17_797.jpg,0,0,0,14.29056
C:\myData\IMG\center_2025_06_02_16_42_18_063.jpg,C:\myData\IMG\left_2025_06_02_16_42_18_063.jpg,C:\myData\IMG\right_2025_06_02_16_42_18_063.jpg,0,0,0,14.47579
C:\myData\IMG\center_2025_06_02_16_42_18_328.jpg,C:\myData\IMG\left_2025_06_02_16_42_18_328.jpg,C:\myData\IMG\right_2025_06_02_16_42_18_328.jpg,-0.6000001,0,0,13.94493
C:\myData\IMG\center_2025_06_02_16_42_18_553.jpg,C:\myData\IMG\left_2025_06_02_16_42_18_553.jpg,C:\myData\IMG\right_2025_06_02_16_42_18_553.jpg,0,0,0,12.99445
C:\myData\IMG\center_2025_06_02_16_42_18_692.jpg,C:\myData\IMG\left_2025_06_02_16_42_18_692.jpg,C:\myData\IMG\right_2025_06_02_16_42_18_692.jpg,0,0,0,13.25165
C:\myData\IMG\center_2025_06_02_16_42_18_890.jpg,C:\myData\IMG\left_2025_06_02_16_42_18_890.jpg,C:\myData\IMG\right_2025_06_02_16_42_18_890.jpg,0,0,0,12.98376
C:\myData\IMG\center_2025_06_02_16_42_19_098.jpg,C:\myData\IMG\left_2025_06_02_16_42_19_098.jpg,C:\myData\IMG\right_2025_06_02_16_42_19_098.jpg,0,0,0,12.14043
C:\myData\IMG\center_2025_06_02_16_42_19_293.jpg,C:\myData\IMG\left_2025_06_02_16_42_19_293.jpg,C:\myData\IMG\right_2025_06_02_16_42_19_293.jpg,0,0,0,11.8859
C:\myData\IMG\center_2025_06_02_16_42_19_517.jpg,C:\myData\IMG\left_2025_06_02_16_42_19_517.jpg,C:\myData\IMG\right_2025_06_02_16_42_19_517.jpg,0,0,0,11.63584
C:\myData\IMG\center_2025_06_02_16_42_19_745.jpg,C:\myData\IMG\left_2025_06_02_16_42_19_745.jpg,C:\myData\IMG\right_2025_06_02_16_42_19_745.jpg,0,0.6959934,0,13.62554
C:\myData\IMG\center_2025_06_02_16_42_19_959.jpg,C:\myData\IMG\left_2025_06_02_16_42_19_959.jpg,C:\myData\IMG\right_2025_06_02_16_42_19_959.jpg,0,1,0,15.81402
C:\myData\IMG\center_2025_06_02_16_42_20_090.jpg,C:\myData\IMG\left_2025_06_02_16_42_20_090.jpg,C:\myData\IMG\right_2025_06_02_16_42_20_090.jpg,0,1,0,17.97864
C:\myData\IMG\center_2025_06_02_16_42_20_306.jpg,C:\myData\IMG\left_2025_06_02_16_42_20_306.jpg,C:\myData\IMG\right_2025_06_02_16_42_20_306.jpg,0,1,0,20.36531
C:\myData\IMG\center_2025_06_02_16_42_20_519.jpg,C:\myData\IMG\left_2025_06_02_16_42_20_519.jpg,C:\myData\IMG\right_2025_06_02_16_42_20_519.jpg,0,1,0,22.49794
C:\myData\IMG\center_2025_06_02_16_42_20_746.jpg,C:\myData\IMG\left_2025_06_02_16_42_20_746.jpg,C:\myData\IMG\right_2025_06_02_16_42_20_746.jpg,0,0.3144343,0,22.98172
C:\myData\IMG\center_2025_06_02_16_42_20_997.jpg,C:\myData\IMG\left_2025_06_02_16_42_20_997.jpg,C:\myData\IMG\right_2025_06_02_16_42_20_997.jpg,0,0,0,22.44201
C:\myData\IMG\center_2025_06_02_16_42_21_233.jpg,C:\myData\IMG\left_2025_06_02_16_42_21_233.jpg,C:\myData\IMG\right_2025_06_02_16_42_21_233.jpg,-0.6000001,0,0,21.66446
C:\myData\IMG\center_2025_06_02_16_42_21_444.jpg,C:\myData\IMG\left_2025_06_02_16_42_21_444.jpg,C:\myData\IMG\right_2025_06_02_16_42_21_444.jpg,0,0,0,21.13985
C:\myData\IMG\center_2025_06_02_16_42_21_640.jpg,C:\myData\IMG\left_2025_06_02_16_42_21_640.jpg,C:\myData\IMG\right_2025_06_02_16_42_21_640.jpg,0,0,0,20.7243
C:\myData\IMG\center_2025_06_02_16_42_21_869.jpg,C:\myData\IMG\left_2025_06_02_16_42_21_869.jpg,C:\myData\IMG\right_2025_06_02_16_42_21_869.jpg,0,0,0,20.16273
C:\myData\IMG\center_2025_06_02_16_42_22_089.jpg,C:\myData\IMG\left_2025_06_02_16_42_22_089.jpg,C:\myData\IMG\right_2025_06_02_16_42_22_089.jpg,0,0,0,19.95276
C:\myData\IMG\center_2025_06_02_16_42_22_313.jpg,C:\myData\IMG\left_2025_06_02_16_42_22_313.jpg,C:\myData\IMG\right_2025_06_02_16_42_22_313.jpg,0,0,0,19.15703
C:\myData\IMG\center_2025_06_02_16_42_22_532.jpg,C:\myData\IMG\left_2025_06_02_16_42_22_532.jpg,C:\myData\IMG\right_2025_06_02_16_42_22_532.jpg,0,0,0,19.14723
C:\myData\IMG\center_2025_06_02_16_42_22_751.jpg,C:\myData\IMG\left_2025_06_02_16_42_22_751.jpg,C:\myData\IMG\right_2025_06_02_16_42_22_751.jpg,0,0,0,18.24896
C:\myData\IMG\center_2025_06_02_16_42_22_972.jpg,C:\myData\IMG\left_2025_06_02_16_42_22_972.jpg,C:\myData\IMG\right_2025_06_02_16_42_22_972.jpg,0,0,0,18.33888
C:\myData\IMG\center_2025_06_02_16_42_23_203.jpg,C:\myData\IMG\left_2025_06_02_16_42_23_203.jpg,C:\myData\IMG\right_2025_06_02_16_42_23_203.jpg,0,0,0,17.90861
C:\myData\IMG\center_2025_06_02_16_42_23_429.jpg,C:\myData\IMG\left_2025_06_02_16_42_23_429.jpg,C:\myData\IMG\right_2025_06_02_16_42_23_429.jpg,0,0,0,16.98989
C:\myData\IMG\center_2025_06_02_16_42_23_656.jpg,C:\myData\IMG\left_2025_06_02_16_42_23_656.jpg,C:\myData\IMG\right_2025_06_02_16_42_23_656.jpg,0,0,0,17.14468
C:\myData\IMG\center_2025_06_02_16_42_23_881.jpg,C:\myData\IMG\left_2025_06_02_16_42_23_881.jpg,C:\myData\IMG\right_2025_06_02_16_42_23_881.jpg,0,0,0,16.74275
C:\myData\IMG\center_2025_06_02_16_42_24_209.jpg,C:\myData\IMG\left_2025_06_02_16_42_24_209.jpg,C:\myData\IMG\right_2025_06_02_16_42_24_209.jpg,0,0,0,16.41841
C:\myData\IMG\center_2025_06_02_16_42_24_428.jpg,C:\myData\IMG\left_2025_06_02_16_42_24_428.jpg,C:\myData\IMG\right_2025_06_02_16_42_24_428.jpg,0,0,0,16.04891
C:\myData\IMG\center_2025_06_02_16_42_24_656.jpg,C:\myData\IMG\left_2025_06_02_16_42_24_656.jpg,C:\myData\IMG\right_2025_06_02_16_42_24_656.jpg,0,0,0,15.67544
C:\myData\IMG\center_2025_06_02_16_42_24_880.jpg,C:\myData\IMG\left_2025_06_02_16_42_24_880.jpg,C:\myData\IMG\right_2025_06_02_16_42_24_880.jpg,0,0,0,14.82115
C:\myData\IMG\center_2025_06_02_16_42_25_111.jpg,C:\myData\IMG\left_2025_06_02_16_42_25_111.jpg,C:\myData\IMG\right_2025_06_02_16_42_25_111.jpg,-0.6000001,0,0,14.30497
C:\myData\IMG\center_2025_06_02_16_42_25_348.jpg,C:\myData\IMG\left_2025_06_02_16_42_25_348.jpg,C:\myData\IMG\right_2025_06_02_16_42_25_348.jpg,0,0,0,14.43866
C:\myData\IMG\center_2025_06_02_16_42_25_581.jpg,C:\myData\IMG\left_2025_06_02_16_42_25_581.jpg,C:\myData\IMG\right_2025_06_02_16_42_25_581.jpg,0,0,0,14.07536
C:\myData\IMG\center_2025_06_02_16_42_25_807.jpg,C:\myData\IMG\left_2025_06_02_16_42_25_807.jpg,C:\myData\IMG\right_2025_06_02_16_42_25_807.jpg,0,0,0,13.25781
C:\myData\IMG\center_2025_06_02_16_42_26_034.jpg,C:\myData\IMG\left_2025_06_02_16_42_26_034.jpg,C:\myData\IMG\right_2025_06_02_16_42_26_034.jpg,0,0,0,12.83741
C:\myData\IMG\center_2025_06_02_16_42_26_257.jpg,C:\myData\IMG\left_2025_06_02_16_42_26_257.jpg,C:\myData\IMG\right_2025_06_02_16_42_26_257.jpg,0,0,0,13.10108
C:\myData\IMG\center_2025_06_02_16_42_26_496.jpg,C:\myData\IMG\left_2025_06_02_16_42_26_496.jpg,C:\myData\IMG\right_2025_06_02_16_42_26_496.jpg,0,0,0,12.25382
C:\myData\IMG\center_2025_06_02_16_42_26_721.jpg,C:\myData\IMG\left_2025_06_02_16_42_26_721.jpg,C:\myData\IMG\right_2025_06_02_16_42_26_721.jpg,0,0,0,11.94538
C:\myData\IMG\center_2025_06_02_16_42_26_952.jpg,C:\myData\IMG\left_2025_06_02_16_42_26_952.jpg,C:\myData\IMG\right_2025_06_02_16_42_26_952.jpg,0,0,0,12.21753
C:\myData\IMG\center_2025_06_02_16_42_27_182.jpg,C:\myData\IMG\left_2025_06_02_16_42_27_182.jpg,C:\myData\IMG\right_2025_06_02_16_42_27_182.jpg,0,0,0,11.92312
C:\myData\IMG\center_2025_06_02_16_42_27_409.jpg,C:\myData\IMG\left_2025_06_02_16_42_27_409.jpg,C:\myData\IMG\right_2025_06_02_16_42_27_409.jpg,0,0,0,11.33787
C:\myData\IMG\center_2025_06_02_16_42_27_651.jpg,C:\myData\IMG\left_2025_06_02_16_42_27_651.jpg,C:\myData\IMG\right_2025_06_02_16_42_27_651.jpg,0,0,0,11.22035
C:\myData\IMG\center_2025_06_02_16_42_27_774.jpg,C:\myData\IMG\left_2025_06_02_16_42_27_774.jpg,C:\myData\IMG\right_2025_06_02_16_42_27_774.jpg,0,0,0,10.97639
C:\myData\IMG\center_2025_06_02_16_42_28_004.jpg,C:\myData\IMG\left_2025_06_02_16_42_28_004.jpg,C:\myData\IMG\right_2025_06_02_16_42_28_004.jpg,0,0,0,10.71455
C:\myData\IMG\center_2025_06_02_16_42_28_246.jpg,C:\myData\IMG\left_2025_06_02_16_42_28_246.jpg,C:\myData\IMG\right_2025_06_02_16_42_28_246.jpg,0,0,0,10.45914
C:\myData\IMG\center_2025_06_02_16_42_28_491.jpg,C:\myData\IMG\left_2025_06_02_16_42_28_491.jpg,C:\myData\IMG\right_2025_06_02_16_42_28_491.jpg,0,0,0,10.20973
C:\myData\IMG\center_2025_06_02_16_42_28_722.jpg,C:\myData\IMG\left_2025_06_02_16_42_28_722.jpg,C:\myData\IMG\right_2025_06_02_16_42_28_722.jpg,0,0,0,9.96595
C:\myData\IMG\center_2025_06_02_16_42_28_968.jpg,C:\myData\IMG\left_2025_06_02_16_42_28_968.jpg,C:\myData\IMG\right_2025_06_02_16_42_28_968.jpg,0,0,0,9.727811
C:\myData\IMG\center_2025_06_02_16_42_29_191.jpg,C:\myData\IMG\left_2025_06_02_16_42_29_191.jpg,C:\myData\IMG\right_2025_06_02_16_42_29_191.jpg,0,0,0,9.514464
C:\myData\IMG\center_2025_06_02_16_42_29_427.jpg,C:\myData\IMG\left_2025_06_02_16_42_29_427.jpg,C:\myData\IMG\right_2025_06_02_16_42_29_427.jpg,0,0,0,9.286872
C:\myData\IMG\center_2025_06_02_16_42_29_672.jpg,C:\myData\IMG\left_2025_06_02_16_42_29_672.jpg,C:\myData\IMG\right_2025_06_02_16_42_29_672.jpg,0,0.7376682,0,11.13653
C:\myData\IMG\center_2025_06_02_16_42_30_012.jpg,C:\myData\IMG\left_2025_06_02_16_42_30_012.jpg,C:\myData\IMG\right_2025_06_02_16_42_30_012.jpg,0,1,0,13.84527
C:\myData\IMG\center_2025_06_02_16_42_30_262.jpg,C:\myData\IMG\left_2025_06_02_16_42_30_262.jpg,C:\myData\IMG\right_2025_06_02_16_42_30_262.jpg,0,1,0,16.35671
C:\myData\IMG\center_2025_06_02_16_42_30_509.jpg,C:\myData\IMG\left_2025_06_02_16_42_30_509.jpg,C:\myData\IMG\right_2025_06_02_16_42_30_509.jpg,0,0.2898388,0,16.77016
C:\myData\IMG\center_2025_06_02_16_42_30_741.jpg,C:\myData\IMG\left_2025_06_02_16_42_30_741.jpg,C:\myData\IMG\right_2025_06_02_16_42_30_741.jpg,0,0,0,16.89898
C:\myData\IMG\center_2025_06_02_16_42_30_974.jpg,C:\myData\IMG\left_2025_06_02_16_42_30_974.jpg,C:\myData\IMG\right_2025_06_02_16_42_30_974.jpg,0,0,0,16.50352
C:\myData\IMG\center_2025_06_02_16_42_31_217.jpg,C:\myData\IMG\left_2025_06_02_16_42_31_217.jpg,C:\myData\IMG\right_2025_06_02_16_42_31_217.jpg,0,0,0,16.12938
C:\myData\IMG\center_2025_06_02_16_42_31_449.jpg,C:\myData\IMG\left_2025_06_02_16_42_31_449.jpg,C:\myData\IMG\right_2025_06_02_16_42_31_449.jpg,0,0,0,15.75686
C:\myData\IMG\center_2025_06_02_16_42_31_691.jpg,C:\myData\IMG\left_2025_06_02_16_42_31_691.jpg,C:\myData\IMG\right_2025_06_02_16_42_31_691.jpg,0,0,0,15.38796
C:\myData\IMG\center_2025_06_02_16_42_31_926.jpg,C:\myData\IMG\left_2025_06_02_16_42_31_926.jpg,C:\myData\IMG\right_2025_06_02_16_42_31_926.jpg,-0.6000001,0,0,14.84627
C:\myData\IMG\center_2025_06_02_16_42_32_173.jpg,C:\myData\IMG\left_2025_06_02_16_42_32_173.jpg,C:\myData\IMG\right_2025_06_02_16_42_32_173.jpg,0,0,0,14.43875
C:\myData\IMG\center_2025_06_02_16_42_32_406.jpg,C:\myData\IMG\left_2025_06_02_16_42_32_406.jpg,C:\myData\IMG\right_2025_06_02_16_42_32_406.jpg,0,0,0,14.10825
C:\myData\IMG\center_2025_06_02_16_42_32_643.jpg,C:\myData\IMG\left_2025_06_02_16_42_32_643.jpg,C:\myData\IMG\right_2025_06_02_16_42_32_643.jpg,0,0,0,13.22291
C:\myData\IMG\center_2025_06_02_16_42_32_869.jpg,C:\myData\IMG\left_2025_06_02_16_42_32_869.jpg,C:\myData\IMG\right_2025_06_02_16_42_32_869.jpg,0,0,0,12.92971
C:\myData\IMG\center_2025_06_02_16_42_33_104.jpg,C:\myData\IMG\left_2025_06_02_16_42_33_104.jpg,C:\myData\IMG\right_2025_06_02_16_42_33_104.jpg,0,0,0,13.14678
C:\myData\IMG\center_2025_06_02_16_42_33_348.jpg,C:\myData\IMG\left_2025_06_02_16_42_33_348.jpg,C:\myData\IMG\right_2025_06_02_16_42_33_348.jpg,0,0,0,12.25025
C:\myData\IMG\center_2025_06_02_16_42_33_576.jpg,C:\myData\IMG\left_2025_06_02_16_42_33_576.jpg,C:\myData\IMG\right_2025_06_02_16_42_33_576.jpg,-0.6000001,0,0,11.87115
C:\myData\IMG\center_2025_06_02_16_42_33_804.jpg,C:\myData\IMG\left_2025_06_02_16_42_33_804.jpg,C:\myData\IMG\right_2025_06_02_16_42_33_804.jpg,0,0,0,12.00188
C:\myData\IMG\center_2025_06_02_16_42_34_036.jpg,C:\myData\IMG\left_2025_06_02_16_42_34_036.jpg,C:\myData\IMG\right_2025_06_02_16_42_34_036.jpg,0,0,0,11.34041
C:\myData\IMG\center_2025_06_02_16_42_34_259.jpg,C:\myData\IMG\left_2025_06_02_16_42_34_259.jpg,C:\myData\IMG\right_2025_06_02_16_42_34_259.jpg,0,0,0,11.27984
C:\myData\IMG\center_2025_06_02_16_42_34_506.jpg,C:\myData\IMG\left_2025_06_02_16_42_34_506.jpg,C:\myData\IMG\right_2025_06_02_16_42_34_506.jpg,0,0,0,11.01622
C:\myData\IMG\center_2025_06_02_16_42_34_735.jpg,C:\myData\IMG\left_2025_06_02_16_42_34_735.jpg,C:\myData\IMG\right_2025_06_02_16_42_34_735.jpg,0,0.7003884,0,12.75953
C:\myData\IMG\center_2025_06_02_16_42_34_970.jpg,C:\myData\IMG\left_2025_06_02_16_42_34_970.jpg,C:\myData\IMG\right_2025_06_02_16_42_34_970.jpg,0,1,0,15.14391
C:\myData\IMG\center_2025_06_02_16_42_35_099.jpg,C:\myData\IMG\left_2025_06_02_16_42_35_099.jpg,C:\myData\IMG\right_2025_06_02_16_42_35_099.jpg,0,1,0,17.70403
C:\myData\IMG\center_2025_06_02_16_42_35_397.jpg,C:\myData\IMG\left_2025_06_02_16_42_35_397.jpg,C:\myData\IMG\right_2025_06_02_16_42_35_397.jpg,0,1,0,19.8226
C:\myData\IMG\center_2025_06_02_16_42_35_565.jpg,C:\myData\IMG\left_2025_06_02_16_42_35_565.jpg,C:\myData\IMG\right_2025_06_02_16_42_35_565.jpg,0,1,0,22.26911
C:\myData\IMG\center_2025_06_02_16_42_35_791.jpg,C:\myData\IMG\left_2025_06_02_16_42_35_791.jpg,C:\myData\IMG\right_2025_06_02_16_42_35_791.jpg,0,0.3193993,0,22.78215
C:\myData\IMG\center_2025_06_02_16_42_36_042.jpg,C:\myData\IMG\left_2025_06_02_16_42_36_042.jpg,C:\myData\IMG\right_2025_06_02_16_42_36_042.jpg,0,0,0,22.16902
C:\myData\IMG\center_2025_06_02_16_42_36_257.jpg,C:\myData\IMG\left_2025_06_02_16_42_36_257.jpg,C:\myData\IMG\right_2025_06_02_16_42_36_257.jpg,0,0,0,21.73045
C:\myData\IMG\center_2025_06_02_16_42_36_485.jpg,C:\myData\IMG\left_2025_06_02_16_42_36_485.jpg,C:\myData\IMG\right_2025_06_02_16_42_36_485.jpg,0,0,0,21.1288
C:\myData\IMG\center_2025_06_02_16_42_36_720.jpg,C:\myData\IMG\left_2025_06_02_16_42_36_720.jpg,C:\myData\IMG\right_2025_06_02_16_42_36_720.jpg,0,0,0,20.53911
C:\myData\IMG\center_2025_06_02_16_42_36_947.jpg,C:\myData\IMG\left_2025_06_02_16_42_36_947.jpg,C:\myData\IMG\right_2025_06_02_16_42_36_947.jpg,0,0,0,20.40022
C:\myData\IMG\center_2025_06_02_16_42_37_175.jpg,C:\myData\IMG\left_2025_06_02_16_42_37_175.jpg,C:\myData\IMG\right_2025_06_02_16_42_37_175.jpg,0,0,0,19.60994
C:\myData\IMG\center_2025_06_02_16_42_37_405.jpg,C:\myData\IMG\left_2025_06_02_16_42_37_405.jpg,C:\myData\IMG\right_2025_06_02_16_42_37_405.jpg,0,0,0,19.10285
C:\myData\IMG\center_2025_06_02_16_42_37_617.jpg,C:\myData\IMG\left_2025_06_02_16_42_37_617.jpg,C:\myData\IMG\right_2025_06_02_16_42_37_617.jpg,0,0,0,19.11428
C:\myData\IMG\center_2025_06_02_16_42_37_854.jpg,C:\myData\IMG\left_2025_06_02_16_42_37_854.jpg,C:\myData\IMG\right_2025_06_02_16_42_37_854.jpg,0,0,0,18.21294
C:\myData\IMG\center_2025_06_02_16_42_38_082.jpg,C:\myData\IMG\left_2025_06_02_16_42_38_082.jpg,C:\myData\IMG\right_2025_06_02_16_42_38_082.jpg,0,0.6878997,0,19.85466
C:\myData\IMG\center_2025_06_02_16_42_38_317.jpg,C:\myData\IMG\left_2025_06_02_16_42_38_317.jpg,C:\myData\IMG\right_2025_06_02_16_42_38_317.jpg,0,0,0,19.78566
C:\myData\IMG\center_2025_06_02_16_42_38_548.jpg,C:\myData\IMG\left_2025_06_02_16_42_38_548.jpg,C:\myData\IMG\right_2025_06_02_16_42_38_548.jpg,0,0,0,19.33252
C:\myData\IMG\center_2025_06_02_16_42_38_780.jpg,C:\myData\IMG\left_2025_06_02_16_42_38_780.jpg,C:\myData\IMG\right_2025_06_02_16_42_38_780.jpg,0,0,0,18.88587
C:\myData\IMG\center_2025_06_02_16_42_39_026.jpg,C:\myData\IMG\left_2025_06_02_16_42_39_026.jpg,C:\myData\IMG\right_2025_06_02_16_42_39_026.jpg,-0.6000001,0,0,18.21713
C:\myData\IMG\center_2025_06_02_16_42_39_249.jpg,C:\myData\IMG\left_2025_06_02_16_42_39_249.jpg,C:\myData\IMG\right_2025_06_02_16_42_39_249.jpg,0,0,0,17.28025
C:\myData\IMG\center_2025_06_02_16_42_39_589.jpg,C:\myData\IMG\left_2025_06_02_16_42_39_589.jpg,C:\myData\IMG\right_2025_06_02_16_42_39_589.jpg,0,0,0,16.84396
C:\myData\IMG\center_2025_06_02_16_42_39_711.jpg,C:\myData\IMG\left_2025_06_02_16_42_39_711.jpg,C:\myData\IMG\right_2025_06_02_16_42_39_711.jpg,0,0,0,17.00338
C:\myData\IMG\center_2025_06_02_16_42_40_039.jpg,C:\myData\IMG\left_2025_06_02_16_42_40_039.jpg,C:\myData\IMG\right_2025_06_02_16_42_40_039.jpg,0,0,0,16.08822
C:\myData\IMG\center_2025_06_02_16_42_40_255.jpg,C:\myData\IMG\left_2025_06_02_16_42_40_255.jpg,C:\myData\IMG\right_2025_06_02_16_42_40_255.jpg,0,0,0,15.70564
C:\myData\IMG\center_2025_06_02_16_42_40_467.jpg,C:\myData\IMG\left_2025_06_02_16_42_40_467.jpg,C:\myData\IMG\right_2025_06_02_16_42_40_467.jpg,0,0,0,15.41629
C:\myData\IMG\center_2025_06_02_16_42_40_678.jpg,C:\myData\IMG\left_2025_06_02_16_42_40_678.jpg,C:\myData\IMG\right_2025_06_02_16_42_40_678.jpg,0,0,0,15.60147
C:\myData\IMG\center_2025_06_02_16_42_40_886.jpg,C:\myData\IMG\left_2025_06_02_16_42_40_886.jpg,C:\myData\IMG\right_2025_06_02_16_42_40_886.jpg,0,0,0,14.74804
C:\myData\IMG\center_2025_06_02_16_42_41_107.jpg,C:\myData\IMG\left_2025_06_02_16_42_41_107.jpg,C:\myData\IMG\right_2025_06_02_16_42_41_107.jpg,0,0,0,14.45331
C:\myData\IMG\center_2025_06_02_16_42_41_332.jpg,C:\myData\IMG\left_2025_06_02_16_42_41_332.jpg,C:\myData\IMG\right_2025_06_02_16_42_41_332.jpg,0,0,0,14.11796
C:\myData\IMG\center_2025_06_02_16_42_41_546.jpg,C:\myData\IMG\left_2025_06_02_16_42_41_546.jpg,C:\myData\IMG\right_2025_06_02_16_42_41_546.jpg,0,0,0,13.77249
C:\myData\IMG\center_2025_06_02_16_42_41_773.jpg,C:\myData\IMG\left_2025_06_02_16_42_41_773.jpg,C:\myData\IMG\right_2025_06_02_16_42_41_773.jpg,0,0,0,13.992
C:\myData\IMG\center_2025_06_02_16_42_41_987.jpg,C:\myData\IMG\left_2025_06_02_16_42_41_987.jpg,C:\myData\IMG\right_2025_06_02_16_42_41_987.jpg,0,0,0,13.08802
C:\myData\IMG\center_2025_06_02_16_42_42_209.jpg,C:\myData\IMG\left_2025_06_02_16_42_42_209.jpg,C:\myData\IMG\right_2025_06_02_16_42_42_209.jpg,0,0,0,13.34598
C:\myData\IMG\center_2025_06_02_16_42_42_440.jpg,C:\myData\IMG\left_2025_06_02_16_42_42_440.jpg,C:\myData\IMG\right_2025_06_02_16_42_42_440.jpg,0,0,0,13.02312
C:\myData\IMG\center_2025_06_02_16_42_42_667.jpg,C:\myData\IMG\left_2025_06_02_16_42_42_667.jpg,C:\myData\IMG\right_2025_06_02_16_42_42_667.jpg,0,0,0,12.75952
C:\myData\IMG\center_2025_06_02_16_42_42_894.jpg,C:\myData\IMG\left_2025_06_02_16_42_42_894.jpg,C:\myData\IMG\right_2025_06_02_16_42_42_894.jpg,0,0.7200201,0,14.14918
C:\myData\IMG\center_2025_06_02_16_42_43_118.jpg,C:\myData\IMG\left_2025_06_02_16_42_43_118.jpg,C:\myData\IMG\right_2025_06_02_16_42_43_118.jpg,0,0.03356791,0,13.8362
C:\myData\IMG\center_2025_06_02_16_42_43_345.jpg,C:\myData\IMG\left_2025_06_02_16_42_43_345.jpg,C:\myData\IMG\right_2025_06_02_16_42_43_345.jpg,0,0,0,14.01915
C:\myData\IMG\center_2025_06_02_16_42_43_573.jpg,C:\myData\IMG\left_2025_06_02_16_42_43_573.jpg,C:\myData\IMG\right_2025_06_02_16_42_43_573.jpg,0,0,0,13.16142
C:\myData\IMG\center_2025_06_02_16_42_43_793.jpg,C:\myData\IMG\left_2025_06_02_16_42_43_793.jpg,C:\myData\IMG\right_2025_06_02_16_42_43_793.jpg,0,0,0,12.87004
C:\myData\IMG\center_2025_06_02_16_42_44_010.jpg,C:\myData\IMG\left_2025_06_02_16_42_44_010.jpg,C:\myData\IMG\right_2025_06_02_16_42_44_010.jpg,0,0,0,12.64252
C:\myData\IMG\center_2025_06_02_16_42_44_222.jpg,C:\myData\IMG\left_2025_06_02_16_42_44_222.jpg,C:\myData\IMG\right_2025_06_02_16_42_44_222.jpg,0,0,0,12.84971
C:\myData\IMG\center_2025_06_02_16_42_44_451.jpg,C:\myData\IMG\left_2025_06_02_16_42_44_451.jpg,C:\myData\IMG\right_2025_06_02_16_42_44_451.jpg,0,0,0,12.0576
C:\myData\IMG\center_2025_06_02_16_42_44_678.jpg,C:\myData\IMG\left_2025_06_02_16_42_44_678.jpg,C:\myData\IMG\right_2025_06_02_16_42_44_678.jpg,0,0,0,11.66748
C:\myData\IMG\center_2025_06_02_16_42_44_897.jpg,C:\myData\IMG\left_2025_06_02_16_42_44_897.jpg,C:\myData\IMG\right_2025_06_02_16_42_44_897.jpg,0,0,0,11.96155
C:\myData\IMG\center_2025_06_02_16_42_45_119.jpg,C:\myData\IMG\left_2025_06_02_16_42_45_119.jpg,C:\myData\IMG\right_2025_06_02_16_42_45_119.jpg,0,0,0,11.57689
C:\myData\IMG\center_2025_06_02_16_42_45_339.jpg,C:\myData\IMG\left_2025_06_02_16_42_45_339.jpg,C:\myData\IMG\right_2025_06_02_16_42_45_339.jpg,0,0,0,11.28625
C:\myData\IMG\center_2025_06_02_16_42_45_554.jpg,C:\myData\IMG\left_2025_06_02_16_42_45_554.jpg,C:\myData\IMG\right_2025_06_02_16_42_45_554.jpg,0,0.6929109,0,12.94788
C:\myData\IMG\center_2025_06_02_16_42_45_776.jpg,C:\myData\IMG\left_2025_06_02_16_42_45_776.jpg,C:\myData\IMG\right_2025_06_02_16_42_45_776.jpg,0,1,0,15.15784
C:\myData\IMG\center_2025_06_02_16_42_45_992.jpg,C:\myData\IMG\left_2025_06_02_16_42_45_992.jpg,C:\myData\IMG\right_2025_06_02_16_42_45_992.jpg,0,0.3392773,0,15.7424
C:\myData\IMG\center_2025_06_02_16_42_46_223.jpg,C:\myData\IMG\left_2025_06_02_16_42_46_223.jpg,C:\myData\IMG\right_2025_06_02_16_42_46_223.jpg,0,0,0,15.47417
C:\myData\IMG\center_2025_06_02_16_42_46_456.jpg,C:\myData\IMG\left_2025_06_02_16_42_46_456.jpg,C:\myData\IMG\right_2025_06_02_16_42_46_456.jpg,-0.5500001,0,0,14.92415
C:\myData\IMG\center_2025_06_02_16_42_46_683.jpg,C:\myData\IMG\left_2025_06_02_16_42_46_683.jpg,C:\myData\IMG\right_2025_06_02_16_42_46_683.jpg,0,0,0,14.54202
C:\myData\IMG\center_2025_06_02_16_42_46_906.jpg,C:\myData\IMG\left_2025_06_02_16_42_46_906.jpg,C:\myData\IMG\right_2025_06_02_16_42_46_906.jpg,0,0,0,14.27153
C:\myData\IMG\center_2025_06_02_16_42_47_121.jpg,C:\myData\IMG\left_2025_06_02_16_42_47_121.jpg,C:\myData\IMG\right_2025_06_02_16_42_47_121.jpg,0,0,0,13.9324
C:\myData\IMG\center_2025_06_02_16_42_47_345.jpg,C:\myData\IMG\left_2025_06_02_16_42_47_345.jpg,C:\myData\IMG\right_2025_06_02_16_42_47_345.jpg,0,0,0,13.65185
C:\myData\IMG\center_2025_06_02_16_42_47_536.jpg,C:\myData\IMG\left_2025_06_02_16_42_47_536.jpg,C:\myData\IMG\right_2025_06_02_16_42_47_536.jpg,0,0,0,13.36108
C:\myData\IMG\center_2025_06_02_16_42_47_759.jpg,C:\myData\IMG\left_2025_06_02_16_42_47_759.jpg,C:\myData\IMG\right_2025_06_02_16_42_47_759.jpg,0,0,0,12.96519
C:\myData\IMG\center_2025_06_02_16_42_47_975.jpg,C:\myData\IMG\left_2025_06_02_16_42_47_975.jpg,C:\myData\IMG\right_2025_06_02_16_42_47_975.jpg,0,0,0,12.72859
C:\myData\IMG\center_2025_06_02_16_42_48_193.jpg,C:\myData\IMG\left_2025_06_02_16_42_48_193.jpg,C:\myData\IMG\right_2025_06_02_16_42_48_193.jpg,0,0,0,12.44401
C:\myData\IMG\center_2025_06_02_16_42_48_409.jpg,C:\myData\IMG\left_2025_06_02_16_42_48_409.jpg,C:\myData\IMG\right_2025_06_02_16_42_48_409.jpg,-0.5500001,0,0,12.08295
C:\myData\IMG\center_2025_06_02_16_42_48_623.jpg,C:\myData\IMG\left_2025_06_02_16_42_48_623.jpg,C:\myData\IMG\right_2025_06_02_16_42_48_623.jpg,0,0,0,11.91722
C:\myData\IMG\center_2025_06_02_16_42_48_838.jpg,C:\myData\IMG\left_2025_06_02_16_42_48_838.jpg,C:\myData\IMG\right_2025_06_02_16_42_48_838.jpg,0,0,0,11.51223
C:\myData\IMG\center_2025_06_02_16_42_49_052.jpg,C:\myData\IMG\left_2025_06_02_16_42_49_052.jpg,C:\myData\IMG\right_2025_06_02_16_42_49_052.jpg,0,0,0,11.35817
C:\myData\IMG\center_2025_06_02_16_42_49_262.jpg,C:\myData\IMG\left_2025_06_02_16_42_49_262.jpg,C:\myData\IMG\right_2025_06_02_16_42_49_262.jpg,0,0,0,11.10076
C:\myData\IMG\center_2025_06_02_16_42_49_357.jpg,C:\myData\IMG\left_2025_06_02_16_42_49_357.jpg,C:\myData\IMG\right_2025_06_02_16_42_49_357.jpg,0,0,0,10.856
C:\myData\IMG\center_2025_06_02_16_42_49_683.jpg,C:\myData\IMG\left_2025_06_02_16_42_49_683.jpg,C:\myData\IMG\right_2025_06_02_16_42_49_683.jpg,0,0.6751461,0,12.20223
C:\myData\IMG\center_2025_06_02_16_42_49_900.jpg,C:\myData\IMG\left_2025_06_02_16_42_49_900.jpg,C:\myData\IMG\right_2025_06_02_16_42_49_900.jpg,0,0.04240501,0,12.04316
C:\myData\IMG\center_2025_06_02_16_42_50_125.jpg,C:\myData\IMG\left_2025_06_02_16_42_50_125.jpg,C:\myData\IMG\right_2025_06_02_16_42_50_125.jpg,0,0.652239,0,13.57972
C:\myData\IMG\center_2025_06_02_16_42_50_335.jpg,C:\myData\IMG\left_2025_06_02_16_42_50_335.jpg,C:\myData\IMG\right_2025_06_02_16_42_50_335.jpg,0,1,0,16.34629
C:\myData\IMG\center_2025_06_02_16_42_50_552.jpg,C:\myData\IMG\left_2025_06_02_16_42_50_552.jpg,C:\myData\IMG\right_2025_06_02_16_42_50_552.jpg,0,0.3937003,0,16.94259
C:\myData\IMG\center_2025_06_02_16_42_50_747.jpg,C:\myData\IMG\left_2025_06_02_16_42_50_747.jpg,C:\myData\IMG\right_2025_06_02_16_42_50_747.jpg,0,0,0,16.86395
C:\myData\IMG\center_2025_06_02_16_42_50_887.jpg,C:\myData\IMG\left_2025_06_02_16_42_50_887.jpg,C:\myData\IMG\right_2025_06_02_16_42_50_887.jpg,0,0,0,16.46352
C:\myData\IMG\center_2025_06_02_16_42_51_082.jpg,C:\myData\IMG\left_2025_06_02_16_42_51_082.jpg,C:\myData\IMG\right_2025_06_02_16_42_51_082.jpg,0,0,0,16.13642
C:\myData\IMG\center_2025_06_02_16_42_51_250.jpg,C:\myData\IMG\left_2025_06_02_16_42_51_250.jpg,C:\myData\IMG\right_2025_06_02_16_42_51_250.jpg,0,0,0,15.87944
C:\myData\IMG\center_2025_06_02_16_42_51_603.jpg,C:\myData\IMG\left_2025_06_02_16_42_51_603.jpg,C:\myData\IMG\right_2025_06_02_16_42_51_603.jpg,-0.6000001,0,0,15.32966
C:\myData\IMG\center_2025_06_02_16_42_51_809.jpg,C:\myData\IMG\left_2025_06_02_16_42_51_809.jpg,C:\myData\IMG\right_2025_06_02_16_42_51_809.jpg,0,0,0,14.71539
C:\myData\IMG\center_2025_06_02_16_42_52_015.jpg,C:\myData\IMG\left_2025_06_02_16_42_52_015.jpg,C:\myData\IMG\right_2025_06_02_16_42_52_015.jpg,0,0,0,14.43058
C:\myData\IMG\center_2025_06_02_16_42_52_222.jpg,C:\myData\IMG\left_2025_06_02_16_42_52_222.jpg,C:\myData\IMG\right_2025_06_02_16_42_52_222.jpg,0,0,0,14.38705
C:\myData\IMG\center_2025_06_02_16_42_52_421.jpg,C:\myData\IMG\left_2025_06_02_16_42_52_421.jpg,C:\myData\IMG\right_2025_06_02_16_42_52_421.jpg,0,0,0,13.91719
C:\myData\IMG\center_2025_06_02_16_42_52_642.jpg,C:\myData\IMG\left_2025_06_02_16_42_52_642.jpg,C:\myData\IMG\right_2025_06_02_16_42_52_642.jpg,0,0,0,13.73463
C:\myData\IMG\center_2025_06_02_16_42_52_854.jpg,C:\myData\IMG\left_2025_06_02_16_42_52_854.jpg,C:\myData\IMG\right_2025_06_02_16_42_52_854.jpg,0,0,0,13.25313
C:\myData\IMG\center_2025_06_02_16_42_53_059.jpg,C:\myData\IMG\left_2025_06_02_16_42_53_059.jpg,C:\myData\IMG\right_2025_06_02_16_42_53_059.jpg,0,0.5224806,0,14.15626
C:\myData\IMG\center_2025_06_02_16_42_53_270.jpg,C:\myData\IMG\left_2025_06_02_16_42_53_270.jpg,C:\myData\IMG\right_2025_06_02_16_42_53_270.jpg,0,1,0,16.32371
C:\myData\IMG\center_2025_06_02_16_42_53_324.jpg,C:\myData\IMG\left_2025_06_02_16_42_53_324.jpg,C:\myData\IMG\right_2025_06_02_16_42_53_324.jpg,0,1,0,18.37809
C:\myData\IMG\center_2025_06_02_16_42_53_525.jpg,C:\myData\IMG\left_2025_06_02_16_42_53_525.jpg,C:\myData\IMG\right_2025_06_02_16_42_53_525.jpg,0,1,0,20.41611
C:\myData\IMG\center_2025_06_02_16_42_53_741.jpg,C:\myData\IMG\left_2025_06_02_16_42_53_741.jpg,C:\myData\IMG\right_2025_06_02_16_42_53_741.jpg,0,1,0,22.61191
C:\myData\IMG\center_2025_06_02_16_42_53_987.jpg,C:\myData\IMG\left_2025_06_02_16_42_53_987.jpg,C:\myData\IMG\right_2025_06_02_16_42_53_987.jpg,0,1,0,24.94995
C:\myData\IMG\center_2025_06_02_16_42_54_214.jpg,C:\myData\IMG\left_2025_06_02_16_42_54_214.jpg,C:\myData\IMG\right_2025_06_02_16_42_54_214.jpg,0,0.3195748,0,25.3526
C:\myData\IMG\center_2025_06_02_16_42_54_419.jpg,C:\myData\IMG\left_2025_06_02_16_42_54_419.jpg,C:\myData\IMG\right_2025_06_02_16_42_54_419.jpg,0,0,0,24.84188
C:\myData\IMG\center_2025_06_02_16_42_54_607.jpg,C:\myData\IMG\left_2025_06_02_16_42_54_607.jpg,C:\myData\IMG\right_2025_06_02_16_42_54_607.jpg,0,0,0,24.39536
C:\myData\IMG\center_2025_06_02_16_42_54_842.jpg,C:\myData\IMG\left_2025_06_02_16_42_54_842.jpg,C:\myData\IMG\right_2025_06_02_16_42_54_842.jpg,-0.6000001,0,0,23.55328
C:\myData\IMG\center_2025_06_02_16_42_55_025.jpg,C:\myData\IMG\left_2025_06_02_16_42_55_025.jpg,C:\myData\IMG\right_2025_06_02_16_42_55_025.jpg,0,0,0,23.08118
C:\myData\IMG\center_2025_06_02_16_42_55_218.jpg,C:\myData\IMG\left_2025_06_02_16_42_55_218.jpg,C:\myData\IMG\right_2025_06_02_16_42_55_218.jpg,0,0,0,22.6166
C:\myData\IMG\center_2025_06_02_16_42_55_418.jpg,C:\myData\IMG\left_2025_06_02_16_42_55_418.jpg,C:\myData\IMG\right_2025_06_02_16_42_55_418.jpg,0,0,0,22.16271
C:\myData\IMG\center_2025_06_02_16_42_55_610.jpg,C:\myData\IMG\left_2025_06_02_16_42_55_610.jpg,C:\myData\IMG\right_2025_06_02_16_42_55_610.jpg,0,0,0,21.76198
C:\myData\IMG\center_2025_06_02_16_42_55_813.jpg,C:\myData\IMG\left_2025_06_02_16_42_55_813.jpg,C:\myData\IMG\right_2025_06_02_16_42_55_813.jpg,0,0,0,21.32523
C:\myData\IMG\center_2025_06_02_16_42_56_016.jpg,C:\myData\IMG\left_2025_06_02_16_42_56_016.jpg,C:\myData\IMG\right_2025_06_02_16_42_56_016.jpg,0,0,0,20.89734
C:\myData\IMG\center_2025_06_02_16_42_56_217.jpg,C:\myData\IMG\left_2025_06_02_16_42_56_217.jpg,C:\myData\IMG\right_2025_06_02_16_42_56_217.jpg,0,0,0,20.47944
C:\myData\IMG\center_2025_06_02_16_42_56_412.jpg,C:\myData\IMG\left_2025_06_02_16_42_56_412.jpg,C:\myData\IMG\right_2025_06_02_16_42_56_412.jpg,0,0,0,20.07035
C:\myData\IMG\center_2025_06_02_16_42_56_620.jpg,C:\myData\IMG\left_2025_06_02_16_42_56_620.jpg,C:\myData\IMG\right_2025_06_02_16_42_56_620.jpg,0,0,0,19.63054
C:\myData\IMG\center_2025_06_02_16_42_56_820.jpg,C:\myData\IMG\left_2025_06_02_16_42_56_820.jpg,C:\myData\IMG\right_2025_06_02_16_42_56_820.jpg,0,0,0,19.23913
C:\myData\IMG\center_2025_06_02_16_42_57_025.jpg,C:\myData\IMG\left_2025_06_02_16_42_57_025.jpg,C:\myData\IMG\right_2025_06_02_16_42_57_025.jpg,0,0,0,18.85579
C:\myData\IMG\center_2025_06_02_16_42_57_240.jpg,C:\myData\IMG\left_2025_06_02_16_42_57_240.jpg,C:\myData\IMG\right_2025_06_02_16_42_57_240.jpg,0,0,0,18.43913
C:\myData\IMG\center_2025_06_02_16_42_57_429.jpg,C:\myData\IMG\left_2025_06_02_16_42_57_429.jpg,C:\myData\IMG\right_2025_06_02_16_42_57_429.jpg,0,0,0,18.15467
C:\myData\IMG\center_2025_06_02_16_42_57_625.jpg,C:\myData\IMG\left_2025_06_02_16_42_57_625.jpg,C:\myData\IMG\right_2025_06_02_16_42_57_625.jpg,0,0,0,17.93879
C:\myData\IMG\center_2025_06_02_16_42_57_835.jpg,C:\myData\IMG\left_2025_06_02_16_42_57_835.jpg,C:\myData\IMG\right_2025_06_02_16_42_57_835.jpg,-0.5000001,0,0,17.46005
C:\myData\IMG\center_2025_06_02_16_42_58_035.jpg,C:\myData\IMG\left_2025_06_02_16_42_58_035.jpg,C:\myData\IMG\right_2025_06_02_16_42_58_035.jpg,0,0,0,17.11671
C:\myData\IMG\center_2025_06_02_16_42_58_382.jpg,C:\myData\IMG\left_2025_06_02_16_42_58_382.jpg,C:\myData\IMG\right_2025_06_02_16_42_58_382.jpg,0,0,0,16.19851
C:\myData\IMG\center_2025_06_02_16_42_58_570.jpg,C:\myData\IMG\left_2025_06_02_16_42_58_570.jpg,C:\myData\IMG\right_2025_06_02_16_42_58_570.jpg,0,0,0,16.45306
C:\myData\IMG\center_2025_06_02_16_42_58_785.jpg,C:\myData\IMG\left_2025_06_02_16_42_58_785.jpg,C:\myData\IMG\right_2025_06_02_16_42_58_785.jpg,0,0,0,16.14373
C:\myData\IMG\center_2025_06_02_16_42_58_981.jpg,C:\myData\IMG\left_2025_06_02_16_42_58_981.jpg,C:\myData\IMG\right_2025_06_02_16_42_58_981.jpg,0,0,0,15.27876
C:\myData\IMG\center_2025_06_02_16_42_59_190.jpg,C:\myData\IMG\left_2025_06_02_16_42_59_190.jpg,C:\myData\IMG\right_2025_06_02_16_42_59_190.jpg,0,0,0,14.97652
C:\myData\IMG\center_2025_06_02_16_42_59_403.jpg,C:\myData\IMG\left_2025_06_02_16_42_59_403.jpg,C:\myData\IMG\right_2025_06_02_16_42_59_403.jpg,0,0,0,14.67916
C:\myData\IMG\center_2025_06_02_16_42_59_591.jpg,C:\myData\IMG\left_2025_06_02_16_42_59_591.jpg,C:\myData\IMG\right_2025_06_02_16_42_59_591.jpg,-0.5000001,0,0,14.27327
C:\myData\IMG\center_2025_06_02_16_42_59_772.jpg,C:\myData\IMG\left_2025_06_02_16_42_59_772.jpg,C:\myData\IMG\right_2025_06_02_16_42_59_772.jpg,0,0,0,14.46369
C:\myData\IMG\center_2025_06_02_16_42_59_962.jpg,C:\myData\IMG\left_2025_06_02_16_42_59_962.jpg,C:\myData\IMG\right_2025_06_02_16_42_59_962.jpg,0,0,0,14.19125
C:\myData\IMG\center_2025_06_02_16_43_00_161.jpg,C:\myData\IMG\left_2025_06_02_16_43_00_161.jpg,C:\myData\IMG\right_2025_06_02_16_43_00_161.jpg,0,0,0,13.90687
C:\myData\IMG\center_2025_06_02_16_43_00_357.jpg,C:\myData\IMG\left_2025_06_02_16_43_00_357.jpg,C:\myData\IMG\right_2025_06_02_16_43_00_357.jpg,0,0,0,13.59789
C:\myData\IMG\center_2025_06_02_16_43_00_560.jpg,C:\myData\IMG\left_2025_06_02_16_43_00_560.jpg,C:\myData\IMG\right_2025_06_02_16_43_00_560.jpg,0,0,0,12.82599
C:\myData\IMG\center_2025_06_02_16_43_00_752.jpg,C:\myData\IMG\left_2025_06_02_16_43_00_752.jpg,C:\myData\IMG\right_2025_06_02_16_43_00_752.jpg,0,0,0,12.62257
C:\myData\IMG\center_2025_06_02_16_43_00_932.jpg,C:\myData\IMG\left_2025_06_02_16_43_00_932.jpg,C:\myData\IMG\right_2025_06_02_16_43_00_932.jpg,0,0,0,12.26357
C:\myData\IMG\center_2025_06_02_16_43_01_125.jpg,C:\myData\IMG\left_2025_06_02_16_43_01_125.jpg,C:\myData\IMG\right_2025_06_02_16_43_01_125.jpg,0,0,0,12.58207
C:\myData\IMG\center_2025_06_02_16_43_01_318.jpg,C:\myData\IMG\left_2025_06_02_16_43_01_318.jpg,C:\myData\IMG\right_2025_06_02_16_43_01_318.jpg,-0.5000001,0,0,12.22511
C:\myData\IMG\center_2025_06_02_16_43_01_513.jpg,C:\myData\IMG\left_2025_06_02_16_43_01_513.jpg,C:\myData\IMG\right_2025_06_02_16_43_01_513.jpg,0,0,0,11.92914
C:\myData\IMG\center_2025_06_02_16_43_01_708.jpg,C:\myData\IMG\left_2025_06_02_16_43_01_708.jpg,C:\myData\IMG\right_2025_06_02_16_43_01_708.jpg,0,0,0,11.18391
C:\myData\IMG\center_2025_06_02_16_43_01_902.jpg,C:\myData\IMG\left_2025_06_02_16_43_01_902.jpg,C:\myData\IMG\right_2025_06_02_16_43_01_902.jpg,0,0,0,11.36888
C:\myData\IMG\center_2025_06_02_16_43_02_083.jpg,C:\myData\IMG\left_2025_06_02_16_43_02_083.jpg,C:\myData\IMG\right_2025_06_02_16_43_02_083.jpg,0,0,0,11.1368
C:\myData\IMG\center_2025_06_02_16_43_02_133.jpg,C:\myData\IMG\left_2025_06_02_16_43_02_133.jpg,C:\myData\IMG\right_2025_06_02_16_43_02_133.jpg,0,0,0,10.93787
C:\myData\IMG\center_2025_06_02_16_43_02_325.jpg,C:\myData\IMG\left_2025_06_02_16_43_02_325.jpg,C:\myData\IMG\right_2025_06_02_16_43_02_325.jpg,0,0,0,10.72235
C:\myData\IMG\center_2025_06_02_16_43_02_497.jpg,C:\myData\IMG\left_2025_06_02_16_43_02_497.jpg,C:\myData\IMG\right_2025_06_02_16_43_02_497.jpg,-0.4,0,0,10.49584
C:\myData\IMG\center_2025_06_02_16_43_02_689.jpg,C:\myData\IMG\left_2025_06_02_16_43_02_689.jpg,C:\myData\IMG\right_2025_06_02_16_43_02_689.jpg,-0.9000002,0,0,10.0599
C:\myData\IMG\center_2025_06_02_16_43_02_887.jpg,C:\myData\IMG\left_2025_06_02_16_43_02_887.jpg,C:\myData\IMG\right_2025_06_02_16_43_02_887.jpg,0,0,0,9.724707
C:\myData\IMG\center_2025_06_02_16_43_03_066.jpg,C:\myData\IMG\left_2025_06_02_16_43_03_066.jpg,C:\myData\IMG\right_2025_06_02_16_43_03_066.jpg,0,0,0,9.549598
C:\myData\IMG\center_2025_06_02_16_43_03_239.jpg,C:\myData\IMG\left_2025_06_02_16_43_03_239.jpg,C:\myData\IMG\right_2025_06_02_16_43_03_239.jpg,0,0,0,9.378057
C:\myData\IMG\center_2025_06_02_16_43_03_417.jpg,C:\myData\IMG\left_2025_06_02_16_43_03_417.jpg,C:\myData\IMG\right_2025_06_02_16_43_03_417.jpg,0,0,0,9.209594
C:\myData\IMG\center_2025_06_02_16_43_03_594.jpg,C:\myData\IMG\left_2025_06_02_16_43_03_594.jpg,C:\myData\IMG\right_2025_06_02_16_43_03_594.jpg,0,0,0,9.062388
C:\myData\IMG\center_2025_06_02_16_43_03_776.jpg,C:\myData\IMG\left_2025_06_02_16_43_03_776.jpg,C:\myData\IMG\right_2025_06_02_16_43_03_776.jpg,0,0,0,8.8817
C:\myData\IMG\center_2025_06_02_16_43_03_975.jpg,C:\myData\IMG\left_2025_06_02_16_43_03_975.jpg,C:\myData\IMG\right_2025_06_02_16_43_03_975.jpg,0,0,0,8.722172
C:\myData\IMG\center_2025_06_02_16_43_04_160.jpg,C:\myData\IMG\left_2025_06_02_16_43_04_160.jpg,C:\myData\IMG\right_2025_06_02_16_43_04_160.jpg,0,0.5566823,0,9.85043
C:\myData\IMG\center_2025_06_02_16_43_04_338.jpg,C:\myData\IMG\left_2025_06_02_16_43_04_338.jpg,C:\myData\IMG\right_2025_06_02_16_43_04_338.jpg,0,1,0,11.63967
C:\myData\IMG\center_2025_06_02_16_43_04_639.jpg,C:\myData\IMG\left_2025_06_02_16_43_04_639.jpg,C:\myData\IMG\right_2025_06_02_16_43_04_639.jpg,0,1,0,13.84036
C:\myData\IMG\center_2025_06_02_16_43_04_694.jpg,C:\myData\IMG\left_2025_06_02_16_43_04_694.jpg,C:\myData\IMG\right_2025_06_02_16_43_04_694.jpg,0,0.4724152,0,14.61898
C:\myData\IMG\center_2025_06_02_16_43_04_983.jpg,C:\myData\IMG\left_2025_06_02_16_43_04_983.jpg,C:\myData\IMG\right_2025_06_02_16_43_04_983.jpg,0,0,0,13.97456
C:\myData\IMG\center_2025_06_02_16_43_05_159.jpg,C:\myData\IMG\left_2025_06_02_16_43_05_159.jpg,C:\myData\IMG\right_2025_06_02_16_43_05_159.jpg,0,0,0,14.29591
C:\myData\IMG\center_2025_06_02_16_43_05_340.jpg,C:\myData\IMG\left_2025_06_02_16_43_05_340.jpg,C:\myData\IMG\right_2025_06_02_16_43_05_340.jpg,-0.45,0,0,13.41627
C:\myData\IMG\center_2025_06_02_16_43_05_523.jpg,C:\myData\IMG\left_2025_06_02_16_43_05_523.jpg,C:\myData\IMG\right_2025_06_02_16_43_05_523.jpg,0,0,0,13.66678
C:\myData\IMG\center_2025_06_02_16_43_05_694.jpg,C:\myData\IMG\left_2025_06_02_16_43_05_694.jpg,C:\myData\IMG\right_2025_06_02_16_43_05_694.jpg,0,0,0,13.40063
C:\myData\IMG\center_2025_06_02_16_43_05_885.jpg,C:\myData\IMG\left_2025_06_02_16_43_05_885.jpg,C:\myData\IMG\right_2025_06_02_16_43_05_885.jpg,0,0,0,12.59915
C:\myData\IMG\center_2025_06_02_16_43_06_061.jpg,C:\myData\IMG\left_2025_06_02_16_43_06_061.jpg,C:\myData\IMG\right_2025_06_02_16_43_06_061.jpg,0,0,0,12.3355
C:\myData\IMG\center_2025_06_02_16_43_06_260.jpg,C:\myData\IMG\left_2025_06_02_16_43_06_260.jpg,C:\myData\IMG\right_2025_06_02_16_43_06_260.jpg,0,0,0,12.65651
C:\myData\IMG\center_2025_06_02_16_43_06_443.jpg,C:\myData\IMG\left_2025_06_02_16_43_06_443.jpg,C:\myData\IMG\right_2025_06_02_16_43_06_443.jpg,0,0,0,12.39948
C:\myData\IMG\center_2025_06_02_16_43_06_624.jpg,C:\myData\IMG\left_2025_06_02_16_43_06_624.jpg,C:\myData\IMG\right_2025_06_02_16_43_06_624.jpg,-0.45,0,0,11.56006
C:\myData\IMG\center_2025_06_02_16_43_06_813.jpg,C:\myData\IMG\left_2025_06_02_16_43_06_813.jpg,C:\myData\IMG\right_2025_06_02_16_43_06_813.jpg,-0.9000002,0,0,11.35358
C:\myData\IMG\center_2025_06_02_16_43_06_874.jpg,C:\myData\IMG\left_2025_06_02_16_43_06_874.jpg,C:\myData\IMG\right_2025_06_02_16_43_06_874.jpg,0,0,0,11.12869
C:\myData\IMG\center_2025_06_02_16_43_07_053.jpg,C:\myData\IMG\left_2025_06_02_16_43_07_053.jpg,C:\myData\IMG\right_2025_06_02_16_43_07_053.jpg,0,0,0,10.92708
C:\myData\IMG\center_2025_06_02_16_43_07_251.jpg,C:\myData\IMG\left_2025_06_02_16_43_07_251.jpg,C:\myData\IMG\right_2025_06_02_16_43_07_251.jpg,0,0,0,10.70878
C:\myData\IMG\center_2025_06_02_16_43_07_426.jpg,C:\myData\IMG\left_2025_06_02_16_43_07_426.jpg,C:\myData\IMG\right_2025_06_02_16_43_07_426.jpg,-0.45,0,0,10.44719
C:\myData\IMG\center_2025_06_02_16_43_07_594.jpg,C:\myData\IMG\left_2025_06_02_16_43_07_594.jpg,C:\myData\IMG\right_2025_06_02_16_43_07_594.jpg,-0.8500001,0,0,10.10237
C:\myData\IMG\center_2025_06_02_16_43_07_764.jpg,C:\myData\IMG\left_2025_06_02_16_43_07_764.jpg,C:\myData\IMG\right_2025_06_02_16_43_07_764.jpg,0,0,0,9.801104
C:\myData\IMG\center_2025_06_02_16_43_07_925.jpg,C:\myData\IMG\left_2025_06_02_16_43_07_925.jpg,C:\myData\IMG\right_2025_06_02_16_43_07_925.jpg,0,0,0,9.643336
C:\myData\IMG\center_2025_06_02_16_43_08_091.jpg,C:\myData\IMG\left_2025_06_02_16_43_08_091.jpg,C:\myData\IMG\right_2025_06_02_16_43_08_091.jpg,0,0,0,9.488914
C:\myData\IMG\center_2025_06_02_16_43_08_259.jpg,C:\myData\IMG\left_2025_06_02_16_43_08_259.jpg,C:\myData\IMG\right_2025_06_02_16_43_08_259.jpg,0,0,0,9.318159
C:\myData\IMG\center_2025_06_02_16_43_08_437.jpg,C:\myData\IMG\left_2025_06_02_16_43_08_437.jpg,C:\myData\IMG\right_2025_06_02_16_43_08_437.jpg,-0.45,0,0,9.089782
C:\myData\IMG\center_2025_06_02_16_43_08_599.jpg,C:\myData\IMG\left_2025_06_02_16_43_08_599.jpg,C:\myData\IMG\right_2025_06_02_16_43_08_599.jpg,0,0,0,8.921264
C:\myData\IMG\center_2025_06_02_16_43_08_764.jpg,C:\myData\IMG\left_2025_06_02_16_43_08_764.jpg,C:\myData\IMG\right_2025_06_02_16_43_08_764.jpg,0,0,0,8.778229
C:\myData\IMG\center_2025_06_02_16_43_08_925.jpg,C:\myData\IMG\left_2025_06_02_16_43_08_925.jpg,C:\myData\IMG\right_2025_06_02_16_43_08_925.jpg,0,0,0,8.637679
C:\myData\IMG\center_2025_06_02_16_43_09_095.jpg,C:\myData\IMG\left_2025_06_02_16_43_09_095.jpg,C:\myData\IMG\right_2025_06_02_16_43_09_095.jpg,0,0,0,8.499383
C:\myData\IMG\center_2025_06_02_16_43_09_251.jpg,C:\myData\IMG\left_2025_06_02_16_43_09_251.jpg,C:\myData\IMG\right_2025_06_02_16_43_09_251.jpg,0,0,0,8.363359
C:\myData\IMG\center_2025_06_02_16_43_09_409.jpg,C:\myData\IMG\left_2025_06_02_16_43_09_409.jpg,C:\myData\IMG\right_2025_06_02_16_43_09_409.jpg,0,0,0,8.229456
C:\myData\IMG\center_2025_06_02_16_43_09_586.jpg,C:\myData\IMG\left_2025_06_02_16_43_09_586.jpg,C:\myData\IMG\right_2025_06_02_16_43_09_586.jpg,0,0,0,8.081374
C:\myData\IMG\center_2025_06_02_16_43_09_732.jpg,C:\myData\IMG\left_2025_06_02_16_43_09_732.jpg,C:\myData\IMG\right_2025_06_02_16_43_09_732.jpg,-0.35,0,0,7.936042
C:\myData\IMG\center_2025_06_02_16_43_09_901.jpg,C:\myData\IMG\left_2025_06_02_16_43_09_901.jpg,C:\myData\IMG\right_2025_06_02_16_43_09_901.jpg,-0.8000001,0,0,7.662838
C:\myData\IMG\center_2025_06_02_16_43_10_062.jpg,C:\myData\IMG\left_2025_06_02_16_43_10_062.jpg,C:\myData\IMG\right_2025_06_02_16_43_10_062.jpg,0,0,0,7.44945
C:\myData\IMG\center_2025_06_02_16_43_10_237.jpg,C:\myData\IMG\left_2025_06_02_16_43_10_237.jpg,C:\myData\IMG\right_2025_06_02_16_43_10_237.jpg,0,0,0,7.329779
C:\myData\IMG\center_2025_06_02_16_43_10_381.jpg,C:\myData\IMG\left_2025_06_02_16_43_10_381.jpg,C:\myData\IMG\right_2025_06_02_16_43_10_381.jpg,0,0,0,7.212425
C:\myData\IMG\center_2025_06_02_16_43_10_545.jpg,C:\myData\IMG\left_2025_06_02_16_43_10_545.jpg,C:\myData\IMG\right_2025_06_02_16_43_10_545.jpg,0,0,0,7.09695
C:\myData\IMG\center_2025_06_02_16_43_10_732.jpg,C:\myData\IMG\left_2025_06_02_16_43_10_732.jpg,C:\myData\IMG\right_2025_06_02_16_43_10_732.jpg,0,0,0,6.96925
C:\myData\IMG\center_2025_06_02_16_43_10_888.jpg,C:\myData\IMG\left_2025_06_02_16_43_10_888.jpg,C:\myData\IMG\right_2025_06_02_16_43_10_888.jpg,0,0,0,6.857671
C:\myData\IMG\center_2025_06_02_16_43_11_046.jpg,C:\myData\IMG\left_2025_06_02_16_43_11_046.jpg,C:\myData\IMG\right_2025_06_02_16_43_11_046.jpg,0,0,0,6.747878
C:\myData\IMG\center_2025_06_02_16_43_11_205.jpg,C:\myData\IMG\left_2025_06_02_16_43_11_205.jpg,C:\myData\IMG\right_2025_06_02_16_43_11_205.jpg,-0.4,0,0,6.604487
C:\myData\IMG\center_2025_06_02_16_43_11_363.jpg,C:\myData\IMG\left_2025_06_02_16_43_11_363.jpg,C:\myData\IMG\right_2025_06_02_16_43_11_363.jpg,0,0,0,6.48365
C:\myData\IMG\center_2025_06_02_16_43_11_528.jpg,C:\myData\IMG\left_2025_06_02_16_43_11_528.jpg,C:\myData\IMG\right_2025_06_02_16_43_11_528.jpg,0,0,0,6.379801
C:\myData\IMG\center_2025_06_02_16_43_11_685.jpg,C:\myData\IMG\left_2025_06_02_16_43_11_685.jpg,C:\myData\IMG\right_2025_06_02_16_43_11_685.jpg,0,0.4683609,0,7.157254
C:\myData\IMG\center_2025_06_02_16_43_11_859.jpg,C:\myData\IMG\left_2025_06_02_16_43_11_859.jpg,C:\myData\IMG\right_2025_06_02_16_43_11_859.jpg,0,0.9933435,0,9.145473
C:\myData\IMG\center_2025_06_02_16_43_12_035.jpg,C:\myData\IMG\left_2025_06_02_16_43_12_035.jpg,C:\myData\IMG\right_2025_06_02_16_43_12_035.jpg,0,1,0,10.92484
C:\myData\IMG\center_2025_06_02_16_43_12_200.jpg,C:\myData\IMG\left_2025_06_02_16_43_12_200.jpg,C:\myData\IMG\right_2025_06_02_16_43_12_200.jpg,0,1,0,12.86041
C:\myData\IMG\center_2025_06_02_16_43_12_470.jpg,C:\myData\IMG\left_2025_06_02_16_43_12_470.jpg,C:\myData\IMG\right_2025_06_02_16_43_12_470.jpg,0,1,0,14.32792
C:\myData\IMG\center_2025_06_02_16_43_12_511.jpg,C:\myData\IMG\left_2025_06_02_16_43_12_511.jpg,C:\myData\IMG\right_2025_06_02_16_43_12_511.jpg,0,1,0,16.05752
C:\myData\IMG\center_2025_06_02_16_43_12_664.jpg,C:\myData\IMG\left_2025_06_02_16_43_12_664.jpg,C:\myData\IMG\right_2025_06_02_16_43_12_664.jpg,0,1,0,17.76148
C:\myData\IMG\center_2025_06_02_16_43_12_807.jpg,C:\myData\IMG\left_2025_06_02_16_43_12_807.jpg,C:\myData\IMG\right_2025_06_02_16_43_12_807.jpg,-0.35,0.5640112,0,18.4676
C:\myData\IMG\center_2025_06_02_16_43_12_965.jpg,C:\myData\IMG\left_2025_06_02_16_43_12_965.jpg,C:\myData\IMG\right_2025_06_02_16_43_12_965.jpg,-0.7500002,0.09750581,0,18.13707
C:\myData\IMG\center_2025_06_02_16_43_13_129.jpg,C:\myData\IMG\left_2025_06_02_16_43_13_129.jpg,C:\myData\IMG\right_2025_06_02_16_43_13_129.jpg,0,0,0,17.77674
C:\myData\IMG\center_2025_06_02_16_43_13_288.jpg,C:\myData\IMG\left_2025_06_02_16_43_13_288.jpg,C:\myData\IMG\right_2025_06_02_16_43_13_288.jpg,0,0,0,17.48187
C:\myData\IMG\center_2025_06_02_16_43_13_439.jpg,C:\myData\IMG\left_2025_06_02_16_43_13_439.jpg,C:\myData\IMG\right_2025_06_02_16_43_13_439.jpg,0,0,0,17.16421
C:\myData\IMG\center_2025_06_02_16_43_13_601.jpg,C:\myData\IMG\left_2025_06_02_16_43_13_601.jpg,C:\myData\IMG\right_2025_06_02_16_43_13_601.jpg,0,0,0,16.88598
C:\myData\IMG\center_2025_06_02_16_43_13_759.jpg,C:\myData\IMG\left_2025_06_02_16_43_13_759.jpg,C:\myData\IMG\right_2025_06_02_16_43_13_759.jpg,0,0,0,16.61104
C:\myData\IMG\center_2025_06_02_16_43_13_905.jpg,C:\myData\IMG\left_2025_06_02_16_43_13_905.jpg,C:\myData\IMG\right_2025_06_02_16_43_13_905.jpg,0,0,0,16.37374
C:\myData\IMG\center_2025_06_02_16_43_14_060.jpg,C:\myData\IMG\left_2025_06_02_16_43_14_060.jpg,C:\myData\IMG\right_2025_06_02_16_43_14_060.jpg,0,0,0,16.10766
C:\myData\IMG\center_2025_06_02_16_43_14_217.jpg,C:\myData\IMG\left_2025_06_02_16_43_14_217.jpg,C:\myData\IMG\right_2025_06_02_16_43_14_217.jpg,-0.4,0,0,15.78125
C:\myData\IMG\center_2025_06_02_16_43_14_467.jpg,C:\myData\IMG\left_2025_06_02_16_43_14_467.jpg,C:\myData\IMG\right_2025_06_02_16_43_14_467.jpg,-0.7500002,0,0,15.38303
C:\myData\IMG\center_2025_06_02_16_43_14_616.jpg,C:\myData\IMG\left_2025_06_02_16_43_14_616.jpg,C:\myData\IMG\right_2025_06_02_16_43_14_616.jpg,0,0,0,15.04181
C:\myData\IMG\center_2025_06_02_16_43_14_764.jpg,C:\myData\IMG\left_2025_06_02_16_43_14_764.jpg,C:\myData\IMG\right_2025_06_02_16_43_14_764.jpg,0,0,0,14.80162
C:\myData\IMG\center_2025_06_02_16_43_14_918.jpg,C:\myData\IMG\left_2025_06_02_16_43_14_918.jpg,C:\myData\IMG\right_2025_06_02_16_43_14_918.jpg,0,0,0,14.6164
C:\myData\IMG\center_2025_06_02_16_43_15_093.jpg,C:\myData\IMG\left_2025_06_02_16_43_15_093.jpg,C:\myData\IMG\right_2025_06_02_16_43_15_093.jpg,0,0,0,14.38296
C:\myData\IMG\center_2025_06_02_16_43_15_231.jpg,C:\myData\IMG\left_2025_06_02_16_43_15_231.jpg,C:\myData\IMG\right_2025_06_02_16_43_15_231.jpg,0,0,0,14.15118
C:\myData\IMG\center_2025_06_02_16_43_15_394.jpg,C:\myData\IMG\left_2025_06_02_16_43_15_394.jpg,C:\myData\IMG\right_2025_06_02_16_43_15_394.jpg,-0.4,0,0,13.85244
C:\myData\IMG\center_2025_06_02_16_43_15_555.jpg,C:\myData\IMG\left_2025_06_02_16_43_15_555.jpg,C:\myData\IMG\right_2025_06_02_16_43_15_555.jpg,-0.8000001,0,0,13.41027
C:\myData\IMG\center_2025_06_02_16_43_15_717.jpg,C:\myData\IMG\left_2025_06_02_16_43_15_717.jpg,C:\myData\IMG\right_2025_06_02_16_43_15_717.jpg,-1,0,0,12.8894
C:\myData\IMG\center_2025_06_02_16_43_15_865.jpg,C:\myData\IMG\left_2025_06_02_16_43_15_865.jpg,C:\myData\IMG\right_2025_06_02_16_43_15_865.jpg,0,0,0,12.50371
C:\myData\IMG\center_2025_06_02_16_43_16_037.jpg,C:\myData\IMG\left_2025_06_02_16_43_16_037.jpg,C:\myData\IMG\right_2025_06_02_16_43_16_037.jpg,0,0,0,12.25082
C:\myData\IMG\center_2025_06_02_16_43_16_205.jpg,C:\myData\IMG\left_2025_06_02_16_43_16_205.jpg,C:\myData\IMG\right_2025_06_02_16_43_16_205.jpg,0,0,0,12.13589
C:\myData\IMG\center_2025_06_02_16_43_16_348.jpg,C:\myData\IMG\left_2025_06_02_16_43_16_348.jpg,C:\myData\IMG\right_2025_06_02_16_43_16_348.jpg,0,0,0,11.941
C:\myData\IMG\center_2025_06_02_16_43_16_494.jpg,C:\myData\IMG\left_2025_06_02_16_43_16_494.jpg,C:\myData\IMG\right_2025_06_02_16_43_16_494.jpg,0,0,0,11.67108
C:\myData\IMG\center_2025_06_02_16_43_16_643.jpg,C:\myData\IMG\left_2025_06_02_16_43_16_643.jpg,C:\myData\IMG\right_2025_06_02_16_43_16_643.jpg,0,0,0,11.49033
C:\myData\IMG\center_2025_06_02_16_43_16_784.jpg,C:\myData\IMG\left_2025_06_02_16_43_16_784.jpg,C:\myData\IMG\right_2025_06_02_16_43_16_784.jpg,0,0,0,11.34408
C:\myData\IMG\center_2025_06_02_16_43_16_932.jpg,C:\myData\IMG\left_2025_06_02_16_43_16_932.jpg,C:\myData\IMG\right_2025_06_02_16_43_16_932.jpg,0,0,0,11.23065
C:\myData\IMG\center_2025_06_02_16_43_17_084.jpg,C:\myData\IMG\left_2025_06_02_16_43_17_084.jpg,C:\myData\IMG\right_2025_06_02_16_43_17_084.jpg,0,0,0,11.09652
C:\myData\IMG\center_2025_06_02_16_43_17_120.jpg,C:\myData\IMG\left_2025_06_02_16_43_17_120.jpg,C:\myData\IMG\right_2025_06_02_16_43_17_120.jpg,0,0,0,10.91886
C:\myData\IMG\center_2025_06_02_16_43_17_266.jpg,C:\myData\IMG\left_2025_06_02_16_43_17_266.jpg,C:\myData\IMG\right_2025_06_02_16_43_17_266.jpg,-0.35,0,0,10.72446
C:\myData\IMG\center_2025_06_02_16_43_17_418.jpg,C:\myData\IMG\left_2025_06_02_16_43_17_418.jpg,C:\myData\IMG\right_2025_06_02_16_43_17_418.jpg,-0.7500002,0,0,10.3974
C:\myData\IMG\center_2025_06_02_16_43_17_569.jpg,C:\myData\IMG\left_2025_06_02_16_43_17_569.jpg,C:\myData\IMG\right_2025_06_02_16_43_17_569.jpg,0,0,0,10.16343
C:\myData\IMG\center_2025_06_02_16_43_17_746.jpg,C:\myData\IMG\left_2025_06_02_16_43_17_746.jpg,C:\myData\IMG\right_2025_06_02_16_43_17_746.jpg,0,0,0,9.978711
C:\myData\IMG\center_2025_06_02_16_43_17_905.jpg,C:\myData\IMG\left_2025_06_02_16_43_17_905.jpg,C:\myData\IMG\right_2025_06_02_16_43_17_905.jpg,0,0,0,9.818925
C:\myData\IMG\center_2025_06_02_16_43_18_060.jpg,C:\myData\IMG\left_2025_06_02_16_43_18_060.jpg,C:\myData\IMG\right_2025_06_02_16_43_18_060.jpg,0,0,0,9.661604
C:\myData\IMG\center_2025_06_02_16_43_18_212.jpg,C:\myData\IMG\left_2025_06_02_16_43_18_212.jpg,C:\myData\IMG\right_2025_06_02_16_43_18_212.jpg,0,0,0,9.526117
C:\myData\IMG\center_2025_06_02_16_43_18_362.jpg,C:\myData\IMG\left_2025_06_02_16_43_18_362.jpg,C:\myData\IMG\right_2025_06_02_16_43_18_362.jpg,0,0,0,9.3736
C:\myData\IMG\center_2025_06_02_16_43_18_510.jpg,C:\myData\IMG\left_2025_06_02_16_43_18_510.jpg,C:\myData\IMG\right_2025_06_02_16_43_18_510.jpg,0,0,0,9.24215
C:\myData\IMG\center_2025_06_02_16_43_18_664.jpg,C:\myData\IMG\left_2025_06_02_16_43_18_664.jpg,C:\myData\IMG\right_2025_06_02_16_43_18_664.jpg,0,0.4597851,0,9.948462
C:\myData\IMG\center_2025_06_02_16_43_18_814.jpg,C:\myData\IMG\left_2025_06_02_16_43_18_814.jpg,C:\myData\IMG\right_2025_06_02_16_43_18_814.jpg,0,0.008490026,0,9.859321
C:\myData\IMG\center_2025_06_02_16_43_18_972.jpg,C:\myData\IMG\left_2025_06_02_16_43_18_972.jpg,C:\myData\IMG\right_2025_06_02_16_43_18_972.jpg,0,0.4837935,0,10.59917
C:\myData\IMG\center_2025_06_02_16_43_19_126.jpg,C:\myData\IMG\left_2025_06_02_16_43_19_126.jpg,C:\myData\IMG\right_2025_06_02_16_43_19_126.jpg,0,0.9450591,0,11.92461
C:\myData\IMG\center_2025_06_02_16_43_19_393.jpg,C:\myData\IMG\left_2025_06_02_16_43_19_393.jpg,C:\myData\IMG\right_2025_06_02_16_43_19_393.jpg,0,1,0,13.7156
C:\myData\IMG\center_2025_06_02_16_43_19_557.jpg,C:\myData\IMG\left_2025_06_02_16_43_19_557.jpg,C:\myData\IMG\right_2025_06_02_16_43_19_557.jpg,0,1,0,15.55455
C:\myData\IMG\center_2025_06_02_16_43_19_709.jpg,C:\myData\IMG\left_2025_06_02_16_43_19_709.jpg,C:\myData\IMG\right_2025_06_02_16_43_19_709.jpg,0,0.5614375,0,16.33348
C:\myData\IMG\center_2025_06_02_16_43_19_750.jpg,C:\myData\IMG\left_2025_06_02_16_43_19_750.jpg,C:\myData\IMG\right_2025_06_02_16_43_19_750.jpg,0,0.1051411,0,16.72261
C:\myData\IMG\center_2025_06_02_16_43_19_910.jpg,C:\myData\IMG\left_2025_06_02_16_43_19_910.jpg,C:\myData\IMG\right_2025_06_02_16_43_19_910.jpg,-0.4,0,0,16.40196
C:\myData\IMG\center_2025_06_02_16_43_20_192.jpg,C:\myData\IMG\left_2025_06_02_16_43_20_192.jpg,C:\myData\IMG\right_2025_06_02_16_43_20_192.jpg,0,0,0,15.5793
C:\myData\IMG\center_2025_06_02_16_43_20_347.jpg,C:\myData\IMG\left_2025_06_02_16_43_20_347.jpg,C:\myData\IMG\right_2025_06_02_16_43_20_347.jpg,0,0,0,15.91484
C:\myData\IMG\center_2025_06_02_16_43_20_505.jpg,C:\myData\IMG\left_2025_06_02_16_43_20_505.jpg,C:\myData\IMG\right_2025_06_02_16_43_20_505.jpg,0,0,0,15.66815
C:\myData\IMG\center_2025_06_02_16_43_20_666.jpg,C:\myData\IMG\left_2025_06_02_16_43_20_666.jpg,C:\myData\IMG\right_2025_06_02_16_43_20_666.jpg,0,0,0,15.42258
C:\myData\IMG\center_2025_06_02_16_43_20_826.jpg,C:\myData\IMG\left_2025_06_02_16_43_20_826.jpg,C:\myData\IMG\right_2025_06_02_16_43_20_826.jpg,0,0,0,15.18045
C:\myData\IMG\center_2025_06_02_16_43_20_991.jpg,C:\myData\IMG\left_2025_06_02_16_43_20_991.jpg,C:\myData\IMG\right_2025_06_02_16_43_20_991.jpg,0,0,0,14.94188
C:\myData\IMG\center_2025_06_02_16_43_21_153.jpg,C:\myData\IMG\left_2025_06_02_16_43_21_153.jpg,C:\myData\IMG\right_2025_06_02_16_43_21_153.jpg,-0.4,0,0,14.63295
C:\myData\IMG\center_2025_06_02_16_43_21_322.jpg,C:\myData\IMG\left_2025_06_02_16_43_21_322.jpg,C:\myData\IMG\right_2025_06_02_16_43_21_322.jpg,-0.8500001,0,0,13.62707
C:\myData\IMG\center_2025_06_02_16_43_21_475.jpg,C:\myData\IMG\left_2025_06_02_16_43_21_475.jpg,C:\myData\IMG\right_2025_06_02_16_43_21_475.jpg,0,0,0,13.25404
C:\myData\IMG\center_2025_06_02_16_43_21_634.jpg,C:\myData\IMG\left_2025_06_02_16_43_21_634.jpg,C:\myData\IMG\right_2025_06_02_16_43_21_634.jpg,0,0,0,13.05701
C:\myData\IMG\center_2025_06_02_16_43_21_795.jpg,C:\myData\IMG\left_2025_06_02_16_43_21_795.jpg,C:\myData\IMG\right_2025_06_02_16_43_21_795.jpg,0,0,0,13.29852
C:\myData\IMG\center_2025_06_02_16_43_21_949.jpg,C:\myData\IMG\left_2025_06_02_16_43_21_949.jpg,C:\myData\IMG\right_2025_06_02_16_43_21_949.jpg,0,0,0,12.49669
C:\myData\IMG\center_2025_06_02_16_43_22_109.jpg,C:\myData\IMG\left_2025_06_02_16_43_22_109.jpg,C:\myData\IMG\right_2025_06_02_16_43_22_109.jpg,0,0,0,12.86943
C:\myData\IMG\center_2025_06_02_16_43_22_276.jpg,C:\myData\IMG\left_2025_06_02_16_43_22_276.jpg,C:\myData\IMG\right_2025_06_02_16_43_22_276.jpg,-0.4,0,0,12.59389
C:\myData\IMG\center_2025_06_02_16_43_22_442.jpg,C:\myData\IMG\left_2025_06_02_16_43_22_442.jpg,C:\myData\IMG\right_2025_06_02_16_43_22_442.jpg,0,0,0,11.91622
C:\myData\IMG\center_2025_06_02_16_43_22_598.jpg,C:\myData\IMG\left_2025_06_02_16_43_22_598.jpg,C:\myData\IMG\right_2025_06_02_16_43_22_598.jpg,0,0,0,11.71788
C:\myData\IMG\center_2025_06_02_16_43_22_755.jpg,C:\myData\IMG\left_2025_06_02_16_43_22_755.jpg,C:\myData\IMG\right_2025_06_02_16_43_22_755.jpg,0,0,0,11.57002
C:\myData\IMG\center_2025_06_02_16_43_22_910.jpg,C:\myData\IMG\left_2025_06_02_16_43_22_910.jpg,C:\myData\IMG\right_2025_06_02_16_43_22_910.jpg,0,0,0,11.40522
C:\myData\IMG\center_2025_06_02_16_43_23_075.jpg,C:\myData\IMG\left_2025_06_02_16_43_23_075.jpg,C:\myData\IMG\right_2025_06_02_16_43_23_075.jpg,-0.35,0,0,11.43583
C:\myData\IMG\center_2025_06_02_16_43_23_231.jpg,C:\myData\IMG\left_2025_06_02_16_43_23_231.jpg,C:\myData\IMG\right_2025_06_02_16_43_23_231.jpg,0,0,0,11.14915
C:\myData\IMG\center_2025_06_02_16_43_23_279.jpg,C:\myData\IMG\left_2025_06_02_16_43_23_279.jpg,C:\myData\IMG\right_2025_06_02_16_43_23_279.jpg,0,0,0,10.98773
C:\myData\IMG\center_2025_06_02_16_43_23_457.jpg,C:\myData\IMG\left_2025_06_02_16_43_23_457.jpg,C:\myData\IMG\right_2025_06_02_16_43_23_457.jpg,0,0,0,10.81015
C:\myData\IMG\center_2025_06_02_16_43_23_605.jpg,C:\myData\IMG\left_2025_06_02_16_43_23_605.jpg,C:\myData\IMG\right_2025_06_02_16_43_23_605.jpg,0,0,0,10.63528
C:\myData\IMG\center_2025_06_02_16_43_23_771.jpg,C:\myData\IMG\left_2025_06_02_16_43_23_771.jpg,C:\myData\IMG\right_2025_06_02_16_43_23_771.jpg,0,0,0,10.46209
C:\myData\IMG\center_2025_06_02_16_43_23_928.jpg,C:\myData\IMG\left_2025_06_02_16_43_23_928.jpg,C:\myData\IMG\right_2025_06_02_16_43_23_928.jpg,0,0,0,10.29167
C:\myData\IMG\center_2025_06_02_16_43_24_080.jpg,C:\myData\IMG\left_2025_06_02_16_43_24_080.jpg,C:\myData\IMG\right_2025_06_02_16_43_24_080.jpg,-0.4,0,0,10.07463
C:\myData\IMG\center_2025_06_02_16_43_24_249.jpg,C:\myData\IMG\left_2025_06_02_16_43_24_249.jpg,C:\myData\IMG\right_2025_06_02_16_43_24_249.jpg,-0.8000001,0,0,9.759574
C:\myData\IMG\center_2025_06_02_16_43_24_409.jpg,C:\myData\IMG\left_2025_06_02_16_43_24_409.jpg,C:\myData\IMG\right_2025_06_02_16_43_24_409.jpg,0,0,0,9.499115
C:\myData\IMG\center_2025_06_02_16_43_24_591.jpg,C:\myData\IMG\left_2025_06_02_16_43_24_591.jpg,C:\myData\IMG\right_2025_06_02_16_43_24_591.jpg,0,0,0,9.326588
C:\myData\IMG\center_2025_06_02_16_43_24_758.jpg,C:\myData\IMG\left_2025_06_02_16_43_24_758.jpg,C:\myData\IMG\right_2025_06_02_16_43_24_758.jpg,0,0,0,9.176956
C:\myData\IMG\center_2025_06_02_16_43_24_913.jpg,C:\myData\IMG\left_2025_06_02_16_43_24_913.jpg,C:\myData\IMG\right_2025_06_02_16_43_24_913.jpg,0,0,0,9.029746
C:\myData\IMG\center_2025_06_02_16_43_25_068.jpg,C:\myData\IMG\left_2025_06_02_16_43_25_068.jpg,C:\myData\IMG\right_2025_06_02_16_43_25_068.jpg,0,0,0,8.883853
C:\myData\IMG\center_2025_06_02_16_43_25_227.jpg,C:\myData\IMG\left_2025_06_02_16_43_25_227.jpg,C:\myData\IMG\right_2025_06_02_16_43_25_227.jpg,0,0,0,8.740106
C:\myData\IMG\center_2025_06_02_16_43_25_403.jpg,C:\myData\IMG\left_2025_06_02_16_43_25_403.jpg,C:\myData\IMG\right_2025_06_02_16_43_25_403.jpg,-0.45,0,0,8.527319
C:\myData\IMG\center_2025_06_02_16_43_25_587.jpg,C:\myData\IMG\left_2025_06_02_16_43_25_587.jpg,C:\myData\IMG\right_2025_06_02_16_43_25_587.jpg,-0.9000002,0,0,8.215569
C:\myData\IMG\center_2025_06_02_16_43_25_735.jpg,C:\myData\IMG\left_2025_06_02_16_43_25_735.jpg,C:\myData\IMG\right_2025_06_02_16_43_25_735.jpg,0,0,0,7.975163
C:\myData\IMG\center_2025_06_02_16_43_25_914.jpg,C:\myData\IMG\left_2025_06_02_16_43_25_914.jpg,C:\myData\IMG\right_2025_06_02_16_43_25_914.jpg,0,0,0,7.830353
C:\myData\IMG\center_2025_06_02_16_43_26_078.jpg,C:\myData\IMG\left_2025_06_02_16_43_26_078.jpg,C:\myData\IMG\right_2025_06_02_16_43_26_078.jpg,0,0,0,7.689864
C:\myData\IMG\center_2025_06_02_16_43_26_223.jpg,C:\myData\IMG\left_2025_06_02_16_43_26_223.jpg,C:\myData\IMG\right_2025_06_02_16_43_26_223.jpg,0,0,0,7.582363
C:\myData\IMG\center_2025_06_02_16_43_26_408.jpg,C:\myData\IMG\left_2025_06_02_16_43_26_408.jpg,C:\myData\IMG\right_2025_06_02_16_43_26_408.jpg,0,0,0,7.446361
C:\myData\IMG\center_2025_06_02_16_43_26_583.jpg,C:\myData\IMG\left_2025_06_02_16_43_26_583.jpg,C:\myData\IMG\right_2025_06_02_16_43_26_583.jpg,0,0,0,7.312805
C:\myData\IMG\center_2025_06_02_16_43_26_738.jpg,C:\myData\IMG\left_2025_06_02_16_43_26_738.jpg,C:\myData\IMG\right_2025_06_02_16_43_26_738.jpg,-0.4,0,0,7.160607
C:\myData\IMG\center_2025_06_02_16_43_26_857.jpg,C:\myData\IMG\left_2025_06_02_16_43_26_857.jpg,C:\myData\IMG\right_2025_06_02_16_43_26_857.jpg,-0.7,0,0,7.004394
C:\myData\IMG\center_2025_06_02_16_43_27_024.jpg,C:\myData\IMG\left_2025_06_02_16_43_27_024.jpg,C:\myData\IMG\right_2025_06_02_16_43_27_024.jpg,-1,0,0,6.754774
C:\myData\IMG\center_2025_06_02_16_43_27_191.jpg,C:\myData\IMG\left_2025_06_02_16_43_27_191.jpg,C:\myData\IMG\right_2025_06_02_16_43_27_191.jpg,0,0,0,6.484751
C:\myData\IMG\center_2025_06_02_16_43_27_339.jpg,C:\myData\IMG\left_2025_06_02_16_43_27_339.jpg,C:\myData\IMG\right_2025_06_02_16_43_27_339.jpg,0,0,0,6.381968
C:\myData\IMG\center_2025_06_02_16_43_27_508.jpg,C:\myData\IMG\left_2025_06_02_16_43_27_508.jpg,C:\myData\IMG\right_2025_06_02_16_43_27_508.jpg,0,0,0,6.281325
C:\myData\IMG\center_2025_06_02_16_43_27_683.jpg,C:\myData\IMG\left_2025_06_02_16_43_27_683.jpg,C:\myData\IMG\right_2025_06_02_16_43_27_683.jpg,0,0,0,6.168313
C:\myData\IMG\center_2025_06_02_16_43_27_811.jpg,C:\myData\IMG\left_2025_06_02_16_43_27_811.jpg,C:\myData\IMG\right_2025_06_02_16_43_27_811.jpg,0,0,0,6.094103
C:\myData\IMG\center_2025_06_02_16_43_27_976.jpg,C:\myData\IMG\left_2025_06_02_16_43_27_976.jpg,C:\myData\IMG\right_2025_06_02_16_43_27_976.jpg,0,0,0,5.996545
C:\myData\IMG\center_2025_06_02_16_43_28_162.jpg,C:\myData\IMG\left_2025_06_02_16_43_28_162.jpg,C:\myData\IMG\right_2025_06_02_16_43_28_162.jpg,0,0,0,5.876791
C:\myData\IMG\center_2025_06_02_16_43_28_316.jpg,C:\myData\IMG\left_2025_06_02_16_43_28_316.jpg,C:\myData\IMG\right_2025_06_02_16_43_28_316.jpg,0,0,0,5.794187
C:\myData\IMG\center_2025_06_02_16_43_28_488.jpg,C:\myData\IMG\left_2025_06_02_16_43_28_488.jpg,C:\myData\IMG\right_2025_06_02_16_43_28_488.jpg,0,0,0,5.68992
C:\myData\IMG\center_2025_06_02_16_43_28_653.jpg,C:\myData\IMG\left_2025_06_02_16_43_28_653.jpg,C:\myData\IMG\right_2025_06_02_16_43_28_653.jpg,0,0,0,5.598839
C:\myData\IMG\center_2025_06_02_16_43_28_786.jpg,C:\myData\IMG\left_2025_06_02_16_43_28_786.jpg,C:\myData\IMG\right_2025_06_02_16_43_28_786.jpg,0,0,0,5.520339
C:\myData\IMG\center_2025_06_02_16_43_28_967.jpg,C:\myData\IMG\left_2025_06_02_16_43_28_967.jpg,C:\myData\IMG\right_2025_06_02_16_43_28_967.jpg,0,0,0,5.421028
C:\myData\IMG\center_2025_06_02_16_43_29_096.jpg,C:\myData\IMG\left_2025_06_02_16_43_29_096.jpg,C:\myData\IMG\right_2025_06_02_16_43_29_096.jpg,0,0,0,5.355815
C:\myData\IMG\center_2025_06_02_16_43_29_272.jpg,C:\myData\IMG\left_2025_06_02_16_43_29_272.jpg,C:\myData\IMG\right_2025_06_02_16_43_29_272.jpg,0,0,0,5.270082
C:\myData\IMG\center_2025_06_02_16_43_29_439.jpg,C:\myData\IMG\left_2025_06_02_16_43_29_439.jpg,C:\myData\IMG\right_2025_06_02_16_43_29_439.jpg,0,0,0,5.164704
C:\myData\IMG\center_2025_06_02_16_43_29_599.jpg,C:\myData\IMG\left_2025_06_02_16_43_29_599.jpg,C:\myData\IMG\right_2025_06_02_16_43_29_599.jpg,0,0,0,5.081962
C:\myData\IMG\center_2025_06_02_16_43_29_763.jpg,C:\myData\IMG\left_2025_06_02_16_43_29_763.jpg,C:\myData\IMG\right_2025_06_02_16_43_29_763.jpg,0,0,0,5.000611
C:\myData\IMG\center_2025_06_02_16_43_29_941.jpg,C:\myData\IMG\left_2025_06_02_16_43_29_941.jpg,C:\myData\IMG\right_2025_06_02_16_43_29_941.jpg,0,0,0,4.910646
C:\myData\IMG\center_2025_06_02_16_43_30_081.jpg,C:\myData\IMG\left_2025_06_02_16_43_30_081.jpg,C:\myData\IMG\right_2025_06_02_16_43_30_081.jpg,0,0,0,4.841794
C:\myData\IMG\center_2025_06_02_16_43_30_218.jpg,C:\myData\IMG\left_2025_06_02_16_43_30_218.jpg,C:\myData\IMG\right_2025_06_02_16_43_30_218.jpg,0,0,0,4.773907
C:\myData\IMG\center_2025_06_02_16_43_30_366.jpg,C:\myData\IMG\left_2025_06_02_16_43_30_366.jpg,C:\myData\IMG\right_2025_06_02_16_43_30_366.jpg,0,0,0,4.70697
C:\myData\IMG\center_2025_06_02_16_43_30_548.jpg,C:\myData\IMG\left_2025_06_02_16_43_30_548.jpg,C:\myData\IMG\right_2025_06_02_16_43_30_548.jpg,0,0,0,4.62229
C:\myData\IMG\center_2025_06_02_16_43_30_712.jpg,C:\myData\IMG\left_2025_06_02_16_43_30_712.jpg,C:\myData\IMG\right_2025_06_02_16_43_30_712.jpg,0,0,0,4.548295
C:\myData\IMG\center_2025_06_02_16_43_30_853.jpg,C:\myData\IMG\left_2025_06_02_16_43_30_853.jpg,C:\myData\IMG\right_2025_06_02_16_43_30_853.jpg,0,0,0,4.484524
C:\myData\IMG\center_2025_06_02_16_43_30_997.jpg,C:\myData\IMG\left_2025_06_02_16_43_30_997.jpg,C:\myData\IMG\right_2025_06_02_16_43_30_997.jpg,0,0,0,4.412737
C:\myData\IMG\center_2025_06_02_16_43_31_159.jpg,C:\myData\IMG\left_2025_06_02_16_43_31_159.jpg,C:\myData\IMG\right_2025_06_02_16_43_31_159.jpg,0,0,0,4.342098
C:\myData\IMG\center_2025_06_02_16_43_31_316.jpg,C:\myData\IMG\left_2025_06_02_16_43_31_316.jpg,C:\myData\IMG\right_2025_06_02_16_43_31_316.jpg,0,0,0,4.272591
C:\myData\IMG\center_2025_06_02_16_43_31_471.jpg,C:\myData\IMG\left_2025_06_02_16_43_31_471.jpg,C:\myData\IMG\right_2025_06_02_16_43_31_471.jpg,0,0,0,4.212686
C:\myData\IMG\center_2025_06_02_16_43_31_638.jpg,C:\myData\IMG\left_2025_06_02_16_43_31_638.jpg,C:\myData\IMG\right_2025_06_02_16_43_31_638.jpg,0,0,0,4.136898
C:\myData\IMG\center_2025_06_02_16_43_31_788.jpg,C:\myData\IMG\left_2025_06_02_16_43_31_788.jpg,C:\myData\IMG\right_2025_06_02_16_43_31_788.jpg,0,0,0,4.078897
C:\myData\IMG\center_2025_06_02_16_43_31_943.jpg,C:\myData\IMG\left_2025_06_02_16_43_31_943.jpg,C:\myData\IMG\right_2025_06_02_16_43_31_943.jpg,0,0,0,4.013605
C:\myData\IMG\center_2025_06_02_16_43_32_093.jpg,C:\myData\IMG\left_2025_06_02_16_43_32_093.jpg,C:\myData\IMG\right_2025_06_02_16_43_32_093.jpg,0,0,0,3.957333
C:\myData\IMG\center_2025_06_02_16_43_32_267.jpg,C:\myData\IMG\left_2025_06_02_16_43_32_267.jpg,C:\myData\IMG\right_2025_06_02_16_43_32_267.jpg,0,0,0,3.886141
C:\myData\IMG\center_2025_06_02_16_43_32_417.jpg,C:\myData\IMG\left_2025_06_02_16_43_32_417.jpg,C:\myData\IMG\right_2025_06_02_16_43_32_417.jpg,0,0,0,3.831656
C:\myData\IMG\center_2025_06_02_16_43_32_571.jpg,C:\myData\IMG\left_2025_06_02_16_43_32_571.jpg,C:\myData\IMG\right_2025_06_02_16_43_32_571.jpg,0,0,0,3.770322
C:\myData\IMG\center_2025_06_02_16_43_32_749.jpg,C:\myData\IMG\left_2025_06_02_16_43_32_749.jpg,C:\myData\IMG\right_2025_06_02_16_43_32_749.jpg,0,0,0,3.702494
C:\myData\IMG\center_2025_06_02_16_43_32_904.jpg,C:\myData\IMG\left_2025_06_02_16_43_32_904.jpg,C:\myData\IMG\right_2025_06_02_16_43_32_904.jpg,0,0,0,3.643227
C:\myData\IMG\center_2025_06_02_16_43_33_050.jpg,C:\myData\IMG\left_2025_06_02_16_43_33_050.jpg,C:\myData\IMG\right_2025_06_02_16_43_33_050.jpg,0,0,0,3.592147
C:\myData\IMG\center_2025_06_02_16_43_33_205.jpg,C:\myData\IMG\left_2025_06_02_16_43_33_205.jpg,C:\myData\IMG\right_2025_06_02_16_43_33_205.jpg,0,0,0,3.534649
C:\myData\IMG\center_2025_06_02_16_43_33_375.jpg,C:\myData\IMG\left_2025_06_02_16_43_33_375.jpg,C:\myData\IMG\right_2025_06_02_16_43_33_375.jpg,0,0,0,3.478069
C:\myData\IMG\center_2025_06_02_16_43_33_528.jpg,C:\myData\IMG\left_2025_06_02_16_43_33_528.jpg,C:\myData\IMG\right_2025_06_02_16_43_33_528.jpg,0,0.4595304,0,4.296845
C:\myData\IMG\center_2025_06_02_16_43_33_678.jpg,C:\myData\IMG\left_2025_06_02_16_43_33_678.jpg,C:\myData\IMG\right_2025_06_02_16_43_33_678.jpg,0,0.9124527,0,5.96548
C:\myData\IMG\center_2025_06_02_16_43_33_863.jpg,C:\myData\IMG\left_2025_06_02_16_43_33_863.jpg,C:\myData\IMG\right_2025_06_02_16_43_33_863.jpg,0,1,0,8.016478
C:\myData\IMG\center_2025_06_02_16_43_34_046.jpg,C:\myData\IMG\left_2025_06_02_16_43_34_046.jpg,C:\myData\IMG\right_2025_06_02_16_43_34_046.jpg,0,1,0,10.03676
C:\myData\IMG\center_2025_06_02_16_43_34_220.jpg,C:\myData\IMG\left_2025_06_02_16_43_34_220.jpg,C:\myData\IMG\right_2025_06_02_16_43_34_220.jpg,0,1,0,12.15203
C:\myData\IMG\center_2025_06_02_16_43_34_380.jpg,C:\myData\IMG\left_2025_06_02_16_43_34_380.jpg,C:\myData\IMG\right_2025_06_02_16_43_34_380.jpg,0,1,0,13.82584
C:\myData\IMG\center_2025_06_02_16_43_34_506.jpg,C:\myData\IMG\left_2025_06_02_16_43_34_506.jpg,C:\myData\IMG\right_2025_06_02_16_43_34_506.jpg,0,1,0,15.13275
C:\myData\IMG\center_2025_06_02_16_43_34_792.jpg,C:\myData\IMG\left_2025_06_02_16_43_34_792.jpg,C:\myData\IMG\right_2025_06_02_16_43_34_792.jpg,0,1,0,16.81616
C:\myData\IMG\center_2025_06_02_16_43_34_856.jpg,C:\myData\IMG\left_2025_06_02_16_43_34_856.jpg,C:\myData\IMG\right_2025_06_02_16_43_34_856.jpg,0,1,0,18.51183
C:\myData\IMG\center_2025_06_02_16_43_35_072.jpg,C:\myData\IMG\left_2025_06_02_16_43_35_072.jpg,C:\myData\IMG\right_2025_06_02_16_43_35_072.jpg,0,1,0,20.87646
C:\myData\IMG\center_2025_06_02_16_43_35_221.jpg,C:\myData\IMG\left_2025_06_02_16_43_35_221.jpg,C:\myData\IMG\right_2025_06_02_16_43_35_221.jpg,0,1,0,22.44622
C:\myData\IMG\center_2025_06_02_16_43_35_346.jpg,C:\myData\IMG\left_2025_06_02_16_43_35_346.jpg,C:\myData\IMG\right_2025_06_02_16_43_35_346.jpg,0,1,0,23.61305
C:\myData\IMG\center_2025_06_02_16_43_35_499.jpg,C:\myData\IMG\left_2025_06_02_16_43_35_499.jpg,C:\myData\IMG\right_2025_06_02_16_43_35_499.jpg,0,1,0,25.15743
C:\myData\IMG\center_2025_06_02_16_43_35_678.jpg,C:\myData\IMG\left_2025_06_02_16_43_35_678.jpg,C:\myData\IMG\right_2025_06_02_16_43_35_678.jpg,0,1,0,26.86961
C:\myData\IMG\center_2025_06_02_16_43_35_879.jpg,C:\myData\IMG\left_2025_06_02_16_43_35_879.jpg,C:\myData\IMG\right_2025_06_02_16_43_35_879.jpg,0,0.3925786,0,27.37409
C:\myData\IMG\center_2025_06_02_16_43_36_045.jpg,C:\myData\IMG\left_2025_06_02_16_43_36_045.jpg,C:\myData\IMG\right_2025_06_02_16_43_36_045.jpg,0,0,0,26.99968
C:\myData\IMG\center_2025_06_02_16_43_36_193.jpg,C:\myData\IMG\left_2025_06_02_16_43_36_193.jpg,C:\myData\IMG\right_2025_06_02_16_43_36_193.jpg,0,0,0,26.62155
C:\myData\IMG\center_2025_06_02_16_43_36_367.jpg,C:\myData\IMG\left_2025_06_02_16_43_36_367.jpg,C:\myData\IMG\right_2025_06_02_16_43_36_367.jpg,-0.45,0,0,26.00437
C:\myData\IMG\center_2025_06_02_16_43_36_527.jpg,C:\myData\IMG\left_2025_06_02_16_43_36_527.jpg,C:\myData\IMG\right_2025_06_02_16_43_36_527.jpg,0,0,0,25.56657
C:\myData\IMG\center_2025_06_02_16_43_36_684.jpg,C:\myData\IMG\left_2025_06_02_16_43_36_684.jpg,C:\myData\IMG\right_2025_06_02_16_43_36_684.jpg,0,0,0,25.15606
C:\myData\IMG\center_2025_06_02_16_43_36_845.jpg,C:\myData\IMG\left_2025_06_02_16_43_36_845.jpg,C:\myData\IMG\right_2025_06_02_16_43_36_845.jpg,0,0,0,24.75311
C:\myData\IMG\center_2025_06_02_16_43_37_013.jpg,C:\myData\IMG\left_2025_06_02_16_43_37_013.jpg,C:\myData\IMG\right_2025_06_02_16_43_37_013.jpg,0,0,0,24.35667
C:\myData\IMG\center_2025_06_02_16_43_37_138.jpg,C:\myData\IMG\left_2025_06_02_16_43_37_138.jpg,C:\myData\IMG\right_2025_06_02_16_43_37_138.jpg,0,0,0,24.015
C:\myData\IMG\center_2025_06_02_16_43_37_250.jpg,C:\myData\IMG\left_2025_06_02_16_43_37_250.jpg,C:\myData\IMG\right_2025_06_02_16_43_37_250.jpg,0,0,0,23.77388
C:\myData\IMG\center_2025_06_02_16_43_37_430.jpg,C:\myData\IMG\left_2025_06_02_16_43_37_430.jpg,C:\myData\IMG\right_2025_06_02_16_43_37_430.jpg,0,0,0,23.34595
C:\myData\IMG\center_2025_06_02_16_43_37_564.jpg,C:\myData\IMG\left_2025_06_02_16_43_37_564.jpg,C:\myData\IMG\right_2025_06_02_16_43_37_564.jpg,0,0,0,23.01846
C:\myData\IMG\center_2025_06_02_16_43_37_702.jpg,C:\myData\IMG\left_2025_06_02_16_43_37_702.jpg,C:\myData\IMG\right_2025_06_02_16_43_37_702.jpg,-0.35,0,0,22.62581
C:\myData\IMG\center_2025_06_02_16_43_37_853.jpg,C:\myData\IMG\left_2025_06_02_16_43_37_853.jpg,C:\myData\IMG\right_2025_06_02_16_43_37_853.jpg,0,0,0,22.29691
C:\myData\IMG\center_2025_06_02_16_43_37_993.jpg,C:\myData\IMG\left_2025_06_02_16_43_37_993.jpg,C:\myData\IMG\right_2025_06_02_16_43_37_993.jpg,0,0,0,21.98381
C:\myData\IMG\center_2025_06_02_16_43_38_156.jpg,C:\myData\IMG\left_2025_06_02_16_43_38_156.jpg,C:\myData\IMG\right_2025_06_02_16_43_38_156.jpg,0,0,0,21.63163
C:\myData\IMG\center_2025_06_02_16_43_38_284.jpg,C:\myData\IMG\left_2025_06_02_16_43_38_284.jpg,C:\myData\IMG\right_2025_06_02_16_43_38_284.jpg,0,0,0,21.32815
C:\myData\IMG\center_2025_06_02_16_43_38_436.jpg,C:\myData\IMG\left_2025_06_02_16_43_38_436.jpg,C:\myData\IMG\right_2025_06_02_16_43_38_436.jpg,0,0,0,21.02902
C:\myData\IMG\center_2025_06_02_16_43_38_595.jpg,C:\myData\IMG\left_2025_06_02_16_43_38_595.jpg,C:\myData\IMG\right_2025_06_02_16_43_38_595.jpg,0,0,0,20.69224
C:\myData\IMG\center_2025_06_02_16_43_38_747.jpg,C:\myData\IMG\left_2025_06_02_16_43_38_747.jpg,C:\myData\IMG\right_2025_06_02_16_43_38_747.jpg,0,0,0,20.36087
C:\myData\IMG\center_2025_06_02_16_43_38_896.jpg,C:\myData\IMG\left_2025_06_02_16_43_38_896.jpg,C:\myData\IMG\right_2025_06_02_16_43_38_896.jpg,0,0,0,20.07524
C:\myData\IMG\center_2025_06_02_16_43_39_059.jpg,C:\myData\IMG\left_2025_06_02_16_43_39_059.jpg,C:\myData\IMG\right_2025_06_02_16_43_39_059.jpg,-0.4,0,0,19.66559
C:\myData\IMG\center_2025_06_02_16_43_39_201.jpg,C:\myData\IMG\left_2025_06_02_16_43_39_201.jpg,C:\myData\IMG\right_2025_06_02_16_43_39_201.jpg,0,0,0,19.33257
C:\myData\IMG\center_2025_06_02_16_43_39_355.jpg,C:\myData\IMG\left_2025_06_02_16_43_39_355.jpg,C:\myData\IMG\right_2025_06_02_16_43_39_355.jpg,0,0,0,19.06738
C:\myData\IMG\center_2025_06_02_16_43_39_520.jpg,C:\myData\IMG\left_2025_06_02_16_43_39_520.jpg,C:\myData\IMG\right_2025_06_02_16_43_39_520.jpg,0,0,0,18.68513
C:\myData\IMG\center_2025_06_02_16_43_39_674.jpg,C:\myData\IMG\left_2025_06_02_16_43_39_674.jpg,C:\myData\IMG\right_2025_06_02_16_43_39_674.jpg,0,0,0,18.42867
C:\myData\IMG\center_2025_06_02_16_43_39_842.jpg,C:\myData\IMG\left_2025_06_02_16_43_39_842.jpg,C:\myData\IMG\right_2025_06_02_16_43_39_842.jpg,0,0,0,17.85394
C:\myData\IMG\center_2025_06_02_16_43_40_091.jpg,C:\myData\IMG\left_2025_06_02_16_43_40_091.jpg,C:\myData\IMG\right_2025_06_02_16_43_40_091.jpg,0,0,0,17.53133
C:\myData\IMG\center_2025_06_02_16_43_40_245.jpg,C:\myData\IMG\left_2025_06_02_16_43_40_245.jpg,C:\myData\IMG\right_2025_06_02_16_43_40_245.jpg,0,0.4218597,0,18.33643
C:\myData\IMG\center_2025_06_02_16_43_40_396.jpg,C:\myData\IMG\left_2025_06_02_16_43_40_396.jpg,C:\myData\IMG\right_2025_06_02_16_43_40_396.jpg,0,0.9014329,0,19.67533
C:\myData\IMG\center_2025_06_02_16_43_40_450.jpg,C:\myData\IMG\left_2025_06_02_16_43_40_450.jpg,C:\myData\IMG\right_2025_06_02_16_43_40_450.jpg,0,1,0,20.97972
C:\myData\IMG\center_2025_06_02_16_43_40_632.jpg,C:\myData\IMG\left_2025_06_02_16_43_40_632.jpg,C:\myData\IMG\right_2025_06_02_16_43_40_632.jpg,0,1,0,22.817
C:\myData\IMG\center_2025_06_02_16_43_40_811.jpg,C:\myData\IMG\left_2025_06_02_16_43_40_811.jpg,C:\myData\IMG\right_2025_06_02_16_43_40_811.jpg,0,1,0,24.55606
C:\myData\IMG\center_2025_06_02_16_43_40_985.jpg,C:\myData\IMG\left_2025_06_02_16_43_40_985.jpg,C:\myData\IMG\right_2025_06_02_16_43_40_985.jpg,0,1,0,26.27705
C:\myData\IMG\center_2025_06_02_16_43_41_156.jpg,C:\myData\IMG\left_2025_06_02_16_43_41_156.jpg,C:\myData\IMG\right_2025_06_02_16_43_41_156.jpg,0,1,0,27.77977
C:\myData\IMG\center_2025_06_02_16_43_41_310.jpg,C:\myData\IMG\left_2025_06_02_16_43_41_310.jpg,C:\myData\IMG\right_2025_06_02_16_43_41_310.jpg,0,1,0,29.25841
C:\myData\IMG\center_2025_06_02_16_43_41_469.jpg,C:\myData\IMG\left_2025_06_02_16_43_41_469.jpg,C:\myData\IMG\right_2025_06_02_16_43_41_469.jpg,0,1,0,30.1901
C:\myData\IMG\center_2025_06_02_16_43_41_607.jpg,C:\myData\IMG\left_2025_06_02_16_43_41_607.jpg,C:\myData\IMG\right_2025_06_02_16_43_41_607.jpg,0,1,0,30.18987
C:\myData\IMG\center_2025_06_02_16_43_41_769.jpg,C:\myData\IMG\left_2025_06_02_16_43_41_769.jpg,C:\myData\IMG\right_2025_06_02_16_43_41_769.jpg,0,1,0,30.18987
C:\myData\IMG\center_2025_06_02_16_43_41_977.jpg,C:\myData\IMG\left_2025_06_02_16_43_41_977.jpg,C:\myData\IMG\right_2025_06_02_16_43_41_977.jpg,0,1,0,30.18989
C:\myData\IMG\center_2025_06_02_16_43_42_144.jpg,C:\myData\IMG\left_2025_06_02_16_43_42_144.jpg,C:\myData\IMG\right_2025_06_02_16_43_42_144.jpg,0,1,0,30.18989
C:\myData\IMG\center_2025_06_02_16_43_42_307.jpg,C:\myData\IMG\left_2025_06_02_16_43_42_307.jpg,C:\myData\IMG\right_2025_06_02_16_43_42_307.jpg,0,1,0,30.18989
C:\myData\IMG\center_2025_06_02_16_43_42_471.jpg,C:\myData\IMG\left_2025_06_02_16_43_42_471.jpg,C:\myData\IMG\right_2025_06_02_16_43_42_471.jpg,0,1,0,30.18991
C:\myData\IMG\center_2025_06_02_16_43_42_641.jpg,C:\myData\IMG\left_2025_06_02_16_43_42_641.jpg,C:\myData\IMG\right_2025_06_02_16_43_42_641.jpg,0,1,0,30.18987
C:\myData\IMG\center_2025_06_02_16_43_42_813.jpg,C:\myData\IMG\left_2025_06_02_16_43_42_813.jpg,C:\myData\IMG\right_2025_06_02_16_43_42_813.jpg,0,0.4873261,0,30.05964
C:\myData\IMG\center_2025_06_02_16_43_42_986.jpg,C:\myData\IMG\left_2025_06_02_16_43_42_986.jpg,C:\myData\IMG\right_2025_06_02_16_43_42_986.jpg,0,0,0,29.48576
C:\myData\IMG\center_2025_06_02_16_43_43_167.jpg,C:\myData\IMG\left_2025_06_02_16_43_43_167.jpg,C:\myData\IMG\right_2025_06_02_16_43_43_167.jpg,0,0,0,28.95141
C:\myData\IMG\center_2025_06_02_16_43_43_327.jpg,C:\myData\IMG\left_2025_06_02_16_43_43_327.jpg,C:\myData\IMG\right_2025_06_02_16_43_43_327.jpg,0,0,0,28.48454
C:\myData\IMG\center_2025_06_02_16_43_43_498.jpg,C:\myData\IMG\left_2025_06_02_16_43_43_498.jpg,C:\myData\IMG\right_2025_06_02_16_43_43_498.jpg,0,0,0,27.96826
C:\myData\IMG\center_2025_06_02_16_43_43_666.jpg,C:\myData\IMG\left_2025_06_02_16_43_43_666.jpg,C:\myData\IMG\right_2025_06_02_16_43_43_666.jpg,-0.4,0,0,27.41161
C:\myData\IMG\center_2025_06_02_16_43_43_838.jpg,C:\myData\IMG\left_2025_06_02_16_43_43_838.jpg,C:\myData\IMG\right_2025_06_02_16_43_43_838.jpg,0,0,0,26.95468
C:\myData\IMG\center_2025_06_02_16_43_44_001.jpg,C:\myData\IMG\left_2025_06_02_16_43_44_001.jpg,C:\myData\IMG\right_2025_06_02_16_43_44_001.jpg,0,0,0,26.46592
C:\myData\IMG\center_2025_06_02_16_43_44_194.jpg,C:\myData\IMG\left_2025_06_02_16_43_44_194.jpg,C:\myData\IMG\right_2025_06_02_16_43_44_194.jpg,0,0,0,25.98685
C:\myData\IMG\center_2025_06_02_16_43_44_368.jpg,C:\myData\IMG\left_2025_06_02_16_43_44_368.jpg,C:\myData\IMG\right_2025_06_02_16_43_44_368.jpg,0,0,0,25.51647
C:\myData\IMG\center_2025_06_02_16_43_44_538.jpg,C:\myData\IMG\left_2025_06_02_16_43_44_538.jpg,C:\myData\IMG\right_2025_06_02_16_43_44_538.jpg,0,0,0,25.05458
C:\myData\IMG\center_2025_06_02_16_43_44_702.jpg,C:\myData\IMG\left_2025_06_02_16_43_44_702.jpg,C:\myData\IMG\right_2025_06_02_16_43_44_702.jpg,0,0,0,24.651
C:\myData\IMG\center_2025_06_02_16_43_44_881.jpg,C:\myData\IMG\left_2025_06_02_16_43_44_881.jpg,C:\myData\IMG\right_2025_06_02_16_43_44_881.jpg,0,0,0,24.20469
C:\myData\IMG\center_2025_06_02_16_43_45_060.jpg,C:\myData\IMG\left_2025_06_02_16_43_45_060.jpg,C:\myData\IMG\right_2025_06_02_16_43_45_060.jpg,0,0,0,23.76643
C:\myData\IMG\center_2025_06_02_16_43_45_244.jpg,C:\myData\IMG\left_2025_06_02_16_43_45_244.jpg,C:\myData\IMG\right_2025_06_02_16_43_45_244.jpg,0,0,0,23.33606
C:\myData\IMG\center_2025_06_02_16_43_45_431.jpg,C:\myData\IMG\left_2025_06_02_16_43_45_431.jpg,C:\myData\IMG\right_2025_06_02_16_43_45_431.jpg,0.45,0,0,22.78431
C:\myData\IMG\center_2025_06_02_16_43_45_623.jpg,C:\myData\IMG\left_2025_06_02_16_43_45_623.jpg,C:\myData\IMG\right_2025_06_02_16_43_45_623.jpg,0,0,0,22.30238
C:\myData\IMG\center_2025_06_02_16_43_45_813.jpg,C:\myData\IMG\left_2025_06_02_16_43_45_813.jpg,C:\myData\IMG\right_2025_06_02_16_43_45_813.jpg,0,0,0,21.89727
C:\myData\IMG\center_2025_06_02_16_43_45_997.jpg,C:\myData\IMG\left_2025_06_02_16_43_45_997.jpg,C:\myData\IMG\right_2025_06_02_16_43_45_997.jpg,0,0,0,21.45585
C:\myData\IMG\center_2025_06_02_16_43_46_188.jpg,C:\myData\IMG\left_2025_06_02_16_43_46_188.jpg,C:\myData\IMG\right_2025_06_02_16_43_46_188.jpg,0,0,0,21.0661
C:\myData\IMG\center_2025_06_02_16_43_46_391.jpg,C:\myData\IMG\left_2025_06_02_16_43_46_391.jpg,C:\myData\IMG\right_2025_06_02_16_43_46_391.jpg,0,0,0,20.64132
C:\myData\IMG\center_2025_06_02_16_43_46_593.jpg,C:\myData\IMG\left_2025_06_02_16_43_46_593.jpg,C:\myData\IMG\right_2025_06_02_16_43_46_593.jpg,0,0,0,20.22503
C:\myData\IMG\center_2025_06_02_16_43_46_792.jpg,C:\myData\IMG\left_2025_06_02_16_43_46_792.jpg,C:\myData\IMG\right_2025_06_02_16_43_46_792.jpg,0,0,0,19.81703
C:\myData\IMG\center_2025_06_02_16_43_46_986.jpg,C:\myData\IMG\left_2025_06_02_16_43_46_986.jpg,C:\myData\IMG\right_2025_06_02_16_43_46_986.jpg,-0.5000001,0,0,19.27392
C:\myData\IMG\center_2025_06_02_16_43_47_209.jpg,C:\myData\IMG\left_2025_06_02_16_43_47_209.jpg,C:\myData\IMG\right_2025_06_02_16_43_47_209.jpg,0,0,0,18.85002
C:\myData\IMG\center_2025_06_02_16_43_47_400.jpg,C:\myData\IMG\left_2025_06_02_16_43_47_400.jpg,C:\myData\IMG\right_2025_06_02_16_43_47_400.jpg,0,0,0,18.51523
C:\myData\IMG\center_2025_06_02_16_43_47_598.jpg,C:\myData\IMG\left_2025_06_02_16_43_47_598.jpg,C:\myData\IMG\right_2025_06_02_16_43_47_598.jpg,0,0,0,18.22772
C:\myData\IMG\center_2025_06_02_16_43_47_853.jpg,C:\myData\IMG\left_2025_06_02_16_43_47_853.jpg,C:\myData\IMG\right_2025_06_02_16_43_47_853.jpg,0,0,0,17.35614
C:\myData\IMG\center_2025_06_02_16_43_48_004.jpg,C:\myData\IMG\left_2025_06_02_16_43_48_004.jpg,C:\myData\IMG\right_2025_06_02_16_43_48_004.jpg,0,0,0,17.56076
C:\myData\IMG\center_2025_06_02_16_43_48_190.jpg,C:\myData\IMG\left_2025_06_02_16_43_48_190.jpg,C:\myData\IMG\right_2025_06_02_16_43_48_190.jpg,0,0,0,16.70908
C:\myData\IMG\center_2025_06_02_16_43_48_376.jpg,C:\myData\IMG\left_2025_06_02_16_43_48_376.jpg,C:\myData\IMG\right_2025_06_02_16_43_48_376.jpg,0,0,0,16.94055
C:\myData\IMG\center_2025_06_02_16_43_48_558.jpg,C:\myData\IMG\left_2025_06_02_16_43_48_558.jpg,C:\myData\IMG\right_2025_06_02_16_43_48_558.jpg,0,0,0,16.6071
C:\myData\IMG\center_2025_06_02_16_43_48_891.jpg,C:\myData\IMG\left_2025_06_02_16_43_48_891.jpg,C:\myData\IMG\right_2025_06_02_16_43_48_891.jpg,0,0,0,15.76799
C:\myData\IMG\center_2025_06_02_16_43_49_031.jpg,C:\myData\IMG\left_2025_06_02_16_43_49_031.jpg,C:\myData\IMG\right_2025_06_02_16_43_49_031.jpg,0,0,0,16.03956
C:\myData\IMG\center_2025_06_02_16_43_49_235.jpg,C:\myData\IMG\left_2025_06_02_16_43_49_235.jpg,C:\myData\IMG\right_2025_06_02_16_43_49_235.jpg,0,0,0,15.72535
C:\myData\IMG\center_2025_06_02_16_43_49_405.jpg,C:\myData\IMG\left_2025_06_02_16_43_49_405.jpg,C:\myData\IMG\right_2025_06_02_16_43_49_405.jpg,0,0,0,14.92679
C:\myData\IMG\center_2025_06_02_16_43_49_589.jpg,C:\myData\IMG\left_2025_06_02_16_43_49_589.jpg,C:\myData\IMG\right_2025_06_02_16_43_49_589.jpg,0,0,0,15.17082
C:\myData\IMG\center_2025_06_02_16_43_49_781.jpg,C:\myData\IMG\left_2025_06_02_16_43_49_781.jpg,C:\myData\IMG\right_2025_06_02_16_43_49_781.jpg,0,0,0,14.8705
C:\myData\IMG\center_2025_06_02_16_43_49_973.jpg,C:\myData\IMG\left_2025_06_02_16_43_49_973.jpg,C:\myData\IMG\right_2025_06_02_16_43_49_973.jpg,0,0,0,14.09885
C:\myData\IMG\center_2025_06_02_16_43_50_163.jpg,C:\myData\IMG\left_2025_06_02_16_43_50_163.jpg,C:\myData\IMG\right_2025_06_02_16_43_50_163.jpg,0,0,0,13.81452
C:\myData\IMG\center_2025_06_02_16_43_50_359.jpg,C:\myData\IMG\left_2025_06_02_16_43_50_359.jpg,C:\myData\IMG\right_2025_06_02_16_43_50_359.jpg,0,0,0,14.05147
C:\myData\IMG\center_2025_06_02_16_43_50_548.jpg,C:\myData\IMG\left_2025_06_02_16_43_50_548.jpg,C:\myData\IMG\right_2025_06_02_16_43_50_548.jpg,0,0,0,13.72282
C:\myData\IMG\center_2025_06_02_16_43_50_769.jpg,C:\myData\IMG\left_2025_06_02_16_43_50_769.jpg,C:\myData\IMG\right_2025_06_02_16_43_50_769.jpg,0,0,0,12.9047
C:\myData\IMG\center_2025_06_02_16_43_50_959.jpg,C:\myData\IMG\left_2025_06_02_16_43_50_959.jpg,C:\myData\IMG\right_2025_06_02_16_43_50_959.jpg,-0.5000001,0,0,12.57835
C:\myData\IMG\center_2025_06_02_16_43_51_124.jpg,C:\myData\IMG\left_2025_06_02_16_43_51_124.jpg,C:\myData\IMG\right_2025_06_02_16_43_51_124.jpg,0,0,0,12.63049
C:\myData\IMG\center_2025_06_02_16_43_51_322.jpg,C:\myData\IMG\left_2025_06_02_16_43_51_322.jpg,C:\myData\IMG\right_2025_06_02_16_43_51_322.jpg,0,0,0,12.21745
C:\myData\IMG\center_2025_06_02_16_43_51_514.jpg,C:\myData\IMG\left_2025_06_02_16_43_51_514.jpg,C:\myData\IMG\right_2025_06_02_16_43_51_514.jpg,0,0,0,12.04921
C:\myData\IMG\center_2025_06_02_16_43_51_704.jpg,C:\myData\IMG\left_2025_06_02_16_43_51_704.jpg,C:\myData\IMG\right_2025_06_02_16_43_51_704.jpg,0,0,0,11.67176
C:\myData\IMG\center_2025_06_02_16_43_51_929.jpg,C:\myData\IMG\left_2025_06_02_16_43_51_929.jpg,C:\myData\IMG\right_2025_06_02_16_43_51_929.jpg,0,0,0,11.75761
C:\myData\IMG\center_2025_06_02_16_43_52_122.jpg,C:\myData\IMG\left_2025_06_02_16_43_52_122.jpg,C:\myData\IMG\right_2025_06_02_16_43_52_122.jpg,0,0,0,11.53728
C:\myData\IMG\center_2025_06_02_16_43_52_322.jpg,C:\myData\IMG\left_2025_06_02_16_43_52_322.jpg,C:\myData\IMG\right_2025_06_02_16_43_52_322.jpg,0,0,0,11.40949
C:\myData\IMG\center_2025_06_02_16_43_52_516.jpg,C:\myData\IMG\left_2025_06_02_16_43_52_516.jpg,C:\myData\IMG\right_2025_06_02_16_43_52_516.jpg,0,0,0,11.00376
C:\myData\IMG\center_2025_06_02_16_43_52_577.jpg,C:\myData\IMG\left_2025_06_02_16_43_52_577.jpg,C:\myData\IMG\right_2025_06_02_16_43_52_577.jpg,0,0,0,10.78397
C:\myData\IMG\center_2025_06_02_16_43_52_773.jpg,C:\myData\IMG\left_2025_06_02_16_43_52_773.jpg,C:\myData\IMG\right_2025_06_02_16_43_52_773.jpg,0,0,0,10.5899
C:\myData\IMG\center_2025_06_02_16_43_52_965.jpg,C:\myData\IMG\left_2025_06_02_16_43_52_965.jpg,C:\myData\IMG\right_2025_06_02_16_43_52_965.jpg,0,0,0,10.37838
C:\myData\IMG\center_2025_06_02_16_43_53_164.jpg,C:\myData\IMG\left_2025_06_02_16_43_53_164.jpg,C:\myData\IMG\right_2025_06_02_16_43_53_164.jpg,0,0,0,10.17108
C:\myData\IMG\center_2025_06_02_16_43_53_367.jpg,C:\myData\IMG\left_2025_06_02_16_43_53_367.jpg,C:\myData\IMG\right_2025_06_02_16_43_53_367.jpg,0,0,0,9.967921
C:\myData\IMG\center_2025_06_02_16_43_53_561.jpg,C:\myData\IMG\left_2025_06_02_16_43_53_561.jpg,C:\myData\IMG\right_2025_06_02_16_43_53_561.jpg,0,0,0,9.768812
C:\myData\IMG\center_2025_06_02_16_43_53_753.jpg,C:\myData\IMG\left_2025_06_02_16_43_53_753.jpg,C:\myData\IMG\right_2025_06_02_16_43_53_753.jpg,0,0,0,9.593025
C:\myData\IMG\center_2025_06_02_16_43_53_951.jpg,C:\myData\IMG\left_2025_06_02_16_43_53_951.jpg,C:\myData\IMG\right_2025_06_02_16_43_53_951.jpg,-0.5000001,0,0,9.324206
C:\myData\IMG\center_2025_06_02_16_43_54_146.jpg,C:\myData\IMG\left_2025_06_02_16_43_54_146.jpg,C:\myData\IMG\right_2025_06_02_16_43_54_146.jpg,0,0,0,9.107324
C:\myData\IMG\center_2025_06_02_16_43_54_350.jpg,C:\myData\IMG\left_2025_06_02_16_43_54_350.jpg,C:\myData\IMG\right_2025_06_02_16_43_54_350.jpg,0,0,0,8.925325
C:\myData\IMG\center_2025_06_02_16_43_54_542.jpg,C:\myData\IMG\left_2025_06_02_16_43_54_542.jpg,C:\myData\IMG\right_2025_06_02_16_43_54_542.jpg,0,0,0,8.747076
C:\myData\IMG\center_2025_06_02_16_43_54_732.jpg,C:\myData\IMG\left_2025_06_02_16_43_54_732.jpg,C:\myData\IMG\right_2025_06_02_16_43_54_732.jpg,0,0,0,8.589683
C:\myData\IMG\center_2025_06_02_16_43_54_925.jpg,C:\myData\IMG\left_2025_06_02_16_43_54_925.jpg,C:\myData\IMG\right_2025_06_02_16_43_54_925.jpg,0,0,0,8.41812
C:\myData\IMG\center_2025_06_02_16_43_55_118.jpg,C:\myData\IMG\left_2025_06_02_16_43_55_118.jpg,C:\myData\IMG\right_2025_06_02_16_43_55_118.jpg,0,0,0,8.249996
C:\myData\IMG\center_2025_06_02_16_43_55_312.jpg,C:\myData\IMG\left_2025_06_02_16_43_55_312.jpg,C:\myData\IMG\right_2025_06_02_16_43_55_312.jpg,0,0,0,8.101546
C:\myData\IMG\center_2025_06_02_16_43_55_509.jpg,C:\myData\IMG\left_2025_06_02_16_43_55_509.jpg,C:\myData\IMG\right_2025_06_02_16_43_55_509.jpg,0,0,0,7.939734
C:\myData\IMG\center_2025_06_02_16_43_55_703.jpg,C:\myData\IMG\left_2025_06_02_16_43_55_703.jpg,C:\myData\IMG\right_2025_06_02_16_43_55_703.jpg,0,0,0,7.781157
C:\myData\IMG\center_2025_06_02_16_43_55_894.jpg,C:\myData\IMG\left_2025_06_02_16_43_55_894.jpg,C:\myData\IMG\right_2025_06_02_16_43_55_894.jpg,0,0,0,7.641144
C:\myData\IMG\center_2025_06_02_16_43_56_086.jpg,C:\myData\IMG\left_2025_06_02_16_43_56_086.jpg,C:\myData\IMG\right_2025_06_02_16_43_56_086.jpg,0,0,0,7.488527
C:\myData\IMG\center_2025_06_02_16_43_56_277.jpg,C:\myData\IMG\left_2025_06_02_16_43_56_277.jpg,C:\myData\IMG\right_2025_06_02_16_43_56_277.jpg,0,0,0,7.338961
C:\myData\IMG\center_2025_06_02_16_43_56_471.jpg,C:\myData\IMG\left_2025_06_02_16_43_56_471.jpg,C:\myData\IMG\right_2025_06_02_16_43_56_471.jpg,0,0,0,7.206907
C:\myData\IMG\center_2025_06_02_16_43_56_673.jpg,C:\myData\IMG\left_2025_06_02_16_43_56_673.jpg,C:\myData\IMG\right_2025_06_02_16_43_56_673.jpg,-0.5000001,0,0,7.00472
C:\myData\IMG\center_2025_06_02_16_43_56_861.jpg,C:\myData\IMG\left_2025_06_02_16_43_56_861.jpg,C:\myData\IMG\right_2025_06_02_16_43_56_861.jpg,-1,0,0,6.69939
C:\myData\IMG\center_2025_06_02_16_43_57_052.jpg,C:\myData\IMG\left_2025_06_02_16_43_57_052.jpg,C:\myData\IMG\right_2025_06_02_16_43_57_052.jpg,0,0,0,6.438075
C:\myData\IMG\center_2025_06_02_16_43_57_243.jpg,C:\myData\IMG\left_2025_06_02_16_43_57_243.jpg,C:\myData\IMG\right_2025_06_02_16_43_57_243.jpg,0,0,0,6.309269
C:\myData\IMG\center_2025_06_02_16_43_57_431.jpg,C:\myData\IMG\left_2025_06_02_16_43_57_431.jpg,C:\myData\IMG\right_2025_06_02_16_43_57_431.jpg,0,0,0,6.195747
C:\myData\IMG\center_2025_06_02_16_43_57_626.jpg,C:\myData\IMG\left_2025_06_02_16_43_57_626.jpg,C:\myData\IMG\right_2025_06_02_16_43_57_626.jpg,0,0,0,6.072002
C:\myData\IMG\center_2025_06_02_16_43_57_816.jpg,C:\myData\IMG\left_2025_06_02_16_43_57_816.jpg,C:\myData\IMG\right_2025_06_02_16_43_57_816.jpg,0,0,0,5.950727
C:\myData\IMG\center_2025_06_02_16_43_58_000.jpg,C:\myData\IMG\left_2025_06_02_16_43_58_000.jpg,C:\myData\IMG\right_2025_06_02_16_43_58_000.jpg,0,0,0,5.843651
C:\myData\IMG\center_2025_06_02_16_43_58_188.jpg,C:\myData\IMG\left_2025_06_02_16_43_58_188.jpg,C:\myData\IMG\right_2025_06_02_16_43_58_188.jpg,0,0,0,5.7385
C:\myData\IMG\center_2025_06_02_16_43_58_373.jpg,C:\myData\IMG\left_2025_06_02_16_43_58_373.jpg,C:\myData\IMG\right_2025_06_02_16_43_58_373.jpg,0,0,0,5.635243
C:\myData\IMG\center_2025_06_02_16_43_58_560.jpg,C:\myData\IMG\left_2025_06_02_16_43_58_560.jpg,C:\myData\IMG\right_2025_06_02_16_43_58_560.jpg,0,0,0,5.522689
C:\myData\IMG\center_2025_06_02_16_43_58_749.jpg,C:\myData\IMG\left_2025_06_02_16_43_58_749.jpg,C:\myData\IMG\right_2025_06_02_16_43_58_749.jpg,0,0,0,5.423316
C:\myData\IMG\center_2025_06_02_16_43_58_932.jpg,C:\myData\IMG\left_2025_06_02_16_43_58_932.jpg,C:\myData\IMG\right_2025_06_02_16_43_58_932.jpg,-0.45,0,0,5.290083
C:\myData\IMG\center_2025_06_02_16_43_59_121.jpg,C:\myData\IMG\left_2025_06_02_16_43_59_121.jpg,C:\myData\IMG\right_2025_06_02_16_43_59_121.jpg,-0.9500002,0,0,5.070098
C:\myData\IMG\center_2025_06_02_16_43_59_309.jpg,C:\myData\IMG\left_2025_06_02_16_43_59_309.jpg,C:\myData\IMG\right_2025_06_02_16_43_59_309.jpg,0,0,0,4.875159
C:\myData\IMG\center_2025_06_02_16_43_59_498.jpg,C:\myData\IMG\left_2025_06_02_16_43_59_498.jpg,C:\myData\IMG\right_2025_06_02_16_43_59_498.jpg,0,0,0,4.776007
C:\myData\IMG\center_2025_06_02_16_43_59_679.jpg,C:\myData\IMG\left_2025_06_02_16_43_59_679.jpg,C:\myData\IMG\right_2025_06_02_16_43_59_679.jpg,0,0,0,4.688344
C:\myData\IMG\center_2025_06_02_16_43_59_884.jpg,C:\myData\IMG\left_2025_06_02_16_43_59_884.jpg,C:\myData\IMG\right_2025_06_02_16_43_59_884.jpg,0,0,0,4.593623
C:\myData\IMG\center_2025_06_02_16_44_00_061.jpg,C:\myData\IMG\left_2025_06_02_16_44_00_061.jpg,C:\myData\IMG\right_2025_06_02_16_44_00_061.jpg,0,0,0,4.510027
C:\myData\IMG\center_2025_06_02_16_44_00_247.jpg,C:\myData\IMG\left_2025_06_02_16_44_00_247.jpg,C:\myData\IMG\right_2025_06_02_16_44_00_247.jpg,0,0.5578539,0,5.616287
C:\myData\IMG\center_2025_06_02_16_44_00_427.jpg,C:\myData\IMG\left_2025_06_02_16_44_00_427.jpg,C:\myData\IMG\right_2025_06_02_16_44_00_427.jpg,0,1,0,7.654616
C:\myData\IMG\center_2025_06_02_16_44_00_609.jpg,C:\myData\IMG\left_2025_06_02_16_44_00_609.jpg,C:\myData\IMG\right_2025_06_02_16_44_00_609.jpg,0,1,0,9.67955
C:\myData\IMG\center_2025_06_02_16_44_00_790.jpg,C:\myData\IMG\left_2025_06_02_16_44_00_790.jpg,C:\myData\IMG\right_2025_06_02_16_44_00_790.jpg,0,1,0,11.50175
C:\myData\IMG\center_2025_06_02_16_44_00_979.jpg,C:\myData\IMG\left_2025_06_02_16_44_00_979.jpg,C:\myData\IMG\right_2025_06_02_16_44_00_979.jpg,0,1,0,13.75058
C:\myData\IMG\center_2025_06_02_16_44_01_236.jpg,C:\myData\IMG\left_2025_06_02_16_44_01_236.jpg,C:\myData\IMG\right_2025_06_02_16_44_01_236.jpg,0,0.4728244,0,14.57293
C:\myData\IMG\center_2025_06_02_16_44_01_410.jpg,C:\myData\IMG\left_2025_06_02_16_44_01_410.jpg,C:\myData\IMG\right_2025_06_02_16_44_01_410.jpg,0,0,0,14.27153
C:\myData\IMG\center_2025_06_02_16_44_01_585.jpg,C:\myData\IMG\left_2025_06_02_16_44_01_585.jpg,C:\myData\IMG\right_2025_06_02_16_44_01_585.jpg,0,0,0,14.09684
C:\myData\IMG\center_2025_06_02_16_44_01_756.jpg,C:\myData\IMG\left_2025_06_02_16_44_01_756.jpg,C:\myData\IMG\right_2025_06_02_16_44_01_756.jpg,0,0,0,13.87373
C:\myData\IMG\center_2025_06_02_16_44_01_928.jpg,C:\myData\IMG\left_2025_06_02_16_44_01_928.jpg,C:\myData\IMG\right_2025_06_02_16_44_01_928.jpg,-0.45,0,0,13.49171
C:\myData\IMG\center_2025_06_02_16_44_02_107.jpg,C:\myData\IMG\left_2025_06_02_16_44_02_107.jpg,C:\myData\IMG\right_2025_06_02_16_44_02_107.jpg,0,0,0,13.26532
C:\myData\IMG\center_2025_06_02_16_44_02_277.jpg,C:\myData\IMG\left_2025_06_02_16_44_02_277.jpg,C:\myData\IMG\right_2025_06_02_16_44_02_277.jpg,0,0,0,13.0442
C:\myData\IMG\center_2025_06_02_16_44_02_446.jpg,C:\myData\IMG\left_2025_06_02_16_44_02_446.jpg,C:\myData\IMG\right_2025_06_02_16_44_02_446.jpg,0,0,0,12.79668
C:\myData\IMG\center_2025_06_02_16_44_02_618.jpg,C:\myData\IMG\left_2025_06_02_16_44_02_618.jpg,C:\myData\IMG\right_2025_06_02_16_44_02_618.jpg,0,0,0,12.50636
C:\myData\IMG\center_2025_06_02_16_44_02_791.jpg,C:\myData\IMG\left_2025_06_02_16_44_02_791.jpg,C:\myData\IMG\right_2025_06_02_16_44_02_791.jpg,0,0,0,12.32894
C:\myData\IMG\center_2025_06_02_16_44_02_967.jpg,C:\myData\IMG\left_2025_06_02_16_44_02_967.jpg,C:\myData\IMG\right_2025_06_02_16_44_02_967.jpg,0,0,0,12.05895
C:\myData\IMG\center_2025_06_02_16_44_03_153.jpg,C:\myData\IMG\left_2025_06_02_16_44_03_153.jpg,C:\myData\IMG\right_2025_06_02_16_44_03_153.jpg,-0.45,0,0,11.82102
C:\myData\IMG\center_2025_06_02_16_44_03_330.jpg,C:\myData\IMG\left_2025_06_02_16_44_03_330.jpg,C:\myData\IMG\right_2025_06_02_16_44_03_330.jpg,-0.9000002,0,0,11.34182
C:\myData\IMG\center_2025_06_02_16_44_03_503.jpg,C:\myData\IMG\left_2025_06_02_16_44_03_503.jpg,C:\myData\IMG\right_2025_06_02_16_44_03_503.jpg,0,0,0,11.09186
C:\myData\IMG\center_2025_06_02_16_44_03_596.jpg,C:\myData\IMG\left_2025_06_02_16_44_03_596.jpg,C:\myData\IMG\right_2025_06_02_16_44_03_596.jpg,0,0,0,10.91335
C:\myData\IMG\center_2025_06_02_16_44_03_774.jpg,C:\myData\IMG\left_2025_06_02_16_44_03_774.jpg,C:\myData\IMG\right_2025_06_02_16_44_03_774.jpg,0,0,0,10.71735
C:\myData\IMG\center_2025_06_02_16_44_03_947.jpg,C:\myData\IMG\left_2025_06_02_16_44_03_947.jpg,C:\myData\IMG\right_2025_06_02_16_44_03_947.jpg,0,0,0,10.52513
C:\myData\IMG\center_2025_06_02_16_44_04_121.jpg,C:\myData\IMG\left_2025_06_02_16_44_04_121.jpg,C:\myData\IMG\right_2025_06_02_16_44_04_121.jpg,-0.45,0,0,10.26612
C:\myData\IMG\center_2025_06_02_16_44_04_307.jpg,C:\myData\IMG\left_2025_06_02_16_44_04_307.jpg,C:\myData\IMG\right_2025_06_02_16_44_04_307.jpg,0,0,0,10.05992
C:\myData\IMG\center_2025_06_02_16_44_04_485.jpg,C:\myData\IMG\left_2025_06_02_16_44_04_485.jpg,C:\myData\IMG\right_2025_06_02_16_44_04_485.jpg,0,0,0,9.881487
C:\myData\IMG\center_2025_06_02_16_44_04_664.jpg,C:\myData\IMG\left_2025_06_02_16_44_04_664.jpg,C:\myData\IMG\right_2025_06_02_16_44_04_664.jpg,0,0,0,9.707182
C:\myData\IMG\center_2025_06_02_16_44_04_842.jpg,C:\myData\IMG\left_2025_06_02_16_44_04_842.jpg,C:\myData\IMG\right_2025_06_02_16_44_04_842.jpg,-0.45,0,0,9.468727
C:\myData\IMG\center_2025_06_02_16_44_05_019.jpg,C:\myData\IMG\left_2025_06_02_16_44_05_019.jpg,C:\myData\IMG\right_2025_06_02_16_44_05_019.jpg,-0.9000002,0,0,9.110598
C:\myData\IMG\center_2025_06_02_16_44_05_196.jpg,C:\myData\IMG\left_2025_06_02_16_44_05_196.jpg,C:\myData\IMG\right_2025_06_02_16_44_05_196.jpg,-1,0,0,8.817402
C:\myData\IMG\center_2025_06_02_16_44_05_379.jpg,C:\myData\IMG\left_2025_06_02_16_44_05_379.jpg,C:\myData\IMG\right_2025_06_02_16_44_05_379.jpg,-1,0,0,8.571676
C:\myData\IMG\center_2025_06_02_16_44_05_562.jpg,C:\myData\IMG\left_2025_06_02_16_44_05_562.jpg,C:\myData\IMG\right_2025_06_02_16_44_05_562.jpg,0,0,0,8.196891
C:\myData\IMG\center_2025_06_02_16_44_05_746.jpg,C:\myData\IMG\left_2025_06_02_16_44_05_746.jpg,C:\myData\IMG\right_2025_06_02_16_44_05_746.jpg,0,0,0,8.046
C:\myData\IMG\center_2025_06_02_16_44_05_926.jpg,C:\myData\IMG\left_2025_06_02_16_44_05_926.jpg,C:\myData\IMG\right_2025_06_02_16_44_05_926.jpg,0,0,0,7.898857
C:\myData\IMG\center_2025_06_02_16_44_06_097.jpg,C:\myData\IMG\left_2025_06_02_16_44_06_097.jpg,C:\myData\IMG\right_2025_06_02_16_44_06_097.jpg,0,0,0,7.754344
C:\myData\IMG\center_2025_06_02_16_44_06_263.jpg,C:\myData\IMG\left_2025_06_02_16_44_06_263.jpg,C:\myData\IMG\right_2025_06_02_16_44_06_263.jpg,0,0,0,7.628056
C:\myData\IMG\center_2025_06_02_16_44_06_447.jpg,C:\myData\IMG\left_2025_06_02_16_44_06_447.jpg,C:\myData\IMG\right_2025_06_02_16_44_06_447.jpg,0,0,0,7.490272
C:\myData\IMG\center_2025_06_02_16_44_06_631.jpg,C:\myData\IMG\left_2025_06_02_16_44_06_631.jpg,C:\myData\IMG\right_2025_06_02_16_44_06_631.jpg,0,0,0,7.355257
C:\myData\IMG\center_2025_06_02_16_44_06_807.jpg,C:\myData\IMG\left_2025_06_02_16_44_06_807.jpg,C:\myData\IMG\right_2025_06_02_16_44_06_807.jpg,-0.45,0,0,7.17353
C:\myData\IMG\center_2025_06_02_16_44_06_983.jpg,C:\myData\IMG\left_2025_06_02_16_44_06_983.jpg,C:\myData\IMG\right_2025_06_02_16_44_06_983.jpg,-0.9000002,0,0,6.902294
C:\myData\IMG\center_2025_06_02_16_44_07_161.jpg,C:\myData\IMG\left_2025_06_02_16_44_07_161.jpg,C:\myData\IMG\right_2025_06_02_16_44_07_161.jpg,-1,0,0,6.660362
C:\myData\IMG\center_2025_06_02_16_44_07_335.jpg,C:\myData\IMG\left_2025_06_02_16_44_07_335.jpg,C:\myData\IMG\right_2025_06_02_16_44_07_335.jpg,0,0,0,6.376995
C:\myData\IMG\center_2025_06_02_16_44_07_517.jpg,C:\myData\IMG\left_2025_06_02_16_44_07_517.jpg,C:\myData\IMG\right_2025_06_02_16_44_07_517.jpg,0,0,0,6.246265
C:\myData\IMG\center_2025_06_02_16_44_07_694.jpg,C:\myData\IMG\left_2025_06_02_16_44_07_694.jpg,C:\myData\IMG\right_2025_06_02_16_44_07_694.jpg,0,0,0,6.144746
C:\myData\IMG\center_2025_06_02_16_44_07_877.jpg,C:\myData\IMG\left_2025_06_02_16_44_07_877.jpg,C:\myData\IMG\right_2025_06_02_16_44_07_877.jpg,0,0,0,6.021738
C:\myData\IMG\center_2025_06_02_16_44_08_058.jpg,C:\myData\IMG\left_2025_06_02_16_44_08_058.jpg,C:\myData\IMG\right_2025_06_02_16_44_08_058.jpg,0,0,0,5.914462
C:\myData\IMG\center_2025_06_02_16_44_08_237.jpg,C:\myData\IMG\left_2025_06_02_16_44_08_237.jpg,C:\myData\IMG\right_2025_06_02_16_44_08_237.jpg,0,0,0,5.810781
C:\myData\IMG\center_2025_06_02_16_44_08_417.jpg,C:\myData\IMG\left_2025_06_02_16_44_08_417.jpg,C:\myData\IMG\right_2025_06_02_16_44_08_417.jpg,0,0,0,5.708936
C:\myData\IMG\center_2025_06_02_16_44_08_597.jpg,C:\myData\IMG\left_2025_06_02_16_44_08_597.jpg,C:\myData\IMG\right_2025_06_02_16_44_08_597.jpg,0,0,0,5.608902
C:\myData\IMG\center_2025_06_02_16_44_08_775.jpg,C:\myData\IMG\left_2025_06_02_16_44_08_775.jpg,C:\myData\IMG\right_2025_06_02_16_44_08_775.jpg,-0.4,0,0,5.489439
C:\myData\IMG\center_2025_06_02_16_44_08_964.jpg,C:\myData\IMG\left_2025_06_02_16_44_08_964.jpg,C:\myData\IMG\right_2025_06_02_16_44_08_964.jpg,-0.9000002,0,0,5.264596
C:\myData\IMG\center_2025_06_02_16_44_09_148.jpg,C:\myData\IMG\left_2025_06_02_16_44_09_148.jpg,C:\myData\IMG\right_2025_06_02_16_44_09_148.jpg,-1,0,0,5.078474
C:\myData\IMG\center_2025_06_02_16_44_09_329.jpg,C:\myData\IMG\left_2025_06_02_16_44_09_329.jpg,C:\myData\IMG\right_2025_06_02_16_44_09_329.jpg,-1,0,0,4.940359
C:\myData\IMG\center_2025_06_02_16_44_09_507.jpg,C:\myData\IMG\left_2025_06_02_16_44_09_507.jpg,C:\myData\IMG\right_2025_06_02_16_44_09_507.jpg,0,0,0,4.714683
C:\myData\IMG\center_2025_06_02_16_44_09_672.jpg,C:\myData\IMG\left_2025_06_02_16_44_09_672.jpg,C:\myData\IMG\right_2025_06_02_16_44_09_672.jpg,0,0,0,4.639297
C:\myData\IMG\center_2025_06_02_16_44_09_863.jpg,C:\myData\IMG\left_2025_06_02_16_44_09_863.jpg,C:\myData\IMG\right_2025_06_02_16_44_09_863.jpg,0,0,0,4.548919
C:\myData\IMG\center_2025_06_02_16_44_10_054.jpg,C:\myData\IMG\left_2025_06_02_16_44_10_054.jpg,C:\myData\IMG\right_2025_06_02_16_44_10_054.jpg,0,0,0,4.469167
C:\myData\IMG\center_2025_06_02_16_44_10_223.jpg,C:\myData\IMG\left_2025_06_02_16_44_10_223.jpg,C:\myData\IMG\right_2025_06_02_16_44_10_223.jpg,0,0,0,4.390832
C:\myData\IMG\center_2025_06_02_16_44_10_398.jpg,C:\myData\IMG\left_2025_06_02_16_44_10_398.jpg,C:\myData\IMG\right_2025_06_02_16_44_10_398.jpg,0,0.5295594,0,5.442694
C:\myData\IMG\center_2025_06_02_16_44_10_578.jpg,C:\myData\IMG\left_2025_06_02_16_44_10_578.jpg,C:\myData\IMG\right_2025_06_02_16_44_10_578.jpg,0,1,0,7.486155
C:\myData\IMG\center_2025_06_02_16_44_10_750.jpg,C:\myData\IMG\left_2025_06_02_16_44_10_750.jpg,C:\myData\IMG\right_2025_06_02_16_44_10_750.jpg,0,1,0,9.293635
C:\myData\IMG\center_2025_06_02_16_44_10_927.jpg,C:\myData\IMG\left_2025_06_02_16_44_10_927.jpg,C:\myData\IMG\right_2025_06_02_16_44_10_927.jpg,0,0.4691698,0,10.19027
C:\myData\IMG\center_2025_06_02_16_44_11_109.jpg,C:\myData\IMG\left_2025_06_02_16_44_11_109.jpg,C:\myData\IMG\right_2025_06_02_16_44_11_109.jpg,0,0,0,10.0502
C:\myData\IMG\center_2025_06_02_16_44_11_289.jpg,C:\myData\IMG\left_2025_06_02_16_44_11_289.jpg,C:\myData\IMG\right_2025_06_02_16_44_11_289.jpg,-0.45,0,0,9.807387
C:\myData\IMG\center_2025_06_02_16_44_11_463.jpg,C:\myData\IMG\left_2025_06_02_16_44_11_463.jpg,C:\myData\IMG\right_2025_06_02_16_44_11_463.jpg,-0.9000002,0,0,9.435658
C:\myData\IMG\center_2025_06_02_16_44_11_643.jpg,C:\myData\IMG\left_2025_06_02_16_44_11_643.jpg,C:\myData\IMG\right_2025_06_02_16_44_11_643.jpg,0,0,0,9.138001
C:\myData\IMG\center_2025_06_02_16_44_11_819.jpg,C:\myData\IMG\left_2025_06_02_16_44_11_819.jpg,C:\myData\IMG\right_2025_06_02_16_44_11_819.jpg,0,0,0,8.977459
C:\myData\IMG\center_2025_06_02_16_44_11_995.jpg,C:\myData\IMG\left_2025_06_02_16_44_11_995.jpg,C:\myData\IMG\right_2025_06_02_16_44_11_995.jpg,0,0,0,8.820947
C:\myData\IMG\center_2025_06_02_16_44_12_168.jpg,C:\myData\IMG\left_2025_06_02_16_44_12_168.jpg,C:\myData\IMG\right_2025_06_02_16_44_12_168.jpg,0,0,0,8.685776
C:\myData\IMG\center_2025_06_02_16_44_12_350.jpg,C:\myData\IMG\left_2025_06_02_16_44_12_350.jpg,C:\myData\IMG\right_2025_06_02_16_44_12_350.jpg,0,0,0,8.533206
C:\myData\IMG\center_2025_06_02_16_44_12_516.jpg,C:\myData\IMG\left_2025_06_02_16_44_12_516.jpg,C:\myData\IMG\right_2025_06_02_16_44_12_516.jpg,-0.4,0,0,8.353546
C:\myData\IMG\center_2025_06_02_16_44_12_679.jpg,C:\myData\IMG\left_2025_06_02_16_44_12_679.jpg,C:\myData\IMG\right_2025_06_02_16_44_12_679.jpg,-0.8500001,0,0,8.053937
C:\myData\IMG\center_2025_06_02_16_44_12_851.jpg,C:\myData\IMG\left_2025_06_02_16_44_12_851.jpg,C:\myData\IMG\right_2025_06_02_16_44_12_851.jpg,-1,0,0,7.787197
C:\myData\IMG\center_2025_06_02_16_44_13_021.jpg,C:\myData\IMG\left_2025_06_02_16_44_13_021.jpg,C:\myData\IMG\right_2025_06_02_16_44_13_021.jpg,-1,0,0,7.594603
C:\myData\IMG\center_2025_06_02_16_44_13_198.jpg,C:\myData\IMG\left_2025_06_02_16_44_13_198.jpg,C:\myData\IMG\right_2025_06_02_16_44_13_198.jpg,-1,0,0,7.407387
C:\myData\IMG\center_2025_06_02_16_44_13_384.jpg,C:\myData\IMG\left_2025_06_02_16_44_13_384.jpg,C:\myData\IMG\right_2025_06_02_16_44_13_384.jpg,0,0,0,7.078481
C:\myData\IMG\center_2025_06_02_16_44_13_544.jpg,C:\myData\IMG\left_2025_06_02_16_44_13_544.jpg,C:\myData\IMG\right_2025_06_02_16_44_13_544.jpg,0,0,0,6.964523
C:\myData\IMG\center_2025_06_02_16_44_13_720.jpg,C:\myData\IMG\left_2025_06_02_16_44_13_720.jpg,C:\myData\IMG\right_2025_06_02_16_44_13_720.jpg,0,0,0,6.838947
C:\myData\IMG\center_2025_06_02_16_44_13_884.jpg,C:\myData\IMG\left_2025_06_02_16_44_13_884.jpg,C:\myData\IMG\right_2025_06_02_16_44_13_884.jpg,0,0,0,6.729189
C:\myData\IMG\center_2025_06_02_16_44_14_059.jpg,C:\myData\IMG\left_2025_06_02_16_44_14_059.jpg,C:\myData\IMG\right_2025_06_02_16_44_14_059.jpg,0,0,0,6.607793
C:\myData\IMG\center_2025_06_02_16_44_14_235.jpg,C:\myData\IMG\left_2025_06_02_16_44_14_235.jpg,C:\myData\IMG\right_2025_06_02_16_44_14_235.jpg,0,0,0,6.501706
C:\myData\IMG\center_2025_06_02_16_44_14_404.jpg,C:\myData\IMG\left_2025_06_02_16_44_14_404.jpg,C:\myData\IMG\right_2025_06_02_16_44_14_404.jpg,0,0.5069421,0,7.458337
C:\myData\IMG\center_2025_06_02_16_44_14_587.jpg,C:\myData\IMG\left_2025_06_02_16_44_14_587.jpg,C:\myData\IMG\right_2025_06_02_16_44_14_587.jpg,0,1,0,9.457536
C:\myData\IMG\center_2025_06_02_16_44_14_755.jpg,C:\myData\IMG\left_2025_06_02_16_44_14_755.jpg,C:\myData\IMG\right_2025_06_02_16_44_14_755.jpg,0,1,0,11.23354
C:\myData\IMG\center_2025_06_02_16_44_14_927.jpg,C:\myData\IMG\left_2025_06_02_16_44_14_927.jpg,C:\myData\IMG\right_2025_06_02_16_44_14_927.jpg,0,1,0,13.11168
C:\myData\IMG\center_2025_06_02_16_44_15_181.jpg,C:\myData\IMG\left_2025_06_02_16_44_15_181.jpg,C:\myData\IMG\right_2025_06_02_16_44_15_181.jpg,0,1,0,15.16802
C:\myData\IMG\center_2025_06_02_16_44_15_359.jpg,C:\myData\IMG\left_2025_06_02_16_44_15_359.jpg,C:\myData\IMG\right_2025_06_02_16_44_15_359.jpg,0,0.4879384,0,15.90609
C:\myData\IMG\center_2025_06_02_16_44_15_534.jpg,C:\myData\IMG\left_2025_06_02_16_44_15_534.jpg,C:\myData\IMG\right_2025_06_02_16_44_15_534.jpg,0,0,0,15.5889
C:\myData\IMG\center_2025_06_02_16_44_15_722.jpg,C:\myData\IMG\left_2025_06_02_16_44_15_722.jpg,C:\myData\IMG\right_2025_06_02_16_44_15_722.jpg,-0.5000001,0,0,15.16858
C:\myData\IMG\center_2025_06_02_16_44_15_904.jpg,C:\myData\IMG\left_2025_06_02_16_44_15_904.jpg,C:\myData\IMG\right_2025_06_02_16_44_15_904.jpg,0,0,0,14.87694
C:\myData\IMG\center_2025_06_02_16_44_16_132.jpg,C:\myData\IMG\left_2025_06_02_16_44_16_132.jpg,C:\myData\IMG\right_2025_06_02_16_44_16_132.jpg,0,0,0,14.69936
C:\myData\IMG\center_2025_06_02_16_44_16_304.jpg,C:\myData\IMG\left_2025_06_02_16_44_16_304.jpg,C:\myData\IMG\right_2025_06_02_16_44_16_304.jpg,0,0,0,14.40301
C:\myData\IMG\center_2025_06_02_16_44_16_451.jpg,C:\myData\IMG\left_2025_06_02_16_44_16_451.jpg,C:\myData\IMG\right_2025_06_02_16_44_16_451.jpg,0,0,0,14.1217
C:\myData\IMG\center_2025_06_02_16_44_16_632.jpg,C:\myData\IMG\left_2025_06_02_16_44_16_632.jpg,C:\myData\IMG\right_2025_06_02_16_44_16_632.jpg,0,0,0,13.88925
C:\myData\IMG\center_2025_06_02_16_44_16_825.jpg,C:\myData\IMG\left_2025_06_02_16_44_16_825.jpg,C:\myData\IMG\right_2025_06_02_16_44_16_825.jpg,-0.5000001,0,0,13.48603
C:\myData\IMG\center_2025_06_02_16_44_17_013.jpg,C:\myData\IMG\left_2025_06_02_16_44_17_013.jpg,C:\myData\IMG\right_2025_06_02_16_44_17_013.jpg,-0.9500002,0,0,12.92662
C:\myData\IMG\center_2025_06_02_16_44_17_206.jpg,C:\myData\IMG\left_2025_06_02_16_44_17_206.jpg,C:\myData\IMG\right_2025_06_02_16_44_17_206.jpg,-1,0,0,12.45229
C:\myData\IMG\center_2025_06_02_16_44_17_393.jpg,C:\myData\IMG\left_2025_06_02_16_44_17_393.jpg,C:\myData\IMG\right_2025_06_02_16_44_17_393.jpg,0,0,0,12.06295
C:\myData\IMG\center_2025_06_02_16_44_17_582.jpg,C:\myData\IMG\left_2025_06_02_16_44_17_582.jpg,C:\myData\IMG\right_2025_06_02_16_44_17_582.jpg,0,0,0,11.6245
C:\myData\IMG\center_2025_06_02_16_44_17_788.jpg,C:\myData\IMG\left_2025_06_02_16_44_17_788.jpg,C:\myData\IMG\right_2025_06_02_16_44_17_788.jpg,0,0,0,11.75421
C:\myData\IMG\center_2025_06_02_16_44_17_978.jpg,C:\myData\IMG\left_2025_06_02_16_44_17_978.jpg,C:\myData\IMG\right_2025_06_02_16_44_17_978.jpg,0,0,0,11.41099
C:\myData\IMG\center_2025_06_02_16_44_18_158.jpg,C:\myData\IMG\left_2025_06_02_16_44_18_158.jpg,C:\myData\IMG\right_2025_06_02_16_44_18_158.jpg,0,0,0,11.12957
C:\myData\IMG\center_2025_06_02_16_44_18_246.jpg,C:\myData\IMG\left_2025_06_02_16_44_18_246.jpg,C:\myData\IMG\right_2025_06_02_16_44_18_246.jpg,0,0,0,10.95103
C:\myData\IMG\center_2025_06_02_16_44_18_539.jpg,C:\myData\IMG\left_2025_06_02_16_44_18_539.jpg,C:\myData\IMG\right_2025_06_02_16_44_18_539.jpg,0,0.5571225,0,11.99778
C:\myData\IMG\center_2025_06_02_16_44_18_726.jpg,C:\myData\IMG\left_2025_06_02_16_44_18_726.jpg,C:\myData\IMG\right_2025_06_02_16_44_18_726.jpg,0,1,0,14.35878
C:\myData\IMG\center_2025_06_02_16_44_18_915.jpg,C:\myData\IMG\left_2025_06_02_16_44_18_915.jpg,C:\myData\IMG\right_2025_06_02_16_44_18_915.jpg,0,1,0,16.47853
C:\myData\IMG\center_2025_06_02_16_44_19_016.jpg,C:\myData\IMG\left_2025_06_02_16_44_19_016.jpg,C:\myData\IMG\right_2025_06_02_16_44_19_016.jpg,0,1,0,18.14483
C:\myData\IMG\center_2025_06_02_16_44_19_195.jpg,C:\myData\IMG\left_2025_06_02_16_44_19_195.jpg,C:\myData\IMG\right_2025_06_02_16_44_19_195.jpg,0,1,0,19.81428
C:\myData\IMG\center_2025_06_02_16_44_19_377.jpg,C:\myData\IMG\left_2025_06_02_16_44_19_377.jpg,C:\myData\IMG\right_2025_06_02_16_44_19_377.jpg,0,1,0,21.71075
C:\myData\IMG\center_2025_06_02_16_44_19_562.jpg,C:\myData\IMG\left_2025_06_02_16_44_19_562.jpg,C:\myData\IMG\right_2025_06_02_16_44_19_562.jpg,0,0.4418455,0,22.36913
C:\myData\IMG\center_2025_06_02_16_44_19_740.jpg,C:\myData\IMG\left_2025_06_02_16_44_19_740.jpg,C:\myData\IMG\right_2025_06_02_16_44_19_740.jpg,0,0,0,22.14617
C:\myData\IMG\center_2025_06_02_16_44_19_927.jpg,C:\myData\IMG\left_2025_06_02_16_44_19_927.jpg,C:\myData\IMG\right_2025_06_02_16_44_19_927.jpg,0.45,0,0,21.37368
C:\myData\IMG\center_2025_06_02_16_44_20_106.jpg,C:\myData\IMG\left_2025_06_02_16_44_20_106.jpg,C:\myData\IMG\right_2025_06_02_16_44_20_106.jpg,0,0,0,21.24314
C:\myData\IMG\center_2025_06_02_16_44_20_286.jpg,C:\myData\IMG\left_2025_06_02_16_44_20_286.jpg,C:\myData\IMG\right_2025_06_02_16_44_20_286.jpg,0,0,0,20.55805
C:\myData\IMG\center_2025_06_02_16_44_20_473.jpg,C:\myData\IMG\left_2025_06_02_16_44_20_473.jpg,C:\myData\IMG\right_2025_06_02_16_44_20_473.jpg,0,0,0,20.50229
C:\myData\IMG\center_2025_06_02_16_44_20_649.jpg,C:\myData\IMG\left_2025_06_02_16_44_20_649.jpg,C:\myData\IMG\right_2025_06_02_16_44_20_649.jpg,0,0,0,19.80046
C:\myData\IMG\center_2025_06_02_16_44_20_827.jpg,C:\myData\IMG\left_2025_06_02_16_44_20_827.jpg,C:\myData\IMG\right_2025_06_02_16_44_20_827.jpg,0,0,0,19.79844
C:\myData\IMG\center_2025_06_02_16_44_21_016.jpg,C:\myData\IMG\left_2025_06_02_16_44_21_016.jpg,C:\myData\IMG\right_2025_06_02_16_44_21_016.jpg,0,0,0,19.04412
C:\myData\IMG\center_2025_06_02_16_44_21_201.jpg,C:\myData\IMG\left_2025_06_02_16_44_21_201.jpg,C:\myData\IMG\right_2025_06_02_16_44_21_201.jpg,0,0,0,18.63148
C:\myData\IMG\center_2025_06_02_16_44_21_311.jpg,C:\myData\IMG\left_2025_06_02_16_44_21_311.jpg,C:\myData\IMG\right_2025_06_02_16_44_21_311.jpg,0,0,0,18.91759
C:\myData\IMG\center_2025_06_02_16_44_21_572.jpg,C:\myData\IMG\left_2025_06_02_16_44_21_572.jpg,C:\myData\IMG\right_2025_06_02_16_44_21_572.jpg,0,0.7813173,0,20.63223
C:\myData\IMG\center_2025_06_02_16_44_21_750.jpg,C:\myData\IMG\left_2025_06_02_16_44_21_750.jpg,C:\myData\IMG\right_2025_06_02_16_44_21_750.jpg,0,0.2473746,0,20.78641
C:\myData\IMG\center_2025_06_02_16_44_21_942.jpg,C:\myData\IMG\left_2025_06_02_16_44_21_942.jpg,C:\myData\IMG\right_2025_06_02_16_44_21_942.jpg,0,0.8210676,0,22.31524
C:\myData\IMG\center_2025_06_02_16_44_22_118.jpg,C:\myData\IMG\left_2025_06_02_16_44_22_118.jpg,C:\myData\IMG\right_2025_06_02_16_44_22_118.jpg,0,0.29348,0,22.62736
C:\myData\IMG\center_2025_06_02_16_44_22_297.jpg,C:\myData\IMG\left_2025_06_02_16_44_22_297.jpg,C:\myData\IMG\right_2025_06_02_16_44_22_297.jpg,0,0,0,22.2441
C:\myData\IMG\center_2025_06_02_16_44_22_475.jpg,C:\myData\IMG\left_2025_06_02_16_44_22_475.jpg,C:\myData\IMG\right_2025_06_02_16_44_22_475.jpg,0,0,0,21.88687
C:\myData\IMG\center_2025_06_02_16_44_22_619.jpg,C:\myData\IMG\left_2025_06_02_16_44_22_619.jpg,C:\myData\IMG\right_2025_06_02_16_44_22_619.jpg,0,0,0,21.53605
C:\myData\IMG\center_2025_06_02_16_44_22_754.jpg,C:\myData\IMG\left_2025_06_02_16_44_22_754.jpg,C:\myData\IMG\right_2025_06_02_16_44_22_754.jpg,-0.3,0,0,21.23033
C:\myData\IMG\center_2025_06_02_16_44_22_905.jpg,C:\myData\IMG\left_2025_06_02_16_44_22_905.jpg,C:\myData\IMG\right_2025_06_02_16_44_22_905.jpg,0,0,0,20.88356
C:\myData\IMG\center_2025_06_02_16_44_23_071.jpg,C:\myData\IMG\left_2025_06_02_16_44_23_071.jpg,C:\myData\IMG\right_2025_06_02_16_44_23_071.jpg,0,0,0,20.54892
C:\myData\IMG\center_2025_06_02_16_44_23_236.jpg,C:\myData\IMG\left_2025_06_02_16_44_23_236.jpg,C:\myData\IMG\right_2025_06_02_16_44_23_236.jpg,0,0,0,20.22044
C:\myData\IMG\center_2025_06_02_16_44_23_402.jpg,C:\myData\IMG\left_2025_06_02_16_44_23_402.jpg,C:\myData\IMG\right_2025_06_02_16_44_23_402.jpg,0,0,0,19.85032
C:\myData\IMG\center_2025_06_02_16_44_23_562.jpg,C:\myData\IMG\left_2025_06_02_16_44_23_562.jpg,C:\myData\IMG\right_2025_06_02_16_44_23_562.jpg,0,0,0,19.51645
C:\myData\IMG\center_2025_06_02_16_44_23_726.jpg,C:\myData\IMG\left_2025_06_02_16_44_23_726.jpg,C:\myData\IMG\right_2025_06_02_16_44_23_726.jpg,0,0,0,19.11182
C:\myData\IMG\center_2025_06_02_16_44_23_889.jpg,C:\myData\IMG\left_2025_06_02_16_44_23_889.jpg,C:\myData\IMG\right_2025_06_02_16_44_23_889.jpg,0,0,0,18.7031
C:\myData\IMG\center_2025_06_02_16_44_24_050.jpg,C:\myData\IMG\left_2025_06_02_16_44_24_050.jpg,C:\myData\IMG\right_2025_06_02_16_44_24_050.jpg,0,0,0,18.34527
C:\myData\IMG\center_2025_06_02_16_44_24_197.jpg,C:\myData\IMG\left_2025_06_02_16_44_24_197.jpg,C:\myData\IMG\right_2025_06_02_16_44_24_197.jpg,0,0,0,18.02246
C:\myData\IMG\center_2025_06_02_16_44_24_366.jpg,C:\myData\IMG\left_2025_06_02_16_44_24_366.jpg,C:\myData\IMG\right_2025_06_02_16_44_24_366.jpg,0,0,0,17.72116
C:\myData\IMG\center_2025_06_02_16_44_24_528.jpg,C:\myData\IMG\left_2025_06_02_16_44_24_528.jpg,C:\myData\IMG\right_2025_06_02_16_44_24_528.jpg,0,0,0,17.42571
C:\myData\IMG\center_2025_06_02_16_44_24_677.jpg,C:\myData\IMG\left_2025_06_02_16_44_24_677.jpg,C:\myData\IMG\right_2025_06_02_16_44_24_677.jpg,0.4,0,0,17.0845
C:\myData\IMG\center_2025_06_02_16_44_24_832.jpg,C:\myData\IMG\left_2025_06_02_16_44_24_832.jpg,C:\myData\IMG\right_2025_06_02_16_44_24_832.jpg,0,0,0,17.3364
C:\myData\IMG\center_2025_06_02_16_44_25_076.jpg,C:\myData\IMG\left_2025_06_02_16_44_25_076.jpg,C:\myData\IMG\right_2025_06_02_16_44_25_076.jpg,0,0,0,16.55027
C:\myData\IMG\center_2025_06_02_16_44_25_229.jpg,C:\myData\IMG\left_2025_06_02_16_44_25_229.jpg,C:\myData\IMG\right_2025_06_02_16_44_25_229.jpg,0,0,0,16.27454
C:\myData\IMG\center_2025_06_02_16_44_25_380.jpg,C:\myData\IMG\left_2025_06_02_16_44_25_380.jpg,C:\myData\IMG\right_2025_06_02_16_44_25_380.jpg,0,0,0,16.58925
C:\myData\IMG\center_2025_06_02_16_44_25_542.jpg,C:\myData\IMG\left_2025_06_02_16_44_25_542.jpg,C:\myData\IMG\right_2025_06_02_16_44_25_542.jpg,0,0,0,16.33301
C:\myData\IMG\center_2025_06_02_16_44_25_699.jpg,C:\myData\IMG\left_2025_06_02_16_44_25_699.jpg,C:\myData\IMG\right_2025_06_02_16_44_25_699.jpg,0,0,0,16.08687
C:\myData\IMG\center_2025_06_02_16_44_25_845.jpg,C:\myData\IMG\left_2025_06_02_16_44_25_845.jpg,C:\myData\IMG\right_2025_06_02_16_44_25_845.jpg,0,0,0,15.83814
C:\myData\IMG\center_2025_06_02_16_44_25_978.jpg,C:\myData\IMG\left_2025_06_02_16_44_25_978.jpg,C:\myData\IMG\right_2025_06_02_16_44_25_978.jpg,0.35,0,0,15.04641
C:\myData\IMG\center_2025_06_02_16_44_26_115.jpg,C:\myData\IMG\left_2025_06_02_16_44_26_115.jpg,C:\myData\IMG\right_2025_06_02_16_44_26_115.jpg,0.6500001,0,0,14.71306
C:\myData\IMG\center_2025_06_02_16_44_26_259.jpg,C:\myData\IMG\left_2025_06_02_16_44_26_259.jpg,C:\myData\IMG\right_2025_06_02_16_44_26_259.jpg,0,0,0,14.39744
C:\myData\IMG\center_2025_06_02_16_44_26_399.jpg,C:\myData\IMG\left_2025_06_02_16_44_26_399.jpg,C:\myData\IMG\right_2025_06_02_16_44_26_399.jpg,0,0,0,14.71399
C:\myData\IMG\center_2025_06_02_16_44_26_538.jpg,C:\myData\IMG\left_2025_06_02_16_44_26_538.jpg,C:\myData\IMG\right_2025_06_02_16_44_26_538.jpg,0,0,0,14.00669
C:\myData\IMG\center_2025_06_02_16_44_26_678.jpg,C:\myData\IMG\left_2025_06_02_16_44_26_678.jpg,C:\myData\IMG\right_2025_06_02_16_44_26_678.jpg,0,0,0,14.31043
C:\myData\IMG\center_2025_06_02_16_44_26_814.jpg,C:\myData\IMG\left_2025_06_02_16_44_26_814.jpg,C:\myData\IMG\right_2025_06_02_16_44_26_814.jpg,0.35,0,0,13.49073
C:\myData\IMG\center_2025_06_02_16_44_26_950.jpg,C:\myData\IMG\left_2025_06_02_16_44_26_950.jpg,C:\myData\IMG\right_2025_06_02_16_44_26_950.jpg,0,0,0,13.80778
C:\myData\IMG\center_2025_06_02_16_44_27_104.jpg,C:\myData\IMG\left_2025_06_02_16_44_27_104.jpg,C:\myData\IMG\right_2025_06_02_16_44_27_104.jpg,0,0,0,13.11565
C:\myData\IMG\center_2025_06_02_16_44_27_237.jpg,C:\myData\IMG\left_2025_06_02_16_44_27_237.jpg,C:\myData\IMG\right_2025_06_02_16_44_27_237.jpg,0,0,0,13.42565
C:\myData\IMG\center_2025_06_02_16_44_27_374.jpg,C:\myData\IMG\left_2025_06_02_16_44_27_374.jpg,C:\myData\IMG\right_2025_06_02_16_44_27_374.jpg,0,0,0,12.65739
C:\myData\IMG\center_2025_06_02_16_44_27_498.jpg,C:\myData\IMG\left_2025_06_02_16_44_27_498.jpg,C:\myData\IMG\right_2025_06_02_16_44_27_498.jpg,0,0,0,12.49638
C:\myData\IMG\center_2025_06_02_16_44_27_628.jpg,C:\myData\IMG\left_2025_06_02_16_44_27_628.jpg,C:\myData\IMG\right_2025_06_02_16_44_27_628.jpg,0.3,0,0,12.31593
C:\myData\IMG\center_2025_06_02_16_44_27_759.jpg,C:\myData\IMG\left_2025_06_02_16_44_27_759.jpg,C:\myData\IMG\right_2025_06_02_16_44_27_759.jpg,0,0,0,12.67141
C:\myData\IMG\center_2025_06_02_16_44_27_888.jpg,C:\myData\IMG\left_2025_06_02_16_44_27_888.jpg,C:\myData\IMG\right_2025_06_02_16_44_27_888.jpg,0,0,0,12.51525
C:\myData\IMG\center_2025_06_02_16_44_28_014.jpg,C:\myData\IMG\left_2025_06_02_16_44_28_014.jpg,C:\myData\IMG\right_2025_06_02_16_44_28_014.jpg,0.35,0,0,11.75421
C:\myData\IMG\center_2025_06_02_16_44_28_154.jpg,C:\myData\IMG\left_2025_06_02_16_44_28_154.jpg,C:\myData\IMG\right_2025_06_02_16_44_28_154.jpg,0.7,0,0,11.96824
C:\myData\IMG\center_2025_06_02_16_44_28_283.jpg,C:\myData\IMG\left_2025_06_02_16_44_28_283.jpg,C:\myData\IMG\right_2025_06_02_16_44_28_283.jpg,0,0,0,11.26333
C:\myData\IMG\center_2025_06_02_16_44_28_406.jpg,C:\myData\IMG\left_2025_06_02_16_44_28_406.jpg,C:\myData\IMG\right_2025_06_02_16_44_28_406.jpg,0,0,0,11.16072
C:\myData\IMG\center_2025_06_02_16_44_28_524.jpg,C:\myData\IMG\left_2025_06_02_16_44_28_524.jpg,C:\myData\IMG\right_2025_06_02_16_44_28_524.jpg,0,0,0,11.27458
C:\myData\IMG\center_2025_06_02_16_44_28_556.jpg,C:\myData\IMG\left_2025_06_02_16_44_28_556.jpg,C:\myData\IMG\right_2025_06_02_16_44_28_556.jpg,0,0,0,11.14651
C:\myData\IMG\center_2025_06_02_16_44_28_686.jpg,C:\myData\IMG\left_2025_06_02_16_44_28_686.jpg,C:\myData\IMG\right_2025_06_02_16_44_28_686.jpg,0,0,0,11.01395
C:\myData\IMG\center_2025_06_02_16_44_28_810.jpg,C:\myData\IMG\left_2025_06_02_16_44_28_810.jpg,C:\myData\IMG\right_2025_06_02_16_44_28_810.jpg,0,0,0,10.88308
C:\myData\IMG\center_2025_06_02_16_44_28_932.jpg,C:\myData\IMG\left_2025_06_02_16_44_28_932.jpg,C:\myData\IMG\right_2025_06_02_16_44_28_932.jpg,0,0,0,10.75373
C:\myData\IMG\center_2025_06_02_16_44_29_059.jpg,C:\myData\IMG\left_2025_06_02_16_44_29_059.jpg,C:\myData\IMG\right_2025_06_02_16_44_29_059.jpg,0.35,0,0,10.56356
C:\myData\IMG\center_2025_06_02_16_44_29_182.jpg,C:\myData\IMG\left_2025_06_02_16_44_29_182.jpg,C:\myData\IMG\right_2025_06_02_16_44_29_182.jpg,0.6500001,0,0,10.32995
C:\myData\IMG\center_2025_06_02_16_44_29_289.jpg,C:\myData\IMG\left_2025_06_02_16_44_29_289.jpg,C:\myData\IMG\right_2025_06_02_16_44_29_289.jpg,0.9000002,0,0,10.09177
C:\myData\IMG\center_2025_06_02_16_44_29_403.jpg,C:\myData\IMG\left_2025_06_02_16_44_29_403.jpg,C:\myData\IMG\right_2025_06_02_16_44_29_403.jpg,1,0,0,9.826179
C:\myData\IMG\center_2025_06_02_16_44_29_518.jpg,C:\myData\IMG\left_2025_06_02_16_44_29_518.jpg,C:\myData\IMG\right_2025_06_02_16_44_29_518.jpg,1,0,0,9.651761
C:\myData\IMG\center_2025_06_02_16_44_29_638.jpg,C:\myData\IMG\left_2025_06_02_16_44_29_638.jpg,C:\myData\IMG\right_2025_06_02_16_44_29_638.jpg,0,0,0,9.3142
C:\myData\IMG\center_2025_06_02_16_44_29_763.jpg,C:\myData\IMG\left_2025_06_02_16_44_29_763.jpg,C:\myData\IMG\right_2025_06_02_16_44_29_763.jpg,0,0,0,9.188651
C:\myData\IMG\center_2025_06_02_16_44_29_894.jpg,C:\myData\IMG\left_2025_06_02_16_44_29_894.jpg,C:\myData\IMG\right_2025_06_02_16_44_29_894.jpg,0,0,0,9.078041
C:\myData\IMG\center_2025_06_02_16_44_30_009.jpg,C:\myData\IMG\left_2025_06_02_16_44_30_009.jpg,C:\myData\IMG\right_2025_06_02_16_44_30_009.jpg,0,0,0,8.969011
C:\myData\IMG\center_2025_06_02_16_44_30_134.jpg,C:\myData\IMG\left_2025_06_02_16_44_30_134.jpg,C:\myData\IMG\right_2025_06_02_16_44_30_134.jpg,0,0,0,8.861254
C:\myData\IMG\center_2025_06_02_16_44_30_258.jpg,C:\myData\IMG\left_2025_06_02_16_44_30_258.jpg,C:\myData\IMG\right_2025_06_02_16_44_30_258.jpg,0,0,0,8.737808
C:\myData\IMG\center_2025_06_02_16_44_30_377.jpg,C:\myData\IMG\left_2025_06_02_16_44_30_377.jpg,C:\myData\IMG\right_2025_06_02_16_44_30_377.jpg,0,0,0,8.635003
C:\myData\IMG\center_2025_06_02_16_44_30_490.jpg,C:\myData\IMG\left_2025_06_02_16_44_30_490.jpg,C:\myData\IMG\right_2025_06_02_16_44_30_490.jpg,0,0,0,8.550283
C:\myData\IMG\center_2025_06_02_16_44_30_610.jpg,C:\myData\IMG\left_2025_06_02_16_44_30_610.jpg,C:\myData\IMG\right_2025_06_02_16_44_30_610.jpg,0,0,0,8.449748
C:\myData\IMG\center_2025_06_02_16_44_30_731.jpg,C:\myData\IMG\left_2025_06_02_16_44_30_731.jpg,C:\myData\IMG\right_2025_06_02_16_44_30_731.jpg,0.3,0,0,8.324653
C:\myData\IMG\center_2025_06_02_16_44_30_854.jpg,C:\myData\IMG\left_2025_06_02_16_44_30_854.jpg,C:\myData\IMG\right_2025_06_02_16_44_30_854.jpg,0.6000001,0,0,8.149557
C:\myData\IMG\center_2025_06_02_16_44_30_964.jpg,C:\myData\IMG\left_2025_06_02_16_44_30_964.jpg,C:\myData\IMG\right_2025_06_02_16_44_30_964.jpg,0.9000002,0,0,7.932808
C:\myData\IMG\center_2025_06_02_16_44_31_079.jpg,C:\myData\IMG\left_2025_06_02_16_44_31_079.jpg,C:\myData\IMG\right_2025_06_02_16_44_31_079.jpg,1,0,0,7.728967
C:\myData\IMG\center_2025_06_02_16_44_31_191.jpg,C:\myData\IMG\left_2025_06_02_16_44_31_191.jpg,C:\myData\IMG\right_2025_06_02_16_44_31_191.jpg,1,0,0,7.615339
C:\myData\IMG\center_2025_06_02_16_44_31_315.jpg,C:\myData\IMG\left_2025_06_02_16_44_31_315.jpg,C:\myData\IMG\right_2025_06_02_16_44_31_315.jpg,0,0,0,7.331878
C:\myData\IMG\center_2025_06_02_16_44_31_439.jpg,C:\myData\IMG\left_2025_06_02_16_44_31_439.jpg,C:\myData\IMG\right_2025_06_02_16_44_31_439.jpg,0,0,0,7.225384
C:\myData\IMG\center_2025_06_02_16_44_31_561.jpg,C:\myData\IMG\left_2025_06_02_16_44_31_561.jpg,C:\myData\IMG\right_2025_06_02_16_44_31_561.jpg,0,0,0,7.139575
C:\myData\IMG\center_2025_06_02_16_44_31_696.jpg,C:\myData\IMG\left_2025_06_02_16_44_31_696.jpg,C:\myData\IMG\right_2025_06_02_16_44_31_696.jpg,0,0,0,7.040838
C:\myData\IMG\center_2025_06_02_16_44_31_829.jpg,C:\myData\IMG\left_2025_06_02_16_44_31_829.jpg,C:\myData\IMG\right_2025_06_02_16_44_31_829.jpg,0,0,0,6.959792
C:\myData\IMG\center_2025_06_02_16_44_31_959.jpg,C:\myData\IMG\left_2025_06_02_16_44_31_959.jpg,C:\myData\IMG\right_2025_06_02_16_44_31_959.jpg,0,0,0,6.866468
C:\myData\IMG\center_2025_06_02_16_44_32_094.jpg,C:\myData\IMG\left_2025_06_02_16_44_32_094.jpg,C:\myData\IMG\right_2025_06_02_16_44_32_094.jpg,0,0,0,6.787526
C:\myData\IMG\center_2025_06_02_16_44_32_219.jpg,C:\myData\IMG\left_2025_06_02_16_44_32_219.jpg,C:\myData\IMG\right_2025_06_02_16_44_32_219.jpg,0,0,0,6.696625
C:\myData\IMG\center_2025_06_02_16_44_32_349.jpg,C:\myData\IMG\left_2025_06_02_16_44_32_349.jpg,C:\myData\IMG\right_2025_06_02_16_44_32_349.jpg,0.3,0,0,6.598331
C:\myData\IMG\center_2025_06_02_16_44_32_470.jpg,C:\myData\IMG\left_2025_06_02_16_44_32_470.jpg,C:\myData\IMG\right_2025_06_02_16_44_32_470.jpg,0.6000001,0,0,6.462377
C:\myData\IMG\center_2025_06_02_16_44_32_595.jpg,C:\myData\IMG\left_2025_06_02_16_44_32_595.jpg,C:\myData\IMG\right_2025_06_02_16_44_32_595.jpg,0.9000002,0,0,6.293245
C:\myData\IMG\center_2025_06_02_16_44_32_724.jpg,C:\myData\IMG\left_2025_06_02_16_44_32_724.jpg,C:\myData\IMG\right_2025_06_02_16_44_32_724.jpg,1,0,0,6.115868
C:\myData\IMG\center_2025_06_02_16_44_32_852.jpg,C:\myData\IMG\left_2025_06_02_16_44_32_852.jpg,C:\myData\IMG\right_2025_06_02_16_44_32_852.jpg,1,0,0,6.010637
C:\myData\IMG\center_2025_06_02_16_44_32_991.jpg,C:\myData\IMG\left_2025_06_02_16_44_32_991.jpg,C:\myData\IMG\right_2025_06_02_16_44_32_991.jpg,1,0,0,5.890618
C:\myData\IMG\center_2025_06_02_16_44_33_128.jpg,C:\myData\IMG\left_2025_06_02_16_44_33_128.jpg,C:\myData\IMG\right_2025_06_02_16_44_33_128.jpg,0,0,0,5.649823
C:\myData\IMG\center_2025_06_02_16_44_33_269.jpg,C:\myData\IMG\left_2025_06_02_16_44_33_269.jpg,C:\myData\IMG\right_2025_06_02_16_44_33_269.jpg,0,0,0,5.57176
C:\myData\IMG\center_2025_06_02_16_44_33_402.jpg,C:\myData\IMG\left_2025_06_02_16_44_33_402.jpg,C:\myData\IMG\right_2025_06_02_16_44_33_402.jpg,0,0,0,5.495351
C:\myData\IMG\center_2025_06_02_16_44_33_539.jpg,C:\myData\IMG\left_2025_06_02_16_44_33_539.jpg,C:\myData\IMG\right_2025_06_02_16_44_33_539.jpg,0,0,0,5.419278
C:\myData\IMG\center_2025_06_02_16_44_33_675.jpg,C:\myData\IMG\left_2025_06_02_16_44_33_675.jpg,C:\myData\IMG\right_2025_06_02_16_44_33_675.jpg,0,0,0,5.354928
C:\myData\IMG\center_2025_06_02_16_44_33_811.jpg,C:\myData\IMG\left_2025_06_02_16_44_33_811.jpg,C:\myData\IMG\right_2025_06_02_16_44_33_811.jpg,0,0,0,5.281685
C:\myData\IMG\center_2025_06_02_16_44_33_946.jpg,C:\myData\IMG\left_2025_06_02_16_44_33_946.jpg,C:\myData\IMG\right_2025_06_02_16_44_33_946.jpg,0,0,0,5.209485
C:\myData\IMG\center_2025_06_02_16_44_34_085.jpg,C:\myData\IMG\left_2025_06_02_16_44_34_085.jpg,C:\myData\IMG\right_2025_06_02_16_44_34_085.jpg,0,0,0,5.138306
C:\myData\IMG\center_2025_06_02_16_44_34_226.jpg,C:\myData\IMG\left_2025_06_02_16_44_34_226.jpg,C:\myData\IMG\right_2025_06_02_16_44_34_226.jpg,0,0,0,5.068137
C:\myData\IMG\center_2025_06_02_16_44_34_360.jpg,C:\myData\IMG\left_2025_06_02_16_44_34_360.jpg,C:\myData\IMG\right_2025_06_02_16_44_34_360.jpg,0.35,0,0,4.977862
C:\myData\IMG\center_2025_06_02_16_44_34_500.jpg,C:\myData\IMG\left_2025_06_02_16_44_34_500.jpg,C:\myData\IMG\right_2025_06_02_16_44_34_500.jpg,0.7,0,0,4.853044
C:\myData\IMG\center_2025_06_02_16_44_34_630.jpg,C:\myData\IMG\left_2025_06_02_16_44_34_630.jpg,C:\myData\IMG\right_2025_06_02_16_44_34_630.jpg,1,0,0,4.715215
C:\myData\IMG\center_2025_06_02_16_44_34_767.jpg,C:\myData\IMG\left_2025_06_02_16_44_34_767.jpg,C:\myData\IMG\right_2025_06_02_16_44_34_767.jpg,1,0,0,4.603946
C:\myData\IMG\center_2025_06_02_16_44_34_896.jpg,C:\myData\IMG\left_2025_06_02_16_44_34_896.jpg,C:\myData\IMG\right_2025_06_02_16_44_34_896.jpg,1,0,0,4.509824
C:\myData\IMG\center_2025_06_02_16_44_35_049.jpg,C:\myData\IMG\left_2025_06_02_16_44_35_049.jpg,C:\myData\IMG\right_2025_06_02_16_44_35_049.jpg,0,0,0,4.320195
C:\myData\IMG\center_2025_06_02_16_44_35_191.jpg,C:\myData\IMG\left_2025_06_02_16_44_35_191.jpg,C:\myData\IMG\right_2025_06_02_16_44_35_191.jpg,0,0,0,4.259667
C:\myData\IMG\center_2025_06_02_16_44_35_332.jpg,C:\myData\IMG\left_2025_06_02_16_44_35_332.jpg,C:\myData\IMG\right_2025_06_02_16_44_35_332.jpg,0,0,0,4.200119
C:\myData\IMG\center_2025_06_02_16_44_35_471.jpg,C:\myData\IMG\left_2025_06_02_16_44_35_471.jpg,C:\myData\IMG\right_2025_06_02_16_44_35_471.jpg,0,0,0,4.141401
C:\myData\IMG\center_2025_06_02_16_44_35_617.jpg,C:\myData\IMG\left_2025_06_02_16_44_35_617.jpg,C:\myData\IMG\right_2025_06_02_16_44_35_617.jpg,0,0.4350117,0,4.90014
C:\myData\IMG\center_2025_06_02_16_44_35_748.jpg,C:\myData\IMG\left_2025_06_02_16_44_35_748.jpg,C:\myData\IMG\right_2025_06_02_16_44_35_748.jpg,0,0.8288034,0,6.023693
C:\myData\IMG\center_2025_06_02_16_44_35_886.jpg,C:\myData\IMG\left_2025_06_02_16_44_35_886.jpg,C:\myData\IMG\right_2025_06_02_16_44_35_886.jpg,0,1,0,7.615371
C:\myData\IMG\center_2025_06_02_16_44_36_022.jpg,C:\myData\IMG\left_2025_06_02_16_44_36_022.jpg,C:\myData\IMG\right_2025_06_02_16_44_36_022.jpg,0.35,1,0,9.161426
C:\myData\IMG\center_2025_06_02_16_44_36_174.jpg,C:\myData\IMG\left_2025_06_02_16_44_36_174.jpg,C:\myData\IMG\right_2025_06_02_16_44_36_174.jpg,0.7,1,0,10.59986
C:\myData\IMG\center_2025_06_02_16_44_36_323.jpg,C:\myData\IMG\left_2025_06_02_16_44_36_323.jpg,C:\myData\IMG\right_2025_06_02_16_44_36_323.jpg,1,1,0,12.2016
C:\myData\IMG\center_2025_06_02_16_44_36_486.jpg,C:\myData\IMG\left_2025_06_02_16_44_36_486.jpg,C:\myData\IMG\right_2025_06_02_16_44_36_486.jpg,0,0.5046127,0,12.75951
C:\myData\IMG\center_2025_06_02_16_44_36_724.jpg,C:\myData\IMG\left_2025_06_02_16_44_36_724.jpg,C:\myData\IMG\right_2025_06_02_16_44_36_724.jpg,0,0.1245349,0,12.8176
C:\myData\IMG\center_2025_06_02_16_44_36_879.jpg,C:\myData\IMG\left_2025_06_02_16_44_36_879.jpg,C:\myData\IMG\right_2025_06_02_16_44_36_879.jpg,0,0,0,12.59995
C:\myData\IMG\center_2025_06_02_16_44_37_026.jpg,C:\myData\IMG\left_2025_06_02_16_44_37_026.jpg,C:\myData\IMG\right_2025_06_02_16_44_37_026.jpg,0,0,0,12.39336
C:\myData\IMG\center_2025_06_02_16_44_37_176.jpg,C:\myData\IMG\left_2025_06_02_16_44_37_176.jpg,C:\myData\IMG\right_2025_06_02_16_44_37_176.jpg,0,0,0,11.98107
C:\myData\IMG\center_2025_06_02_16_44_37_323.jpg,C:\myData\IMG\left_2025_06_02_16_44_37_323.jpg,C:\myData\IMG\right_2025_06_02_16_44_37_323.jpg,0,0,0,11.79317
C:\myData\IMG\center_2025_06_02_16_44_37_470.jpg,C:\myData\IMG\left_2025_06_02_16_44_37_470.jpg,C:\myData\IMG\right_2025_06_02_16_44_37_470.jpg,0,0,0,11.84743
C:\myData\IMG\center_2025_06_02_16_44_37_627.jpg,C:\myData\IMG\left_2025_06_02_16_44_37_627.jpg,C:\myData\IMG\right_2025_06_02_16_44_37_627.jpg,0,0,0,11.45834
C:\myData\IMG\center_2025_06_02_16_44_37_774.jpg,C:\myData\IMG\left_2025_06_02_16_44_37_774.jpg,C:\myData\IMG\right_2025_06_02_16_44_37_774.jpg,0.45,0,0,11.40398
C:\myData\IMG\center_2025_06_02_16_44_37_919.jpg,C:\myData\IMG\left_2025_06_02_16_44_37_919.jpg,C:\myData\IMG\right_2025_06_02_16_44_37_919.jpg,0.7500002,0,0,11.099
C:\myData\IMG\center_2025_06_02_16_44_37_953.jpg,C:\myData\IMG\left_2025_06_02_16_44_37_953.jpg,C:\myData\IMG\right_2025_06_02_16_44_37_953.jpg,1,0,0,10.73572
C:\myData\IMG\center_2025_06_02_16_44_38_103.jpg,C:\myData\IMG\left_2025_06_02_16_44_38_103.jpg,C:\myData\IMG\right_2025_06_02_16_44_38_103.jpg,0,0,0,10.35665
C:\myData\IMG\center_2025_06_02_16_44_38_251.jpg,C:\myData\IMG\left_2025_06_02_16_44_38_251.jpg,C:\myData\IMG\right_2025_06_02_16_44_38_251.jpg,0,0,0,10.20679
C:\myData\IMG\center_2025_06_02_16_44_38_399.jpg,C:\myData\IMG\left_2025_06_02_16_44_38_399.jpg,C:\myData\IMG\right_2025_06_02_16_44_38_399.jpg,0,0,0,10.04304
C:\myData\IMG\center_2025_06_02_16_44_38_549.jpg,C:\myData\IMG\left_2025_06_02_16_44_38_549.jpg,C:\myData\IMG\right_2025_06_02_16_44_38_549.jpg,0,0,0,9.901944
C:\myData\IMG\center_2025_06_02_16_44_38_701.jpg,C:\myData\IMG\left_2025_06_02_16_44_38_701.jpg,C:\myData\IMG\right_2025_06_02_16_44_38_701.jpg,0,0,0,9.742792
C:\myData\IMG\center_2025_06_02_16_44_38_848.jpg,C:\myData\IMG\left_2025_06_02_16_44_38_848.jpg,C:\myData\IMG\right_2025_06_02_16_44_38_848.jpg,0,0,0,9.605597
C:\myData\IMG\center_2025_06_02_16_44_39_000.jpg,C:\myData\IMG\left_2025_06_02_16_44_39_000.jpg,C:\myData\IMG\right_2025_06_02_16_44_39_000.jpg,0,0,0,9.451163
C:\myData\IMG\center_2025_06_02_16_44_39_148.jpg,C:\myData\IMG\left_2025_06_02_16_44_39_148.jpg,C:\myData\IMG\right_2025_06_02_16_44_39_148.jpg,0,0.4413039,0,10.03167
C:\myData\IMG\center_2025_06_02_16_44_39_296.jpg,C:\myData\IMG\left_2025_06_02_16_44_39_296.jpg,C:\myData\IMG\right_2025_06_02_16_44_39_296.jpg,0,0.8876088,0,11.63571
C:\myData\IMG\center_2025_06_02_16_44_39_542.jpg,C:\myData\IMG\left_2025_06_02_16_44_39_542.jpg,C:\myData\IMG\right_2025_06_02_16_44_39_542.jpg,0,1,0,13.07968
C:\myData\IMG\center_2025_06_02_16_44_39_687.jpg,C:\myData\IMG\left_2025_06_02_16_44_39_687.jpg,C:\myData\IMG\right_2025_06_02_16_44_39_687.jpg,0,1,0,14.56738
C:\myData\IMG\center_2025_06_02_16_44_39_728.jpg,C:\myData\IMG\left_2025_06_02_16_44_39_728.jpg,C:\myData\IMG\right_2025_06_02_16_44_39_728.jpg,0,1,0,16.10772
C:\myData\IMG\center_2025_06_02_16_44_39_903.jpg,C:\myData\IMG\left_2025_06_02_16_44_39_903.jpg,C:\myData\IMG\right_2025_06_02_16_44_39_903.jpg,0,1,0,17.84504
C:\myData\IMG\center_2025_06_02_16_44_40_125.jpg,C:\myData\IMG\left_2025_06_02_16_44_40_125.jpg,C:\myData\IMG\right_2025_06_02_16_44_40_125.jpg,0,1,0,20.2378
C:\myData\IMG\center_2025_06_02_16_44_40_331.jpg,C:\myData\IMG\left_2025_06_02_16_44_40_331.jpg,C:\myData\IMG\right_2025_06_02_16_44_40_331.jpg,0,1,0,22.20944
C:\myData\IMG\center_2025_06_02_16_44_40_475.jpg,C:\myData\IMG\left_2025_06_02_16_44_40_475.jpg,C:\myData\IMG\right_2025_06_02_16_44_40_475.jpg,0,1,0,23.56177
C:\myData\IMG\center_2025_06_02_16_44_40_616.jpg,C:\myData\IMG\left_2025_06_02_16_44_40_616.jpg,C:\myData\IMG\right_2025_06_02_16_44_40_616.jpg,0,1,0,24.92452
C:\myData\IMG\center_2025_06_02_16_44_40_760.jpg,C:\myData\IMG\left_2025_06_02_16_44_40_760.jpg,C:\myData\IMG\right_2025_06_02_16_44_40_760.jpg,0.4,0.5677828,0,25.57869
C:\myData\IMG\center_2025_06_02_16_44_40_915.jpg,C:\myData\IMG\left_2025_06_02_16_44_40_915.jpg,C:\myData\IMG\right_2025_06_02_16_44_40_915.jpg,0,0.1029166,0,25.45735
C:\myData\IMG\center_2025_06_02_16_44_41_061.jpg,C:\myData\IMG\left_2025_06_02_16_44_41_061.jpg,C:\myData\IMG\right_2025_06_02_16_44_41_061.jpg,0,0,0,25.06005
C:\myData\IMG\center_2025_06_02_16_44_41_217.jpg,C:\myData\IMG\left_2025_06_02_16_44_41_217.jpg,C:\myData\IMG\right_2025_06_02_16_44_41_217.jpg,0,0,0,24.65882
C:\myData\IMG\center_2025_06_02_16_44_41_360.jpg,C:\myData\IMG\left_2025_06_02_16_44_41_360.jpg,C:\myData\IMG\right_2025_06_02_16_44_41_360.jpg,0,0,0,24.31291
C:\myData\IMG\center_2025_06_02_16_44_41_510.jpg,C:\myData\IMG\left_2025_06_02_16_44_41_510.jpg,C:\myData\IMG\right_2025_06_02_16_44_41_510.jpg,0,0,0,23.97185
C:\myData\IMG\center_2025_06_02_16_44_41_663.jpg,C:\myData\IMG\left_2025_06_02_16_44_41_663.jpg,C:\myData\IMG\right_2025_06_02_16_44_41_663.jpg,0,0,0,23.58792
C:\myData\IMG\center_2025_06_02_16_44_41_811.jpg,C:\myData\IMG\left_2025_06_02_16_44_41_811.jpg,C:\myData\IMG\right_2025_06_02_16_44_41_811.jpg,0,0,0,23.25703
C:\myData\IMG\center_2025_06_02_16_44_41_954.jpg,C:\myData\IMG\left_2025_06_02_16_44_41_954.jpg,C:\myData\IMG\right_2025_06_02_16_44_41_954.jpg,0,0,0,22.93079
C:\myData\IMG\center_2025_06_02_16_44_42_117.jpg,C:\myData\IMG\left_2025_06_02_16_44_42_117.jpg,C:\myData\IMG\right_2025_06_02_16_44_42_117.jpg,-0.4,0,0,22.46776
C:\myData\IMG\center_2025_06_02_16_44_42_259.jpg,C:\myData\IMG\left_2025_06_02_16_44_42_259.jpg,C:\myData\IMG\right_2025_06_02_16_44_42_259.jpg,0,0,0,22.09139
C:\myData\IMG\center_2025_06_02_16_44_42_409.jpg,C:\myData\IMG\left_2025_06_02_16_44_42_409.jpg,C:\myData\IMG\right_2025_06_02_16_44_42_409.jpg,0,0,0,21.78077
C:\myData\IMG\center_2025_06_02_16_44_42_555.jpg,C:\myData\IMG\left_2025_06_02_16_44_42_555.jpg,C:\myData\IMG\right_2025_06_02_16_44_42_555.jpg,0,0,0,21.47511
C:\myData\IMG\center_2025_06_02_16_44_42_705.jpg,C:\myData\IMG\left_2025_06_02_16_44_42_705.jpg,C:\myData\IMG\right_2025_06_02_16_44_42_705.jpg,0,0,0,21.1312
C:\myData\IMG\center_2025_06_02_16_44_42_848.jpg,C:\myData\IMG\left_2025_06_02_16_44_42_848.jpg,C:\myData\IMG\right_2025_06_02_16_44_42_848.jpg,0,0,0,20.83487
C:\myData\IMG\center_2025_06_02_16_44_43_000.jpg,C:\myData\IMG\left_2025_06_02_16_44_43_000.jpg,C:\myData\IMG\right_2025_06_02_16_44_43_000.jpg,0,0,0,20.50121
C:\myData\IMG\center_2025_06_02_16_44_43_143.jpg,C:\myData\IMG\left_2025_06_02_16_44_43_143.jpg,C:\myData\IMG\right_2025_06_02_16_44_43_143.jpg,0,0,0,20.21354
C:\myData\IMG\center_2025_06_02_16_44_43_278.jpg,C:\myData\IMG\left_2025_06_02_16_44_43_278.jpg,C:\myData\IMG\right_2025_06_02_16_44_43_278.jpg,0,0,0,19.93017
C:\myData\IMG\center_2025_06_02_16_44_43_432.jpg,C:\myData\IMG\left_2025_06_02_16_44_43_432.jpg,C:\myData\IMG\right_2025_06_02_16_44_43_432.jpg,0,0,0,19.65034
C:\myData\IMG\center_2025_06_02_16_44_43_571.jpg,C:\myData\IMG\left_2025_06_02_16_44_43_571.jpg,C:\myData\IMG\right_2025_06_02_16_44_43_571.jpg,0,0,0,19.3753
C:\myData\IMG\center_2025_06_02_16_44_43_718.jpg,C:\myData\IMG\left_2025_06_02_16_44_43_718.jpg,C:\myData\IMG\right_2025_06_02_16_44_43_718.jpg,0,0,0,19.06592
C:\myData\IMG\center_2025_06_02_16_44_43_860.jpg,C:\myData\IMG\left_2025_06_02_16_44_43_860.jpg,C:\myData\IMG\right_2025_06_02_16_44_43_860.jpg,0,0,0,18.79211
C:\myData\IMG\center_2025_06_02_16_44_44_015.jpg,C:\myData\IMG\left_2025_06_02_16_44_44_015.jpg,C:\myData\IMG\right_2025_06_02_16_44_44_015.jpg,0,0,0,18.5753
C:\myData\IMG\center_2025_06_02_16_44_44_167.jpg,C:\myData\IMG\left_2025_06_02_16_44_44_167.jpg,C:\myData\IMG\right_2025_06_02_16_44_44_167.jpg,0,0,0,18.38817
C:\myData\IMG\center_2025_06_02_16_44_44_309.jpg,C:\myData\IMG\left_2025_06_02_16_44_44_309.jpg,C:\myData\IMG\right_2025_06_02_16_44_44_309.jpg,0,0,0,17.70236
C:\myData\IMG\center_2025_06_02_16_44_44_446.jpg,C:\myData\IMG\left_2025_06_02_16_44_44_446.jpg,C:\myData\IMG\right_2025_06_02_16_44_44_446.jpg,0,0,0,17.94441
C:\myData\IMG\center_2025_06_02_16_44_44_603.jpg,C:\myData\IMG\left_2025_06_02_16_44_44_603.jpg,C:\myData\IMG\right_2025_06_02_16_44_44_603.jpg,0,0,0,17.66224
C:\myData\IMG\center_2025_06_02_16_44_44_751.jpg,C:\myData\IMG\left_2025_06_02_16_44_44_751.jpg,C:\myData\IMG\right_2025_06_02_16_44_44_751.jpg,0,0,0,16.88389
C:\myData\IMG\center_2025_06_02_16_44_44_894.jpg,C:\myData\IMG\left_2025_06_02_16_44_44_894.jpg,C:\myData\IMG\right_2025_06_02_16_44_44_894.jpg,0,0,0,17.17896
C:\myData\IMG\center_2025_06_02_16_44_45_043.jpg,C:\myData\IMG\left_2025_06_02_16_44_45_043.jpg,C:\myData\IMG\right_2025_06_02_16_44_45_043.jpg,0,0,0,16.90894
C:\myData\IMG\center_2025_06_02_16_44_45_188.jpg,C:\myData\IMG\left_2025_06_02_16_44_45_188.jpg,C:\myData\IMG\right_2025_06_02_16_44_45_188.jpg,0,0,0,16.12893
C:\myData\IMG\center_2025_06_02_16_44_45_440.jpg,C:\myData\IMG\left_2025_06_02_16_44_45_440.jpg,C:\myData\IMG\right_2025_06_02_16_44_45_440.jpg,0,0,0,15.86782
C:\myData\IMG\center_2025_06_02_16_44_45_584.jpg,C:\myData\IMG\left_2025_06_02_16_44_45_584.jpg,C:\myData\IMG\right_2025_06_02_16_44_45_584.jpg,0,0,0,16.20043
C:\myData\IMG\center_2025_06_02_16_44_45_734.jpg,C:\myData\IMG\left_2025_06_02_16_44_45_734.jpg,C:\myData\IMG\right_2025_06_02_16_44_45_734.jpg,0,0,0,15.45637
C:\myData\IMG\center_2025_06_02_16_44_45_866.jpg,C:\myData\IMG\left_2025_06_02_16_44_45_866.jpg,C:\myData\IMG\right_2025_06_02_16_44_45_866.jpg,0,0,0,15.76767
C:\myData\IMG\center_2025_06_02_16_44_46_014.jpg,C:\myData\IMG\left_2025_06_02_16_44_46_014.jpg,C:\myData\IMG\right_2025_06_02_16_44_46_014.jpg,0,0,0,15.0305
C:\myData\IMG\center_2025_06_02_16_44_46_162.jpg,C:\myData\IMG\left_2025_06_02_16_44_46_162.jpg,C:\myData\IMG\right_2025_06_02_16_44_46_162.jpg,0,0,0,15.33731
C:\myData\IMG\center_2025_06_02_16_44_46_313.jpg,C:\myData\IMG\left_2025_06_02_16_44_46_313.jpg,C:\myData\IMG\right_2025_06_02_16_44_46_313.jpg,0,0,0,15.0963
C:\myData\IMG\center_2025_06_02_16_44_46_459.jpg,C:\myData\IMG\left_2025_06_02_16_44_46_459.jpg,C:\myData\IMG\right_2025_06_02_16_44_46_459.jpg,0,0,0,14.85981
C:\myData\IMG\center_2025_06_02_16_44_46_614.jpg,C:\myData\IMG\left_2025_06_02_16_44_46_614.jpg,C:\myData\IMG\right_2025_06_02_16_44_46_614.jpg,-0.35,0,0,14.09744
C:\myData\IMG\center_2025_06_02_16_44_46_763.jpg,C:\myData\IMG\left_2025_06_02_16_44_46_763.jpg,C:\myData\IMG\right_2025_06_02_16_44_46_763.jpg,-0.7500002,0,0,13.66745
C:\myData\IMG\center_2025_06_02_16_44_46_909.jpg,C:\myData\IMG\left_2025_06_02_16_44_46_909.jpg,C:\myData\IMG\right_2025_06_02_16_44_46_909.jpg,0,0,0,13.86969
C:\myData\IMG\center_2025_06_02_16_44_47_059.jpg,C:\myData\IMG\left_2025_06_02_16_44_47_059.jpg,C:\myData\IMG\right_2025_06_02_16_44_47_059.jpg,0,0,0,13.60904
C:\myData\IMG\center_2025_06_02_16_44_47_215.jpg,C:\myData\IMG\left_2025_06_02_16_44_47_215.jpg,C:\myData\IMG\right_2025_06_02_16_44_47_215.jpg,0,0,0,12.9327
C:\myData\IMG\center_2025_06_02_16_44_47_370.jpg,C:\myData\IMG\left_2025_06_02_16_44_47_370.jpg,C:\myData\IMG\right_2025_06_02_16_44_47_370.jpg,0,0,0,12.71843
C:\myData\IMG\center_2025_06_02_16_44_47_526.jpg,C:\myData\IMG\left_2025_06_02_16_44_47_526.jpg,C:\myData\IMG\right_2025_06_02_16_44_47_526.jpg,0,0,0,12.43471
C:\myData\IMG\center_2025_06_02_16_44_47_686.jpg,C:\myData\IMG\left_2025_06_02_16_44_47_686.jpg,C:\myData\IMG\right_2025_06_02_16_44_47_686.jpg,0,0,0,12.73294
C:\myData\IMG\center_2025_06_02_16_44_47_852.jpg,C:\myData\IMG\left_2025_06_02_16_44_47_852.jpg,C:\myData\IMG\right_2025_06_02_16_44_47_852.jpg,0,0,0,12.58147
C:\myData\IMG\center_2025_06_02_16_44_48_010.jpg,C:\myData\IMG\left_2025_06_02_16_44_48_010.jpg,C:\myData\IMG\right_2025_06_02_16_44_48_010.jpg,0,0,0,11.78702
C:\myData\IMG\center_2025_06_02_16_44_48_172.jpg,C:\myData\IMG\left_2025_06_02_16_44_48_172.jpg,C:\myData\IMG\right_2025_06_02_16_44_48_172.jpg,0,0,0,11.58809
C:\myData\IMG\center_2025_06_02_16_44_48_326.jpg,C:\myData\IMG\left_2025_06_02_16_44_48_326.jpg,C:\myData\IMG\right_2025_06_02_16_44_48_326.jpg,0,0,0,11.96495
C:\myData\IMG\center_2025_06_02_16_44_48_485.jpg,C:\myData\IMG\left_2025_06_02_16_44_48_485.jpg,C:\myData\IMG\right_2025_06_02_16_44_48_485.jpg,0,0,0,11.76851
C:\myData\IMG\center_2025_06_02_16_44_48_647.jpg,C:\myData\IMG\left_2025_06_02_16_44_48_647.jpg,C:\myData\IMG\right_2025_06_02_16_44_48_647.jpg,0,0,0,11.2311
C:\myData\IMG\center_2025_06_02_16_44_48_818.jpg,C:\myData\IMG\left_2025_06_02_16_44_48_818.jpg,C:\myData\IMG\right_2025_06_02_16_44_48_818.jpg,0,0,0,11.25322
C:\myData\IMG\center_2025_06_02_16_44_48_866.jpg,C:\myData\IMG\left_2025_06_02_16_44_48_866.jpg,C:\myData\IMG\right_2025_06_02_16_44_48_866.jpg,0,0,0,11.03774
C:\myData\IMG\center_2025_06_02_16_49_32_474.jpg,C:\myData\IMG\left_2025_06_02_16_49_32_474.jpg,C:\myData\IMG\right_2025_06_02_16_49_32_474.jpg,0,0,0,5.579592E-05
C:\myData\IMG\center_2025_06_02_16_49_32_636.jpg,C:\myData\IMG\left_2025_06_02_16_49_32_636.jpg,C:\myData\IMG\right_2025_06_02_16_49_32_636.jpg,0,0,0,5.524471E-05
C:\myData\IMG\center_2025_06_02_16_49_32_802.jpg,C:\myData\IMG\left_2025_06_02_16_49_32_802.jpg,C:\myData\IMG\right_2025_06_02_16_49_32_802.jpg,0,0,0,5.467908E-05
C:\myData\IMG\center_2025_06_02_16_49_32_960.jpg,C:\myData\IMG\left_2025_06_02_16_49_32_960.jpg,C:\myData\IMG\right_2025_06_02_16_49_32_960.jpg,0,0,0,5.504503E-05
C:\myData\IMG\center_2025_06_02_16_49_33_127.jpg,C:\myData\IMG\left_2025_06_02_16_49_33_127.jpg,C:\myData\IMG\right_2025_06_02_16_49_33_127.jpg,0,0,0,5.49637E-05
C:\myData\IMG\center_2025_06_02_16_49_33_290.jpg,C:\myData\IMG\left_2025_06_02_16_49_33_290.jpg,C:\myData\IMG\right_2025_06_02_16_49_33_290.jpg,0,0,0,5.490135E-05
C:\myData\IMG\center_2025_06_02_16_49_33_453.jpg,C:\myData\IMG\left_2025_06_02_16_49_33_453.jpg,C:\myData\IMG\right_2025_06_02_16_49_33_453.jpg,0,0,0,5.492754E-05
C:\myData\IMG\center_2025_06_02_16_49_33_618.jpg,C:\myData\IMG\left_2025_06_02_16_49_33_618.jpg,C:\myData\IMG\right_2025_06_02_16_49_33_618.jpg,0,0,0,5.490903E-05
C:\myData\IMG\center_2025_06_02_16_49_33_778.jpg,C:\myData\IMG\left_2025_06_02_16_49_33_778.jpg,C:\myData\IMG\right_2025_06_02_16_49_33_778.jpg,0,0,0,5.486674E-05
C:\myData\IMG\center_2025_06_02_16_49_33_944.jpg,C:\myData\IMG\left_2025_06_02_16_49_33_944.jpg,C:\myData\IMG\right_2025_06_02_16_49_33_944.jpg,0,0,0,5.481756E-05
C:\myData\IMG\center_2025_06_02_16_49_34_227.jpg,C:\myData\IMG\left_2025_06_02_16_49_34_227.jpg,C:\myData\IMG\right_2025_06_02_16_49_34_227.jpg,0,0.4791177,0,0.8797848
C:\myData\IMG\center_2025_06_02_16_49_34_390.jpg,C:\myData\IMG\left_2025_06_02_16_49_34_390.jpg,C:\myData\IMG\right_2025_06_02_16_49_34_390.jpg,0,0.9663159,0,2.707347
C:\myData\IMG\center_2025_06_02_16_49_34_430.jpg,C:\myData\IMG\left_2025_06_02_16_49_34_430.jpg,C:\myData\IMG\right_2025_06_02_16_49_34_430.jpg,0,1,0,4.590337
C:\myData\IMG\center_2025_06_02_16_49_34_590.jpg,C:\myData\IMG\left_2025_06_02_16_49_34_590.jpg,C:\myData\IMG\right_2025_06_02_16_49_34_590.jpg,0,1,0,6.442118
C:\myData\IMG\center_2025_06_02_16_49_34_757.jpg,C:\myData\IMG\left_2025_06_02_16_49_34_757.jpg,C:\myData\IMG\right_2025_06_02_16_49_34_757.jpg,0,1,0,8.265501
C:\myData\IMG\center_2025_06_02_16_49_34_918.jpg,C:\myData\IMG\left_2025_06_02_16_49_34_918.jpg,C:\myData\IMG\right_2025_06_02_16_49_34_918.jpg,0,1,0,10.06054
C:\myData\IMG\center_2025_06_02_16_49_35_066.jpg,C:\myData\IMG\left_2025_06_02_16_49_35_066.jpg,C:\myData\IMG\right_2025_06_02_16_49_35_066.jpg,0,1,0,11.66564
C:\myData\IMG\center_2025_06_02_16_49_35_359.jpg,C:\myData\IMG\left_2025_06_02_16_49_35_359.jpg,C:\myData\IMG\right_2025_06_02_16_49_35_359.jpg,0,0.5006911,0,12.31203
C:\myData\IMG\center_2025_06_02_16_49_35_531.jpg,C:\myData\IMG\left_2025_06_02_16_49_35_531.jpg,C:\myData\IMG\right_2025_06_02_16_49_35_531.jpg,0,0,0,12.72045
C:\myData\IMG\center_2025_06_02_16_49_35_690.jpg,C:\myData\IMG\left_2025_06_02_16_49_35_690.jpg,C:\myData\IMG\right_2025_06_02_16_49_35_690.jpg,0,0,0,12.4822
C:\myData\IMG\center_2025_06_02_16_49_35_859.jpg,C:\myData\IMG\left_2025_06_02_16_49_35_859.jpg,C:\myData\IMG\right_2025_06_02_16_49_35_859.jpg,0,0,0,12.28457
C:\myData\IMG\center_2025_06_02_16_49_36_018.jpg,C:\myData\IMG\left_2025_06_02_16_49_36_018.jpg,C:\myData\IMG\right_2025_06_02_16_49_36_018.jpg,-0.4,0,0,12.02972
C:\myData\IMG\center_2025_06_02_16_49_36_182.jpg,C:\myData\IMG\left_2025_06_02_16_49_36_182.jpg,C:\myData\IMG\right_2025_06_02_16_49_36_182.jpg,-0.8000001,0,0,11.44576
C:\myData\IMG\center_2025_06_02_16_49_36_219.jpg,C:\myData\IMG\left_2025_06_02_16_49_36_219.jpg,C:\myData\IMG\right_2025_06_02_16_49_36_219.jpg,0,0,0,11.14293
C:\myData\IMG\center_2025_06_02_16_49_36_373.jpg,C:\myData\IMG\left_2025_06_02_16_49_36_373.jpg,C:\myData\IMG\right_2025_06_02_16_49_36_373.jpg,0,0,0,10.98742
C:\myData\IMG\center_2025_06_02_16_49_36_520.jpg,C:\myData\IMG\left_2025_06_02_16_49_36_520.jpg,C:\myData\IMG\right_2025_06_02_16_49_36_520.jpg,0,0,0,10.81137
C:\myData\IMG\center_2025_06_02_16_49_36_684.jpg,C:\myData\IMG\left_2025_06_02_16_49_36_684.jpg,C:\myData\IMG\right_2025_06_02_16_49_36_684.jpg,0,0,0,10.63942
C:\myData\IMG\center_2025_06_02_16_49_36_846.jpg,C:\myData\IMG\left_2025_06_02_16_49_36_846.jpg,C:\myData\IMG\right_2025_06_02_16_49_36_846.jpg,0,0,0,10.47051
C:\myData\IMG\center_2025_06_02_16_49_37_010.jpg,C:\myData\IMG\left_2025_06_02_16_49_37_010.jpg,C:\myData\IMG\right_2025_06_02_16_49_37_010.jpg,0,0,0,10.30414
C:\myData\IMG\center_2025_06_02_16_49_37_175.jpg,C:\myData\IMG\left_2025_06_02_16_49_37_175.jpg,C:\myData\IMG\right_2025_06_02_16_49_37_175.jpg,0,0,0,10.13915
C:\myData\IMG\center_2025_06_02_16_49_37_336.jpg,C:\myData\IMG\left_2025_06_02_16_49_37_336.jpg,C:\myData\IMG\right_2025_06_02_16_49_37_336.jpg,-0.4,0,0,9.925254
C:\myData\IMG\center_2025_06_02_16_49_37_504.jpg,C:\myData\IMG\left_2025_06_02_16_49_37_504.jpg,C:\myData\IMG\right_2025_06_02_16_49_37_504.jpg,0,0,0,9.729861
C:\myData\IMG\center_2025_06_02_16_49_37_662.jpg,C:\myData\IMG\left_2025_06_02_16_49_37_662.jpg,C:\myData\IMG\right_2025_06_02_16_49_37_662.jpg,0,0,0,9.574123
C:\myData\IMG\center_2025_06_02_16_49_37_823.jpg,C:\myData\IMG\left_2025_06_02_16_49_37_823.jpg,C:\myData\IMG\right_2025_06_02_16_49_37_823.jpg,0,0,0,9.420783
C:\myData\IMG\center_2025_06_02_16_49_37_984.jpg,C:\myData\IMG\left_2025_06_02_16_49_37_984.jpg,C:\myData\IMG\right_2025_06_02_16_49_37_984.jpg,0,0,0,9.269902
C:\myData\IMG\center_2025_06_02_16_49_38_146.jpg,C:\myData\IMG\left_2025_06_02_16_49_38_146.jpg,C:\myData\IMG\right_2025_06_02_16_49_38_146.jpg,0,0,0,9.121558
C:\myData\IMG\center_2025_06_02_16_49_38_309.jpg,C:\myData\IMG\left_2025_06_02_16_49_38_309.jpg,C:\myData\IMG\right_2025_06_02_16_49_38_309.jpg,-0.4,0,0,8.928771
C:\myData\IMG\center_2025_06_02_16_49_38_491.jpg,C:\myData\IMG\left_2025_06_02_16_49_38_491.jpg,C:\myData\IMG\right_2025_06_02_16_49_38_491.jpg,-0.8500001,0,0,8.606471
C:\myData\IMG\center_2025_06_02_16_49_38_666.jpg,C:\myData\IMG\left_2025_06_02_16_49_38_666.jpg,C:\myData\IMG\right_2025_06_02_16_49_38_666.jpg,-1,0,0,8.29505
C:\myData\IMG\center_2025_06_02_16_49_38_832.jpg,C:\myData\IMG\left_2025_06_02_16_49_38_832.jpg,C:\myData\IMG\right_2025_06_02_16_49_38_832.jpg,0,0,0,7.956065
C:\myData\IMG\center_2025_06_02_16_49_38_994.jpg,C:\myData\IMG\left_2025_06_02_16_49_38_994.jpg,C:\myData\IMG\right_2025_06_02_16_49_38_994.jpg,0,0,0,7.826693
C:\myData\IMG\center_2025_06_02_16_49_39_167.jpg,C:\myData\IMG\left_2025_06_02_16_49_39_167.jpg,C:\myData\IMG\right_2025_06_02_16_49_39_167.jpg,0,0,0,7.685836
C:\myData\IMG\center_2025_06_02_16_49_39_327.jpg,C:\myData\IMG\left_2025_06_02_16_49_39_327.jpg,C:\myData\IMG\right_2025_06_02_16_49_39_327.jpg,0,0,0,7.563278
C:\myData\IMG\center_2025_06_02_16_49_39_486.jpg,C:\myData\IMG\left_2025_06_02_16_49_39_486.jpg,C:\myData\IMG\right_2025_06_02_16_49_39_486.jpg,-0.4,0,0,7.4028
C:\myData\IMG\center_2025_06_02_16_49_39_661.jpg,C:\myData\IMG\left_2025_06_02_16_49_39_661.jpg,C:\myData\IMG\right_2025_06_02_16_49_39_661.jpg,-0.8500001,0,0,7.138224
C:\myData\IMG\center_2025_06_02_16_49_39_831.jpg,C:\myData\IMG\left_2025_06_02_16_49_39_831.jpg,C:\myData\IMG\right_2025_06_02_16_49_39_831.jpg,0,0,0,6.923361
C:\myData\IMG\center_2025_06_02_16_49_39_999.jpg,C:\myData\IMG\left_2025_06_02_16_49_39_999.jpg,C:\myData\IMG\right_2025_06_02_16_49_39_999.jpg,0,0,0,6.812142
C:\myData\IMG\center_2025_06_02_16_49_40_193.jpg,C:\myData\IMG\left_2025_06_02_16_49_40_193.jpg,C:\myData\IMG\right_2025_06_02_16_49_40_193.jpg,0,0,0,6.676258
C:\myData\IMG\center_2025_06_02_16_49_40_376.jpg,C:\myData\IMG\left_2025_06_02_16_49_40_376.jpg,C:\myData\IMG\right_2025_06_02_16_49_40_376.jpg,-0.45,0,0,6.512176
C:\myData\IMG\center_2025_06_02_16_49_40_548.jpg,C:\myData\IMG\left_2025_06_02_16_49_40_548.jpg,C:\myData\IMG\right_2025_06_02_16_49_40_548.jpg,-0.9000002,0,0,6.271307
C:\myData\IMG\center_2025_06_02_16_49_40_726.jpg,C:\myData\IMG\left_2025_06_02_16_49_40_726.jpg,C:\myData\IMG\right_2025_06_02_16_49_40_726.jpg,-1,0,0,6.059377
C:\myData\IMG\center_2025_06_02_16_49_40_896.jpg,C:\myData\IMG\left_2025_06_02_16_49_40_896.jpg,C:\myData\IMG\right_2025_06_02_16_49_40_896.jpg,-1,0,0,5.924586
C:\myData\IMG\center_2025_06_02_16_49_41_070.jpg,C:\myData\IMG\left_2025_06_02_16_49_41_070.jpg,C:\myData\IMG\right_2025_06_02_16_49_41_070.jpg,-1,0,0,5.777199
C:\myData\IMG\center_2025_06_02_16_49_41_253.jpg,C:\myData\IMG\left_2025_06_02_16_49_41_253.jpg,C:\myData\IMG\right_2025_06_02_16_49_41_253.jpg,0,0,0,5.513915
C:\myData\IMG\center_2025_06_02_16_49_41_446.jpg,C:\myData\IMG\left_2025_06_02_16_49_41_446.jpg,C:\myData\IMG\right_2025_06_02_16_49_41_446.jpg,0,0,0,5.403651
C:\myData\IMG\center_2025_06_02_16_49_41_609.jpg,C:\myData\IMG\left_2025_06_02_16_49_41_609.jpg,C:\myData\IMG\right_2025_06_02_16_49_41_609.jpg,0,0,0,5.317139
C:\myData\IMG\center_2025_06_02_16_49_41_795.jpg,C:\myData\IMG\left_2025_06_02_16_49_41_795.jpg,C:\myData\IMG\right_2025_06_02_16_49_41_795.jpg,0,0,0,5.221671
C:\myData\IMG\center_2025_06_02_16_49_41_971.jpg,C:\myData\IMG\left_2025_06_02_16_49_41_971.jpg,C:\myData\IMG\right_2025_06_02_16_49_41_971.jpg,0,0,0,5.127731
C:\myData\IMG\center_2025_06_02_16_49_42_140.jpg,C:\myData\IMG\left_2025_06_02_16_49_42_140.jpg,C:\myData\IMG\right_2025_06_02_16_49_42_140.jpg,0,0,0,5.035477
C:\myData\IMG\center_2025_06_02_16_49_42_318.jpg,C:\myData\IMG\left_2025_06_02_16_49_42_318.jpg,C:\myData\IMG\right_2025_06_02_16_49_42_318.jpg,0,0,0,4.954866
C:\myData\IMG\center_2025_06_02_16_49_42_490.jpg,C:\myData\IMG\left_2025_06_02_16_49_42_490.jpg,C:\myData\IMG\right_2025_06_02_16_49_42_490.jpg,-0.45,0,0,4.833152
C:\myData\IMG\center_2025_06_02_16_49_42_663.jpg,C:\myData\IMG\left_2025_06_02_16_49_42_663.jpg,C:\myData\IMG\right_2025_06_02_16_49_42_663.jpg,-0.9000002,0,0,4.655951
C:\myData\IMG\center_2025_06_02_16_49_42_844.jpg,C:\myData\IMG\left_2025_06_02_16_49_42_844.jpg,C:\myData\IMG\right_2025_06_02_16_49_42_844.jpg,-1,0,0,4.497908
C:\myData\IMG\center_2025_06_02_16_49_43_016.jpg,C:\myData\IMG\left_2025_06_02_16_49_43_016.jpg,C:\myData\IMG\right_2025_06_02_16_49_43_016.jpg,-1,0,0,4.392335
C:\myData\IMG\center_2025_06_02_16_49_43_191.jpg,C:\myData\IMG\left_2025_06_02_16_49_43_191.jpg,C:\myData\IMG\right_2025_06_02_16_49_43_191.jpg,0,0,0,4.189167
C:\myData\IMG\center_2025_06_02_16_49_43_366.jpg,C:\myData\IMG\left_2025_06_02_16_49_43_366.jpg,C:\myData\IMG\right_2025_06_02_16_49_43_366.jpg,0,0,0,4.113794
C:\myData\IMG\center_2025_06_02_16_49_43_539.jpg,C:\myData\IMG\left_2025_06_02_16_49_43_539.jpg,C:\myData\IMG\right_2025_06_02_16_49_43_539.jpg,0,0,0,4.047954
C:\myData\IMG\center_2025_06_02_16_49_43_698.jpg,C:\myData\IMG\left_2025_06_02_16_49_43_698.jpg,C:\myData\IMG\right_2025_06_02_16_49_43_698.jpg,0,0,0,3.983169
C:\myData\IMG\center_2025_06_02_16_49_43_893.jpg,C:\myData\IMG\left_2025_06_02_16_49_43_893.jpg,C:\myData\IMG\right_2025_06_02_16_49_43_893.jpg,0,0,0,3.903638
C:\myData\IMG\center_2025_06_02_16_49_44_061.jpg,C:\myData\IMG\left_2025_06_02_16_49_44_061.jpg,C:\myData\IMG\right_2025_06_02_16_49_44_061.jpg,0,0,0,3.833423
C:\myData\IMG\center_2025_06_02_16_49_44_214.jpg,C:\myData\IMG\left_2025_06_02_16_49_44_214.jpg,C:\myData\IMG\right_2025_06_02_16_49_44_214.jpg,-0.35,0,0,3.764027
C:\myData\IMG\center_2025_06_02_16_49_44_399.jpg,C:\myData\IMG\left_2025_06_02_16_49_44_399.jpg,C:\myData\IMG\right_2025_06_02_16_49_44_399.jpg,-0.8000001,0,0,3.637792
C:\myData\IMG\center_2025_06_02_16_49_44_576.jpg,C:\myData\IMG\left_2025_06_02_16_49_44_576.jpg,C:\myData\IMG\right_2025_06_02_16_49_44_576.jpg,-1,0,0,3.500673
C:\myData\IMG\center_2025_06_02_16_49_44_746.jpg,C:\myData\IMG\left_2025_06_02_16_49_44_746.jpg,C:\myData\IMG\right_2025_06_02_16_49_44_746.jpg,-1,0,0,3.403752
C:\myData\IMG\center_2025_06_02_16_49_44_926.jpg,C:\myData\IMG\left_2025_06_02_16_49_44_926.jpg,C:\myData\IMG\right_2025_06_02_16_49_44_926.jpg,0,0,0,3.245242
C:\myData\IMG\center_2025_06_02_16_49_45_101.jpg,C:\myData\IMG\left_2025_06_02_16_49_45_101.jpg,C:\myData\IMG\right_2025_06_02_16_49_45_101.jpg,0,0,0,3.18687
C:\myData\IMG\center_2025_06_02_16_49_45_272.jpg,C:\myData\IMG\left_2025_06_02_16_49_45_272.jpg,C:\myData\IMG\right_2025_06_02_16_49_45_272.jpg,0,0,0,3.135871
C:\myData\IMG\center_2025_06_02_16_49_45_442.jpg,C:\myData\IMG\left_2025_06_02_16_49_45_442.jpg,C:\myData\IMG\right_2025_06_02_16_49_45_442.jpg,0,0,0,3.079185
C:\myData\IMG\center_2025_06_02_16_49_45_616.jpg,C:\myData\IMG\left_2025_06_02_16_49_45_616.jpg,C:\myData\IMG\right_2025_06_02_16_49_45_616.jpg,0,0.5208336,0,4.022935
C:\myData\IMG\center_2025_06_02_16_49_45_786.jpg,C:\myData\IMG\left_2025_06_02_16_49_45_786.jpg,C:\myData\IMG\right_2025_06_02_16_49_45_786.jpg,0,1,0,6.092178
C:\myData\IMG\center_2025_06_02_16_49_45_953.jpg,C:\myData\IMG\left_2025_06_02_16_49_45_953.jpg,C:\myData\IMG\right_2025_06_02_16_49_45_953.jpg,0,1,0,7.919641
C:\myData\IMG\center_2025_06_02_16_49_46_130.jpg,C:\myData\IMG\left_2025_06_02_16_49_46_130.jpg,C:\myData\IMG\right_2025_06_02_16_49_46_130.jpg,0,1,0,9.941645
C:\myData\IMG\center_2025_06_02_16_49_46_301.jpg,C:\myData\IMG\left_2025_06_02_16_49_46_301.jpg,C:\myData\IMG\right_2025_06_02_16_49_46_301.jpg,0,1,0,12.05736
C:\myData\IMG\center_2025_06_02_16_49_46_472.jpg,C:\myData\IMG\left_2025_06_02_16_49_46_472.jpg,C:\myData\IMG\right_2025_06_02_16_49_46_472.jpg,0,1,0,13.6751
C:\myData\IMG\center_2025_06_02_16_49_46_750.jpg,C:\myData\IMG\left_2025_06_02_16_49_46_750.jpg,C:\myData\IMG\right_2025_06_02_16_49_46_750.jpg,0,1,0,15.5297
C:\myData\IMG\center_2025_06_02_16_49_46_812.jpg,C:\myData\IMG\left_2025_06_02_16_49_46_812.jpg,C:\myData\IMG\right_2025_06_02_16_49_46_812.jpg,0,1,0,17.24625
C:\myData\IMG\center_2025_06_02_16_49_46_979.jpg,C:\myData\IMG\left_2025_06_02_16_49_46_979.jpg,C:\myData\IMG\right_2025_06_02_16_49_46_979.jpg,0,0.4997542,0,18.0996
C:\myData\IMG\center_2025_06_02_16_49_47_151.jpg,C:\myData\IMG\left_2025_06_02_16_49_47_151.jpg,C:\myData\IMG\right_2025_06_02_16_49_47_151.jpg,-0.4,0,0,17.7479
C:\myData\IMG\center_2025_06_02_16_49_47_323.jpg,C:\myData\IMG\left_2025_06_02_16_49_47_323.jpg,C:\myData\IMG\right_2025_06_02_16_49_47_323.jpg,-0.8500001,0,0,17.0897
C:\myData\IMG\center_2025_06_02_16_49_47_490.jpg,C:\myData\IMG\left_2025_06_02_16_49_47_490.jpg,C:\myData\IMG\right_2025_06_02_16_49_47_490.jpg,0,0,0,16.69511
C:\myData\IMG\center_2025_06_02_16_49_47_660.jpg,C:\myData\IMG\left_2025_06_02_16_49_47_660.jpg,C:\myData\IMG\right_2025_06_02_16_49_47_660.jpg,0,0,0,16.3963
C:\myData\IMG\center_2025_06_02_16_49_47_839.jpg,C:\myData\IMG\left_2025_06_02_16_49_47_839.jpg,C:\myData\IMG\right_2025_06_02_16_49_47_839.jpg,0,0,0,16.12718
C:\myData\IMG\center_2025_06_02_16_49_48_014.jpg,C:\myData\IMG\left_2025_06_02_16_49_48_014.jpg,C:\myData\IMG\right_2025_06_02_16_49_48_014.jpg,0,0,0,15.83121
C:\myData\IMG\center_2025_06_02_16_49_48_296.jpg,C:\myData\IMG\left_2025_06_02_16_49_48_296.jpg,C:\myData\IMG\right_2025_06_02_16_49_48_296.jpg,0,0,0,15.54197
C:\myData\IMG\center_2025_06_02_16_49_48_463.jpg,C:\myData\IMG\left_2025_06_02_16_49_48_463.jpg,C:\myData\IMG\right_2025_06_02_16_49_48_463.jpg,0,0,0,15.28874
C:\myData\IMG\center_2025_06_02_16_49_48_632.jpg,C:\myData\IMG\left_2025_06_02_16_49_48_632.jpg,C:\myData\IMG\right_2025_06_02_16_49_48_632.jpg,0,0,0,15.00467
C:\myData\IMG\center_2025_06_02_16_49_48_790.jpg,C:\myData\IMG\left_2025_06_02_16_49_48_790.jpg,C:\myData\IMG\right_2025_06_02_16_49_48_790.jpg,-0.4,0,0,14.69764
C:\myData\IMG\center_2025_06_02_16_49_48_959.jpg,C:\myData\IMG\left_2025_06_02_16_49_48_959.jpg,C:\myData\IMG\right_2025_06_02_16_49_48_959.jpg,-0.8000001,0,0,14.2499
C:\myData\IMG\center_2025_06_02_16_49_49_126.jpg,C:\myData\IMG\left_2025_06_02_16_49_49_126.jpg,C:\myData\IMG\right_2025_06_02_16_49_49_126.jpg,-1,0,0,13.69538
C:\myData\IMG\center_2025_06_02_16_49_49_289.jpg,C:\myData\IMG\left_2025_06_02_16_49_49_289.jpg,C:\myData\IMG\right_2025_06_02_16_49_49_289.jpg,0,0,0,13.16735
C:\myData\IMG\center_2025_06_02_16_49_49_485.jpg,C:\myData\IMG\left_2025_06_02_16_49_49_485.jpg,C:\myData\IMG\right_2025_06_02_16_49_49_485.jpg,0,0,0,12.87897
C:\myData\IMG\center_2025_06_02_16_49_49_656.jpg,C:\myData\IMG\left_2025_06_02_16_49_49_656.jpg,C:\myData\IMG\right_2025_06_02_16_49_49_656.jpg,0,0,0,12.94888
C:\myData\IMG\center_2025_06_02_16_49_49_826.jpg,C:\myData\IMG\left_2025_06_02_16_49_49_826.jpg,C:\myData\IMG\right_2025_06_02_16_49_49_826.jpg,0,0,0,12.66123
C:\myData\IMG\center_2025_06_02_16_49_49_996.jpg,C:\myData\IMG\left_2025_06_02_16_49_49_996.jpg,C:\myData\IMG\right_2025_06_02_16_49_49_996.jpg,0,0,0,12.22705
C:\myData\IMG\center_2025_06_02_16_49_50_163.jpg,C:\myData\IMG\left_2025_06_02_16_49_50_163.jpg,C:\myData\IMG\right_2025_06_02_16_49_50_163.jpg,0,0,0,12.14158
C:\myData\IMG\center_2025_06_02_16_49_50_336.jpg,C:\myData\IMG\left_2025_06_02_16_49_50_336.jpg,C:\myData\IMG\right_2025_06_02_16_49_50_336.jpg,0,0,0,12.09205
C:\myData\IMG\center_2025_06_02_16_49_50_509.jpg,C:\myData\IMG\left_2025_06_02_16_49_50_509.jpg,C:\myData\IMG\right_2025_06_02_16_49_50_509.jpg,-0.5000001,0,0,11.58003
C:\myData\IMG\center_2025_06_02_16_49_50_679.jpg,C:\myData\IMG\left_2025_06_02_16_49_50_679.jpg,C:\myData\IMG\right_2025_06_02_16_49_50_679.jpg,-0.9000002,0,0,11.21542
C:\myData\IMG\center_2025_06_02_16_49_50_742.jpg,C:\myData\IMG\left_2025_06_02_16_49_50_742.jpg,C:\myData\IMG\right_2025_06_02_16_49_50_742.jpg,-1,0,0,10.88476
C:\myData\IMG\center_2025_06_02_16_49_50_913.jpg,C:\myData\IMG\left_2025_06_02_16_49_50_913.jpg,C:\myData\IMG\right_2025_06_02_16_49_50_913.jpg,0,0,0,10.46703
C:\myData\IMG\center_2025_06_02_16_49_51_088.jpg,C:\myData\IMG\left_2025_06_02_16_49_51_088.jpg,C:\myData\IMG\right_2025_06_02_16_49_51_088.jpg,0,0,0,10.27201
C:\myData\IMG\center_2025_06_02_16_49_51_256.jpg,C:\myData\IMG\left_2025_06_02_16_49_51_256.jpg,C:\myData\IMG\right_2025_06_02_16_49_51_256.jpg,0,0,0,10.1075
C:\myData\IMG\center_2025_06_02_16_49_51_417.jpg,C:\myData\IMG\left_2025_06_02_16_49_51_417.jpg,C:\myData\IMG\right_2025_06_02_16_49_51_417.jpg,0,0,0,9.945671
C:\myData\IMG\center_2025_06_02_16_49_51_590.jpg,C:\myData\IMG\left_2025_06_02_16_49_51_590.jpg,C:\myData\IMG\right_2025_06_02_16_49_51_590.jpg,0,0,0,9.766713
C:\myData\IMG\center_2025_06_02_16_49_51_758.jpg,C:\myData\IMG\left_2025_06_02_16_49_51_758.jpg,C:\myData\IMG\right_2025_06_02_16_49_51_758.jpg,0,0,0,9.610281
C:\myData\IMG\center_2025_06_02_16_49_51_919.jpg,C:\myData\IMG\left_2025_06_02_16_49_51_919.jpg,C:\myData\IMG\right_2025_06_02_16_49_51_919.jpg,0,0,0,9.456184
C:\myData\IMG\center_2025_06_02_16_49_52_095.jpg,C:\myData\IMG\left_2025_06_02_16_49_52_095.jpg,C:\myData\IMG\right_2025_06_02_16_49_52_095.jpg,0,0,0,9.286053
C:\myData\IMG\center_2025_06_02_16_49_52_259.jpg,C:\myData\IMG\left_2025_06_02_16_49_52_259.jpg,C:\myData\IMG\right_2025_06_02_16_49_52_259.jpg,0,0,0,9.118976
C:\myData\IMG\center_2025_06_02_16_49_52_420.jpg,C:\myData\IMG\left_2025_06_02_16_49_52_420.jpg,C:\myData\IMG\right_2025_06_02_16_49_52_420.jpg,-0.4,0,0,8.926121
C:\myData\IMG\center_2025_06_02_16_49_52_593.jpg,C:\myData\IMG\left_2025_06_02_16_49_52_593.jpg,C:\myData\IMG\right_2025_06_02_16_49_52_593.jpg,-0.8000001,0,0,8.645303
C:\myData\IMG\center_2025_06_02_16_49_52_760.jpg,C:\myData\IMG\left_2025_06_02_16_49_52_760.jpg,C:\myData\IMG\right_2025_06_02_16_49_52_760.jpg,0,0,0,8.410522
C:\myData\IMG\center_2025_06_02_16_49_52_920.jpg,C:\myData\IMG\left_2025_06_02_16_49_52_920.jpg,C:\myData\IMG\right_2025_06_02_16_49_52_920.jpg,0,0,0,8.258532
C:\myData\IMG\center_2025_06_02_16_49_53_098.jpg,C:\myData\IMG\left_2025_06_02_16_49_53_098.jpg,C:\myData\IMG\right_2025_06_02_16_49_53_098.jpg,0,0,0,8.126319
C:\myData\IMG\center_2025_06_02_16_49_53_274.jpg,C:\myData\IMG\left_2025_06_02_16_49_53_274.jpg,C:\myData\IMG\right_2025_06_02_16_49_53_274.jpg,0,0,0,7.980109
C:\myData\IMG\center_2025_06_02_16_49_53_459.jpg,C:\myData\IMG\left_2025_06_02_16_49_53_459.jpg,C:\myData\IMG\right_2025_06_02_16_49_53_459.jpg,0,0.5399127,0,8.972226
C:\myData\IMG\center_2025_06_02_16_49_53_708.jpg,C:\myData\IMG\left_2025_06_02_16_49_53_708.jpg,C:\myData\IMG\right_2025_06_02_16_49_53_708.jpg,0,1,0,11.37898
C:\myData\IMG\center_2025_06_02_16_49_53_937.jpg,C:\myData\IMG\left_2025_06_02_16_49_53_937.jpg,C:\myData\IMG\right_2025_06_02_16_49_53_937.jpg,0,0.4960477,0,12.33336
C:\myData\IMG\center_2025_06_02_16_49_54_095.jpg,C:\myData\IMG\left_2025_06_02_16_49_54_095.jpg,C:\myData\IMG\right_2025_06_02_16_49_54_095.jpg,0,0.9134635,0,13.60824
C:\myData\IMG\center_2025_06_02_16_49_54_280.jpg,C:\myData\IMG\left_2025_06_02_16_49_54_280.jpg,C:\myData\IMG\right_2025_06_02_16_49_54_280.jpg,0,1,0,15.67809
C:\myData\IMG\center_2025_06_02_16_49_54_376.jpg,C:\myData\IMG\left_2025_06_02_16_49_54_376.jpg,C:\myData\IMG\right_2025_06_02_16_49_54_376.jpg,0,1,0,17.6999
C:\myData\IMG\center_2025_06_02_16_49_54_518.jpg,C:\myData\IMG\left_2025_06_02_16_49_54_518.jpg,C:\myData\IMG\right_2025_06_02_16_49_54_518.jpg,0,1,0,18.99177
C:\myData\IMG\center_2025_06_02_16_49_54_708.jpg,C:\myData\IMG\left_2025_06_02_16_49_54_708.jpg,C:\myData\IMG\right_2025_06_02_16_49_54_708.jpg,0,1,0,21.05232
C:\myData\IMG\center_2025_06_02_16_49_54_887.jpg,C:\myData\IMG\left_2025_06_02_16_49_54_887.jpg,C:\myData\IMG\right_2025_06_02_16_49_54_887.jpg,0,0.4642888,0,21.86375
C:\myData\IMG\center_2025_06_02_16_49_55_056.jpg,C:\myData\IMG\left_2025_06_02_16_49_55_056.jpg,C:\myData\IMG\right_2025_06_02_16_49_55_056.jpg,0,0,0,21.60468
C:\myData\IMG\center_2025_06_02_16_49_55_225.jpg,C:\myData\IMG\left_2025_06_02_16_49_55_225.jpg,C:\myData\IMG\right_2025_06_02_16_49_55_225.jpg,0,0,0,20.94783
C:\myData\IMG\center_2025_06_02_16_49_55_363.jpg,C:\myData\IMG\left_2025_06_02_16_49_55_363.jpg,C:\myData\IMG\right_2025_06_02_16_49_55_363.jpg,0,0,0,20.95299
C:\myData\IMG\center_2025_06_02_16_49_55_534.jpg,C:\myData\IMG\left_2025_06_02_16_49_55_534.jpg,C:\myData\IMG\right_2025_06_02_16_49_55_534.jpg,-0.4,0,0,20.5193
C:\myData\IMG\center_2025_06_02_16_49_55_716.jpg,C:\myData\IMG\left_2025_06_02_16_49_55_716.jpg,C:\myData\IMG\right_2025_06_02_16_49_55_716.jpg,0,0,0,19.81546
C:\myData\IMG\center_2025_06_02_16_49_55_909.jpg,C:\myData\IMG\left_2025_06_02_16_49_55_909.jpg,C:\myData\IMG\right_2025_06_02_16_49_55_909.jpg,0,0,0,19.3962
C:\myData\IMG\center_2025_06_02_16_49_56_107.jpg,C:\myData\IMG\left_2025_06_02_16_49_56_107.jpg,C:\myData\IMG\right_2025_06_02_16_49_56_107.jpg,0,0,0,18.97466
C:\myData\IMG\center_2025_06_02_16_49_56_281.jpg,C:\myData\IMG\left_2025_06_02_16_49_56_281.jpg,C:\myData\IMG\right_2025_06_02_16_49_56_281.jpg,0,0,0,19.07719
C:\myData\IMG\center_2025_06_02_16_49_56_464.jpg,C:\myData\IMG\left_2025_06_02_16_49_56_464.jpg,C:\myData\IMG\right_2025_06_02_16_49_56_464.jpg,0,0,0,18.25101
C:\myData\IMG\center_2025_06_02_16_49_56_625.jpg,C:\myData\IMG\left_2025_06_02_16_49_56_625.jpg,C:\myData\IMG\right_2025_06_02_16_49_56_625.jpg,0,0,0,17.94678
C:\myData\IMG\center_2025_06_02_16_49_56_832.jpg,C:\myData\IMG\left_2025_06_02_16_49_56_832.jpg,C:\myData\IMG\right_2025_06_02_16_49_56_832.jpg,-0.5000001,0,0,17.47626
C:\myData\IMG\center_2025_06_02_16_49_57_018.jpg,C:\myData\IMG\left_2025_06_02_16_49_57_018.jpg,C:\myData\IMG\right_2025_06_02_16_49_57_018.jpg,0,0,0,17.61884
C:\myData\IMG\center_2025_06_02_16_49_57_281.jpg,C:\myData\IMG\left_2025_06_02_16_49_57_281.jpg,C:\myData\IMG\right_2025_06_02_16_49_57_281.jpg,0,0,0,16.76671
C:\myData\IMG\center_2025_06_02_16_49_57_376.jpg,C:\myData\IMG\left_2025_06_02_16_49_57_376.jpg,C:\myData\IMG\right_2025_06_02_16_49_57_376.jpg,0,0,0,16.99816
C:\myData\IMG\center_2025_06_02_16_49_57_650.jpg,C:\myData\IMG\left_2025_06_02_16_49_57_650.jpg,C:\myData\IMG\right_2025_06_02_16_49_57_650.jpg,0,0,0,16.66623
C:\myData\IMG\center_2025_06_02_16_49_57_832.jpg,C:\myData\IMG\left_2025_06_02_16_49_57_832.jpg,C:\myData\IMG\right_2025_06_02_16_49_57_832.jpg,0,0,0,15.82856
C:\myData\IMG\center_2025_06_02_16_49_58_022.jpg,C:\myData\IMG\left_2025_06_02_16_49_58_022.jpg,C:\myData\IMG\right_2025_06_02_16_49_58_022.jpg,-0.45,0,0,15.97303
C:\myData\IMG\center_2025_06_02_16_49_58_215.jpg,C:\myData\IMG\left_2025_06_02_16_49_58_215.jpg,C:\myData\IMG\right_2025_06_02_16_49_58_215.jpg,-0.9500002,0,0,15.27895
C:\myData\IMG\center_2025_06_02_16_49_58_402.jpg,C:\myData\IMG\left_2025_06_02_16_49_58_402.jpg,C:\myData\IMG\right_2025_06_02_16_49_58_402.jpg,0,0,0,14.34876
C:\myData\IMG\center_2025_06_02_16_49_58_591.jpg,C:\myData\IMG\left_2025_06_02_16_49_58_591.jpg,C:\myData\IMG\right_2025_06_02_16_49_58_591.jpg,0,0,0,14.10746
C:\myData\IMG\center_2025_06_02_16_49_58_784.jpg,C:\myData\IMG\left_2025_06_02_16_49_58_784.jpg,C:\myData\IMG\right_2025_06_02_16_49_58_784.jpg,0,0,0,14.35237
C:\myData\IMG\center_2025_06_02_16_49_58_970.jpg,C:\myData\IMG\left_2025_06_02_16_49_58_970.jpg,C:\myData\IMG\right_2025_06_02_16_49_58_970.jpg,0,0,0,14.06542
C:\myData\IMG\center_2025_06_02_16_49_59_160.jpg,C:\myData\IMG\left_2025_06_02_16_49_59_160.jpg,C:\myData\IMG\right_2025_06_02_16_49_59_160.jpg,0,0,0,13.29346
C:\myData\IMG\center_2025_06_02_16_49_59_347.jpg,C:\myData\IMG\left_2025_06_02_16_49_59_347.jpg,C:\myData\IMG\right_2025_06_02_16_49_59_347.jpg,0,0,0,12.92832
C:\myData\IMG\center_2025_06_02_16_49_59_551.jpg,C:\myData\IMG\left_2025_06_02_16_49_59_551.jpg,C:\myData\IMG\right_2025_06_02_16_49_59_551.jpg,-0.45,0,0,13.15767
C:\myData\IMG\center_2025_06_02_16_49_59_724.jpg,C:\myData\IMG\left_2025_06_02_16_49_59_724.jpg,C:\myData\IMG\right_2025_06_02_16_49_59_724.jpg,-0.9000002,0,0,12.16095
C:\myData\IMG\center_2025_06_02_16_49_59_943.jpg,C:\myData\IMG\left_2025_06_02_16_49_59_943.jpg,C:\myData\IMG\right_2025_06_02_16_49_59_943.jpg,-1,0,0,11.6789
C:\myData\IMG\center_2025_06_02_16_50_00_148.jpg,C:\myData\IMG\left_2025_06_02_16_50_00_148.jpg,C:\myData\IMG\right_2025_06_02_16_50_00_148.jpg,0,0,0,11.60534
C:\myData\IMG\center_2025_06_02_16_50_00_376.jpg,C:\myData\IMG\left_2025_06_02_16_50_00_376.jpg,C:\myData\IMG\right_2025_06_02_16_50_00_376.jpg,0,0,0,11.34392
C:\myData\IMG\center_2025_06_02_16_50_00_557.jpg,C:\myData\IMG\left_2025_06_02_16_50_00_557.jpg,C:\myData\IMG\right_2025_06_02_16_50_00_557.jpg,0,0,0,11.0865
C:\myData\IMG\center_2025_06_02_16_50_00_605.jpg,C:\myData\IMG\left_2025_06_02_16_50_00_605.jpg,C:\myData\IMG\right_2025_06_02_16_50_00_605.jpg,0,0,0,10.88266
C:\myData\IMG\center_2025_06_02_16_50_00_792.jpg,C:\myData\IMG\left_2025_06_02_16_50_00_792.jpg,C:\myData\IMG\right_2025_06_02_16_50_00_792.jpg,0,0,0,10.682
C:\myData\IMG\center_2025_06_02_16_50_00_964.jpg,C:\myData\IMG\left_2025_06_02_16_50_00_964.jpg,C:\myData\IMG\right_2025_06_02_16_50_00_964.jpg,0,0,0,10.48203
C:\myData\IMG\center_2025_06_02_16_50_01_138.jpg,C:\myData\IMG\left_2025_06_02_16_50_01_138.jpg,C:\myData\IMG\right_2025_06_02_16_50_01_138.jpg,0,0,0,10.30728
C:\myData\IMG\center_2025_06_02_16_50_01_324.jpg,C:\myData\IMG\left_2025_06_02_16_50_01_324.jpg,C:\myData\IMG\right_2025_06_02_16_50_01_324.jpg,0.5000001,0,0,10.01399
C:\myData\IMG\center_2025_06_02_16_50_01_502.jpg,C:\myData\IMG\left_2025_06_02_16_50_01_502.jpg,C:\myData\IMG\right_2025_06_02_16_50_01_502.jpg,0,0,0,9.794772
C:\myData\IMG\center_2025_06_02_16_50_01_682.jpg,C:\myData\IMG\left_2025_06_02_16_50_01_682.jpg,C:\myData\IMG\right_2025_06_02_16_50_01_682.jpg,0,0,0,9.613348
C:\myData\IMG\center_2025_06_02_16_50_01_854.jpg,C:\myData\IMG\left_2025_06_02_16_50_01_854.jpg,C:\myData\IMG\right_2025_06_02_16_50_01_854.jpg,0,0,0,9.455852
C:\myData\IMG\center_2025_06_02_16_50_02_044.jpg,C:\myData\IMG\left_2025_06_02_16_50_02_044.jpg,C:\myData\IMG\right_2025_06_02_16_50_02_044.jpg,0,0,0,9.262474
C:\myData\IMG\center_2025_06_02_16_50_02_214.jpg,C:\myData\IMG\left_2025_06_02_16_50_02_214.jpg,C:\myData\IMG\right_2025_06_02_16_50_02_214.jpg,0,0,0,9.110669
C:\myData\IMG\center_2025_06_02_16_50_02_393.jpg,C:\myData\IMG\left_2025_06_02_16_50_02_393.jpg,C:\myData\IMG\right_2025_06_02_16_50_02_393.jpg,0,0,0,8.944132
C:\myData\IMG\center_2025_06_02_16_50_02_574.jpg,C:\myData\IMG\left_2025_06_02_16_50_02_574.jpg,C:\myData\IMG\right_2025_06_02_16_50_02_574.jpg,0,0,0,8.779523
C:\myData\IMG\center_2025_06_02_16_50_02_755.jpg,C:\myData\IMG\left_2025_06_02_16_50_02_755.jpg,C:\myData\IMG\right_2025_06_02_16_50_02_755.jpg,0.45,0,0,8.567596
C:\myData\IMG\center_2025_06_02_16_50_02_941.jpg,C:\myData\IMG\left_2025_06_02_16_50_02_941.jpg,C:\myData\IMG\right_2025_06_02_16_50_02_941.jpg,0,0,0,8.369785
C:\myData\IMG\center_2025_06_02_16_50_03_123.jpg,C:\myData\IMG\left_2025_06_02_16_50_03_123.jpg,C:\myData\IMG\right_2025_06_02_16_50_03_123.jpg,0,0,0,8.21702
C:\myData\IMG\center_2025_06_02_16_50_03_313.jpg,C:\myData\IMG\left_2025_06_02_16_50_03_313.jpg,C:\myData\IMG\right_2025_06_02_16_50_03_313.jpg,0,0,0,8.067179
C:\myData\IMG\center_2025_06_02_16_50_03_496.jpg,C:\myData\IMG\left_2025_06_02_16_50_03_496.jpg,C:\myData\IMG\right_2025_06_02_16_50_03_496.jpg,0,0,0,7.920085
C:\myData\IMG\center_2025_06_02_16_50_03_675.jpg,C:\myData\IMG\left_2025_06_02_16_50_03_675.jpg,C:\myData\IMG\right_2025_06_02_16_50_03_675.jpg,0,0,0,7.775104
C:\myData\IMG\center_2025_06_02_16_50_03_868.jpg,C:\myData\IMG\left_2025_06_02_16_50_03_868.jpg,C:\myData\IMG\right_2025_06_02_16_50_03_868.jpg,0,0,0,7.616961
C:\myData\IMG\center_2025_06_02_16_50_04_055.jpg,C:\myData\IMG\left_2025_06_02_16_50_04_055.jpg,C:\myData\IMG\right_2025_06_02_16_50_04_055.jpg,0,0,0,7.47733
C:\myData\IMG\center_2025_06_02_16_50_04_237.jpg,C:\myData\IMG\left_2025_06_02_16_50_04_237.jpg,C:\myData\IMG\right_2025_06_02_16_50_04_237.jpg,0,0,0,7.340213
C:\myData\IMG\center_2025_06_02_16_50_04_428.jpg,C:\myData\IMG\left_2025_06_02_16_50_04_428.jpg,C:\myData\IMG\right_2025_06_02_16_50_04_428.jpg,0,0,0,7.190751
C:\myData\IMG\center_2025_06_02_16_50_04_617.jpg,C:\myData\IMG\left_2025_06_02_16_50_04_617.jpg,C:\myData\IMG\right_2025_06_02_16_50_04_617.jpg,0,0,0,7.058792
C:\myData\IMG\center_2025_06_02_16_50_04_811.jpg,C:\myData\IMG\left_2025_06_02_16_50_04_811.jpg,C:\myData\IMG\right_2025_06_02_16_50_04_811.jpg,0,0,0,6.914953
C:\myData\IMG\center_2025_06_02_16_50_04_992.jpg,C:\myData\IMG\left_2025_06_02_16_50_04_992.jpg,C:\myData\IMG\right_2025_06_02_16_50_04_992.jpg,0,0,0,6.787955
C:\myData\IMG\center_2025_06_02_16_50_05_192.jpg,C:\myData\IMG\left_2025_06_02_16_50_05_192.jpg,C:\myData\IMG\right_2025_06_02_16_50_05_192.jpg,0,0,0,6.649523
C:\myData\IMG\center_2025_06_02_16_50_05_369.jpg,C:\myData\IMG\left_2025_06_02_16_50_05_369.jpg,C:\myData\IMG\right_2025_06_02_16_50_05_369.jpg,0,0,0,6.52932
C:\myData\IMG\center_2025_06_02_16_50_05_560.jpg,C:\myData\IMG\left_2025_06_02_16_50_05_560.jpg,C:\myData\IMG\right_2025_06_02_16_50_05_560.jpg,0,0.5681355,0,7.616441
C:\myData\IMG\center_2025_06_02_16_50_05_754.jpg,C:\myData\IMG\left_2025_06_02_16_50_05_754.jpg,C:\myData\IMG\right_2025_06_02_16_50_05_754.jpg,0,1,0,9.841302
C:\myData\IMG\center_2025_06_02_16_50_05_937.jpg,C:\myData\IMG\left_2025_06_02_16_50_05_937.jpg,C:\myData\IMG\right_2025_06_02_16_50_05_937.jpg,0,1,0,11.67065
C:\myData\IMG\center_2025_06_02_16_50_06_131.jpg,C:\myData\IMG\left_2025_06_02_16_50_06_131.jpg,C:\myData\IMG\right_2025_06_02_16_50_06_131.jpg,0,0.4219339,0,12.50893
C:\myData\IMG\center_2025_06_02_16_50_06_437.jpg,C:\myData\IMG\left_2025_06_02_16_50_06_437.jpg,C:\myData\IMG\right_2025_06_02_16_50_06_437.jpg,0,0,0,12.16203
C:\myData\IMG\center_2025_06_02_16_50_06_593.jpg,C:\myData\IMG\left_2025_06_02_16_50_06_593.jpg,C:\myData\IMG\right_2025_06_02_16_50_06_593.jpg,0,0,0,11.99983
C:\myData\IMG\center_2025_06_02_16_50_06_788.jpg,C:\myData\IMG\left_2025_06_02_16_50_06_788.jpg,C:\myData\IMG\right_2025_06_02_16_50_06_788.jpg,0,0,0,12.04286
C:\myData\IMG\center_2025_06_02_16_50_06_978.jpg,C:\myData\IMG\left_2025_06_02_16_50_06_978.jpg,C:\myData\IMG\right_2025_06_02_16_50_06_978.jpg,0,0,0,11.79124
C:\myData\IMG\center_2025_06_02_16_50_07_170.jpg,C:\myData\IMG\left_2025_06_02_16_50_07_170.jpg,C:\myData\IMG\right_2025_06_02_16_50_07_170.jpg,-0.45,0,0,11.29419
C:\myData\IMG\center_2025_06_02_16_50_07_368.jpg,C:\myData\IMG\left_2025_06_02_16_50_07_368.jpg,C:\myData\IMG\right_2025_06_02_16_50_07_368.jpg,0,0,0,11.24054
C:\myData\IMG\center_2025_06_02_16_50_07_473.jpg,C:\myData\IMG\left_2025_06_02_16_50_07_473.jpg,C:\myData\IMG\right_2025_06_02_16_50_07_473.jpg,0,0,0,11.01867
C:\myData\IMG\center_2025_06_02_16_50_07_667.jpg,C:\myData\IMG\left_2025_06_02_16_50_07_667.jpg,C:\myData\IMG\right_2025_06_02_16_50_07_667.jpg,0,0,0,10.80056
C:\myData\IMG\center_2025_06_02_16_50_07_866.jpg,C:\myData\IMG\left_2025_06_02_16_50_07_866.jpg,C:\myData\IMG\right_2025_06_02_16_50_07_866.jpg,0,0,0,10.5868
C:\myData\IMG\center_2025_06_02_16_50_08_064.jpg,C:\myData\IMG\left_2025_06_02_16_50_08_064.jpg,C:\myData\IMG\right_2025_06_02_16_50_08_064.jpg,0,0,0,10.37729
C:\myData\IMG\center_2025_06_02_16_50_08_256.jpg,C:\myData\IMG\left_2025_06_02_16_50_08_256.jpg,C:\myData\IMG\right_2025_06_02_16_50_08_256.jpg,0,0,0,10.1932
C:\myData\IMG\center_2025_06_02_16_50_08_448.jpg,C:\myData\IMG\left_2025_06_02_16_50_08_448.jpg,C:\myData\IMG\right_2025_06_02_16_50_08_448.jpg,0,0,0,9.993842
C:\myData\IMG\center_2025_06_02_16_50_08_643.jpg,C:\myData\IMG\left_2025_06_02_16_50_08_643.jpg,C:\myData\IMG\right_2025_06_02_16_50_08_643.jpg,0,0,0,9.798391
C:\myData\IMG\center_2025_06_02_16_50_08_830.jpg,C:\myData\IMG\left_2025_06_02_16_50_08_830.jpg,C:\myData\IMG\right_2025_06_02_16_50_08_830.jpg,-0.45,0,0,9.558495
C:\myData\IMG\center_2025_06_02_16_50_09_022.jpg,C:\myData\IMG\left_2025_06_02_16_50_09_022.jpg,C:\myData\IMG\right_2025_06_02_16_50_09_022.jpg,0,0,0,9.350255
C:\myData\IMG\center_2025_06_02_16_50_09_218.jpg,C:\myData\IMG\left_2025_06_02_16_50_09_218.jpg,C:\myData\IMG\right_2025_06_02_16_50_09_218.jpg,0,0,0,9.186382
C:\myData\IMG\center_2025_06_02_16_50_09_409.jpg,C:\myData\IMG\left_2025_06_02_16_50_09_409.jpg,C:\myData\IMG\right_2025_06_02_16_50_09_409.jpg,0,0,0,9.007778
C:\myData\IMG\center_2025_06_02_16_50_09_604.jpg,C:\myData\IMG\left_2025_06_02_16_50_09_604.jpg,C:\myData\IMG\right_2025_06_02_16_50_09_604.jpg,0,0,0,8.832476
C:\myData\IMG\center_2025_06_02_16_50_09_794.jpg,C:\myData\IMG\left_2025_06_02_16_50_09_794.jpg,C:\myData\IMG\right_2025_06_02_16_50_09_794.jpg,0,0,0,8.675859
C:\myData\IMG\center_2025_06_02_16_50_09_985.jpg,C:\myData\IMG\left_2025_06_02_16_50_09_985.jpg,C:\myData\IMG\right_2025_06_02_16_50_09_985.jpg,-0.5000001,0,0,8.433654
C:\myData\IMG\center_2025_06_02_16_50_10_185.jpg,C:\myData\IMG\left_2025_06_02_16_50_10_185.jpg,C:\myData\IMG\right_2025_06_02_16_50_10_185.jpg,-1,0,0,8.063081
C:\myData\IMG\center_2025_06_02_16_50_10_383.jpg,C:\myData\IMG\left_2025_06_02_16_50_10_383.jpg,C:\myData\IMG\right_2025_06_02_16_50_10_383.jpg,0,0,0,7.746708
C:\myData\IMG\center_2025_06_02_16_50_10_582.jpg,C:\myData\IMG\left_2025_06_02_16_50_10_582.jpg,C:\myData\IMG\right_2025_06_02_16_50_10_582.jpg,0,0,0,7.592258
C:\myData\IMG\center_2025_06_02_16_50_10_775.jpg,C:\myData\IMG\left_2025_06_02_16_50_10_775.jpg,C:\myData\IMG\right_2025_06_02_16_50_10_775.jpg,0,0,0,7.456054
C:\myData\IMG\center_2025_06_02_16_50_10_968.jpg,C:\myData\IMG\left_2025_06_02_16_50_10_968.jpg,C:\myData\IMG\right_2025_06_02_16_50_10_968.jpg,0,0,0,7.307584
C:\myData\IMG\center_2025_06_02_16_50_11_163.jpg,C:\myData\IMG\left_2025_06_02_16_50_11_163.jpg,C:\myData\IMG\right_2025_06_02_16_50_11_163.jpg,0,0,0,7.162079
C:\myData\IMG\center_2025_06_02_16_50_11_353.jpg,C:\myData\IMG\left_2025_06_02_16_50_11_353.jpg,C:\myData\IMG\right_2025_06_02_16_50_11_353.jpg,0,0,0,7.033588
C:\myData\IMG\center_2025_06_02_16_50_11_545.jpg,C:\myData\IMG\left_2025_06_02_16_50_11_545.jpg,C:\myData\IMG\right_2025_06_02_16_50_11_545.jpg,0,0.5695451,0,8.232033
C:\myData\IMG\center_2025_06_02_16_50_11_743.jpg,C:\myData\IMG\left_2025_06_02_16_50_11_743.jpg,C:\myData\IMG\right_2025_06_02_16_50_11_743.jpg,0,1,0,10.44038
C:\myData\IMG\center_2025_06_02_16_50_11_938.jpg,C:\myData\IMG\left_2025_06_02_16_50_11_938.jpg,C:\myData\IMG\right_2025_06_02_16_50_11_938.jpg,0,1,0,12.45743
C:\myData\IMG\center_2025_06_02_16_50_12_131.jpg,C:\myData\IMG\left_2025_06_02_16_50_12_131.jpg,C:\myData\IMG\right_2025_06_02_16_50_12_131.jpg,0,1,0,14.69956
C:\myData\IMG\center_2025_06_02_16_50_12_329.jpg,C:\myData\IMG\left_2025_06_02_16_50_12_329.jpg,C:\myData\IMG\right_2025_06_02_16_50_12_329.jpg,0,1,0,16.79713
C:\myData\IMG\center_2025_06_02_16_50_12_521.jpg,C:\myData\IMG\left_2025_06_02_16_50_12_521.jpg,C:\myData\IMG\right_2025_06_02_16_50_12_521.jpg,0,1,0,18.84217
C:\myData\IMG\center_2025_06_02_16_50_12_716.jpg,C:\myData\IMG\left_2025_06_02_16_50_12_716.jpg,C:\myData\IMG\right_2025_06_02_16_50_12_716.jpg,0,0.4136845,0,19.24951
C:\myData\IMG\center_2025_06_02_16_50_12_907.jpg,C:\myData\IMG\left_2025_06_02_16_50_12_907.jpg,C:\myData\IMG\right_2025_06_02_16_50_12_907.jpg,0,0,0,18.80829
C:\myData\IMG\center_2025_06_02_16_50_13_101.jpg,C:\myData\IMG\left_2025_06_02_16_50_13_101.jpg,C:\myData\IMG\right_2025_06_02_16_50_13_101.jpg,0,0,0,18.39957
C:\myData\IMG\center_2025_06_02_16_50_13_299.jpg,C:\myData\IMG\left_2025_06_02_16_50_13_299.jpg,C:\myData\IMG\right_2025_06_02_16_50_13_299.jpg,0,0,0,18.55267
C:\myData\IMG\center_2025_06_02_16_50_13_488.jpg,C:\myData\IMG\left_2025_06_02_16_50_13_488.jpg,C:\myData\IMG\right_2025_06_02_16_50_13_488.jpg,0,0,0,18.18977
C:\myData\IMG\center_2025_06_02_16_50_13_686.jpg,C:\myData\IMG\left_2025_06_02_16_50_13_686.jpg,C:\myData\IMG\right_2025_06_02_16_50_13_686.jpg,-0.5000001,0,0,17.68111
C:\myData\IMG\center_2025_06_02_16_50_13_948.jpg,C:\myData\IMG\left_2025_06_02_16_50_13_948.jpg,C:\myData\IMG\right_2025_06_02_16_50_13_948.jpg,0,0,0,16.83197
C:\myData\IMG\center_2025_06_02_16_50_14_139.jpg,C:\myData\IMG\left_2025_06_02_16_50_14_139.jpg,C:\myData\IMG\right_2025_06_02_16_50_14_139.jpg,0,0,0,16.47589
C:\myData\IMG\center_2025_06_02_16_50_14_331.jpg,C:\myData\IMG\left_2025_06_02_16_50_14_331.jpg,C:\myData\IMG\right_2025_06_02_16_50_14_331.jpg,0,0,0,16.7183
C:\myData\IMG\center_2025_06_02_16_50_14_580.jpg,C:\myData\IMG\left_2025_06_02_16_50_14_580.jpg,C:\myData\IMG\right_2025_06_02_16_50_14_580.jpg,0,0,0,16.39515
C:\myData\IMG\center_2025_06_02_16_50_14_732.jpg,C:\myData\IMG\left_2025_06_02_16_50_14_732.jpg,C:\myData\IMG\right_2025_06_02_16_50_14_732.jpg,0,0,0,16.08703
C:\myData\IMG\center_2025_06_02_16_50_14_910.jpg,C:\myData\IMG\left_2025_06_02_16_50_14_910.jpg,C:\myData\IMG\right_2025_06_02_16_50_14_910.jpg,-0.45,0,0,15.18462
C:\myData\IMG\center_2025_06_02_16_50_15_096.jpg,C:\myData\IMG\left_2025_06_02_16_50_15_096.jpg,C:\myData\IMG\right_2025_06_02_16_50_15_096.jpg,0,0,0,14.86229
C:\myData\IMG\center_2025_06_02_16_50_15_285.jpg,C:\myData\IMG\left_2025_06_02_16_50_15_285.jpg,C:\myData\IMG\right_2025_06_02_16_50_15_285.jpg,0,0,0,15.10768
C:\myData\IMG\center_2025_06_02_16_50_15_481.jpg,C:\myData\IMG\left_2025_06_02_16_50_15_481.jpg,C:\myData\IMG\right_2025_06_02_16_50_15_481.jpg,0,0,0,14.80835
C:\myData\IMG\center_2025_06_02_16_50_15_668.jpg,C:\myData\IMG\left_2025_06_02_16_50_15_668.jpg,C:\myData\IMG\right_2025_06_02_16_50_15_668.jpg,0,0,0,14.02758
C:\myData\IMG\center_2025_06_02_16_50_15_858.jpg,C:\myData\IMG\left_2025_06_02_16_50_15_858.jpg,C:\myData\IMG\right_2025_06_02_16_50_15_858.jpg,0,0,0,13.72938
C:\myData\IMG\center_2025_06_02_16_50_16_051.jpg,C:\myData\IMG\left_2025_06_02_16_50_16_051.jpg,C:\myData\IMG\right_2025_06_02_16_50_16_051.jpg,-0.45,0,0,13.87224
C:\myData\IMG\center_2025_06_02_16_50_16_239.jpg,C:\myData\IMG\left_2025_06_02_16_50_16_239.jpg,C:\myData\IMG\right_2025_06_02_16_50_16_239.jpg,-0.9500002,0,0,13.29195
C:\myData\IMG\center_2025_06_02_16_50_16_426.jpg,C:\myData\IMG\left_2025_06_02_16_50_16_426.jpg,C:\myData\IMG\right_2025_06_02_16_50_16_426.jpg,0,0,0,12.48295
C:\myData\IMG\center_2025_06_02_16_50_16_609.jpg,C:\myData\IMG\left_2025_06_02_16_50_16_609.jpg,C:\myData\IMG\right_2025_06_02_16_50_16_609.jpg,0,0,0,12.22299
C:\myData\IMG\center_2025_06_02_16_50_16_799.jpg,C:\myData\IMG\left_2025_06_02_16_50_16_799.jpg,C:\myData\IMG\right_2025_06_02_16_50_16_799.jpg,0,0,0,12.41615
C:\myData\IMG\center_2025_06_02_16_50_16_987.jpg,C:\myData\IMG\left_2025_06_02_16_50_16_987.jpg,C:\myData\IMG\right_2025_06_02_16_50_16_987.jpg,0,0,0,11.6609
C:\myData\IMG\center_2025_06_02_16_50_17_179.jpg,C:\myData\IMG\left_2025_06_02_16_50_17_179.jpg,C:\myData\IMG\right_2025_06_02_16_50_17_179.jpg,0,0,0,11.97409
C:\myData\IMG\center_2025_06_02_16_50_17_441.jpg,C:\myData\IMG\left_2025_06_02_16_50_17_441.jpg,C:\myData\IMG\right_2025_06_02_16_50_17_441.jpg,0,0,0,11.71578
C:\myData\IMG\center_2025_06_02_16_50_17_626.jpg,C:\myData\IMG\left_2025_06_02_16_50_17_626.jpg,C:\myData\IMG\right_2025_06_02_16_50_17_626.jpg,0,0.5687811,0,12.29391
C:\myData\IMG\center_2025_06_02_16_50_17_732.jpg,C:\myData\IMG\left_2025_06_02_16_50_17_732.jpg,C:\myData\IMG\right_2025_06_02_16_50_17_732.jpg,0,0.01429504,0,12.37081
C:\myData\IMG\center_2025_06_02_16_50_17_912.jpg,C:\myData\IMG\left_2025_06_02_16_50_17_912.jpg,C:\myData\IMG\right_2025_06_02_16_50_17_912.jpg,0,0.5203041,0,13.20538
C:\myData\IMG\center_2025_06_02_16_50_18_096.jpg,C:\myData\IMG\left_2025_06_02_16_50_18_096.jpg,C:\myData\IMG\right_2025_06_02_16_50_18_096.jpg,0,1,0,15.19609
C:\myData\IMG\center_2025_06_02_16_50_18_211.jpg,C:\myData\IMG\left_2025_06_02_16_50_18_211.jpg,C:\myData\IMG\right_2025_06_02_16_50_18_211.jpg,0,1,0,17.32273
C:\myData\IMG\center_2025_06_02_16_50_18_393.jpg,C:\myData\IMG\left_2025_06_02_16_50_18_393.jpg,C:\myData\IMG\right_2025_06_02_16_50_18_393.jpg,0,1,0,19.0065
C:\myData\IMG\center_2025_06_02_16_50_18_574.jpg,C:\myData\IMG\left_2025_06_02_16_50_18_574.jpg,C:\myData\IMG\right_2025_06_02_16_50_18_574.jpg,0,1,0,20.94802
C:\myData\IMG\center_2025_06_02_16_50_18_772.jpg,C:\myData\IMG\left_2025_06_02_16_50_18_772.jpg,C:\myData\IMG\right_2025_06_02_16_50_18_772.jpg,0,1,0,22.90626
C:\myData\IMG\center_2025_06_02_16_50_18_965.jpg,C:\myData\IMG\left_2025_06_02_16_50_18_965.jpg,C:\myData\IMG\right_2025_06_02_16_50_18_965.jpg,0,1,0,24.84271
C:\myData\IMG\center_2025_06_02_16_50_19_151.jpg,C:\myData\IMG\left_2025_06_02_16_50_19_151.jpg,C:\myData\IMG\right_2025_06_02_16_50_19_151.jpg,0,1,0,26.56025
C:\myData\IMG\center_2025_06_02_16_50_19_348.jpg,C:\myData\IMG\left_2025_06_02_16_50_19_348.jpg,C:\myData\IMG\right_2025_06_02_16_50_19_348.jpg,0,0.4038964,0,27.09523
C:\myData\IMG\center_2025_06_02_16_50_19_546.jpg,C:\myData\IMG\left_2025_06_02_16_50_19_546.jpg,C:\myData\IMG\right_2025_06_02_16_50_19_546.jpg,0,0,0,26.61936
C:\myData\IMG\center_2025_06_02_16_50_19_751.jpg,C:\myData\IMG\left_2025_06_02_16_50_19_751.jpg,C:\myData\IMG\right_2025_06_02_16_50_19_751.jpg,0,0,0,26.08776
C:\myData\IMG\center_2025_06_02_16_50_19_962.jpg,C:\myData\IMG\left_2025_06_02_16_50_19_962.jpg,C:\myData\IMG\right_2025_06_02_16_50_19_962.jpg,-0.5500001,0,0,25.29696
C:\myData\IMG\center_2025_06_02_16_50_20_148.jpg,C:\myData\IMG\left_2025_06_02_16_50_20_148.jpg,C:\myData\IMG\right_2025_06_02_16_50_20_148.jpg,0,0,0,24.80401
C:\myData\IMG\center_2025_06_02_16_50_20_349.jpg,C:\myData\IMG\left_2025_06_02_16_50_20_349.jpg,C:\myData\IMG\right_2025_06_02_16_50_20_349.jpg,0,0,0,24.30717
C:\myData\IMG\center_2025_06_02_16_50_20_528.jpg,C:\myData\IMG\left_2025_06_02_16_50_20_528.jpg,C:\myData\IMG\right_2025_06_02_16_50_20_528.jpg,0,0,0,23.86962
C:\myData\IMG\center_2025_06_02_16_50_20_724.jpg,C:\myData\IMG\left_2025_06_02_16_50_20_724.jpg,C:\myData\IMG\right_2025_06_02_16_50_20_724.jpg,0,0,0,23.39273
C:\myData\IMG\center_2025_06_02_16_50_20_914.jpg,C:\myData\IMG\left_2025_06_02_16_50_20_914.jpg,C:\myData\IMG\right_2025_06_02_16_50_20_914.jpg,0,0,0,22.97165
C:\myData\IMG\center_2025_06_02_16_50_21_112.jpg,C:\myData\IMG\left_2025_06_02_16_50_21_112.jpg,C:\myData\IMG\right_2025_06_02_16_50_21_112.jpg,0,0,0,22.5127
C:\myData\IMG\center_2025_06_02_16_50_21_311.jpg,C:\myData\IMG\left_2025_06_02_16_50_21_311.jpg,C:\myData\IMG\right_2025_06_02_16_50_21_311.jpg,0,0,0,22.06293
C:\myData\IMG\center_2025_06_02_16_50_21_507.jpg,C:\myData\IMG\left_2025_06_02_16_50_21_507.jpg,C:\myData\IMG\right_2025_06_02_16_50_21_507.jpg,0,0,0,21.62214
C:\myData\IMG\center_2025_06_02_16_50_21_701.jpg,C:\myData\IMG\left_2025_06_02_16_50_21_701.jpg,C:\myData\IMG\right_2025_06_02_16_50_21_701.jpg,0,0,0,21.19017
C:\myData\IMG\center_2025_06_02_16_50_21_896.jpg,C:\myData\IMG\left_2025_06_02_16_50_21_896.jpg,C:\myData\IMG\right_2025_06_02_16_50_21_896.jpg,0,0,0,20.80857
C:\myData\IMG\center_2025_06_02_16_50_22_097.jpg,C:\myData\IMG\left_2025_06_02_16_50_22_097.jpg,C:\myData\IMG\right_2025_06_02_16_50_22_097.jpg,0,0,0,20.3921
C:\myData\IMG\center_2025_06_02_16_50_22_296.jpg,C:\myData\IMG\left_2025_06_02_16_50_22_296.jpg,C:\myData\IMG\right_2025_06_02_16_50_22_296.jpg,0,0,0,19.98359
C:\myData\IMG\center_2025_06_02_16_50_22_492.jpg,C:\myData\IMG\left_2025_06_02_16_50_22_492.jpg,C:\myData\IMG\right_2025_06_02_16_50_22_492.jpg,0,0,0,19.58394
C:\myData\IMG\center_2025_06_02_16_50_22_692.jpg,C:\myData\IMG\left_2025_06_02_16_50_22_692.jpg,C:\myData\IMG\right_2025_06_02_16_50_22_692.jpg,0,0,0,19.19254
C:\myData\IMG\center_2025_06_02_16_50_22_890.jpg,C:\myData\IMG\left_2025_06_02_16_50_22_890.jpg,C:\myData\IMG\right_2025_06_02_16_50_22_890.jpg,0,0,0,18.80963
C:\myData\IMG\center_2025_06_02_16_50_23_092.jpg,C:\myData\IMG\left_2025_06_02_16_50_23_092.jpg,C:\myData\IMG\right_2025_06_02_16_50_23_092.jpg,0,0,0,18.43491
C:\myData\IMG\center_2025_06_02_16_50_23_298.jpg,C:\myData\IMG\left_2025_06_02_16_50_23_298.jpg,C:\myData\IMG\right_2025_06_02_16_50_23_298.jpg,0,0,0,18.07559
C:\myData\IMG\center_2025_06_02_16_50_23_501.jpg,C:\myData\IMG\left_2025_06_02_16_50_23_501.jpg,C:\myData\IMG\right_2025_06_02_16_50_23_501.jpg,0,0,0,17.47836
C:\myData\IMG\center_2025_06_02_16_50_23_700.jpg,C:\myData\IMG\left_2025_06_02_16_50_23_700.jpg,C:\myData\IMG\right_2025_06_02_16_50_23_700.jpg,0,0,0,17.00492
C:\myData\IMG\center_2025_06_02_16_50_23_902.jpg,C:\myData\IMG\left_2025_06_02_16_50_23_902.jpg,C:\myData\IMG\right_2025_06_02_16_50_23_902.jpg,0,0,0,16.65333
C:\myData\IMG\center_2025_06_02_16_50_24_113.jpg,C:\myData\IMG\left_2025_06_02_16_50_24_113.jpg,C:\myData\IMG\right_2025_06_02_16_50_24_113.jpg,0,0,0,16.3107
C:\myData\IMG\center_2025_06_02_16_50_24_401.jpg,C:\myData\IMG\left_2025_06_02_16_50_24_401.jpg,C:\myData\IMG\right_2025_06_02_16_50_24_401.jpg,0,0,0,15.97897
C:\myData\IMG\center_2025_06_02_16_50_24_605.jpg,C:\myData\IMG\left_2025_06_02_16_50_24_605.jpg,C:\myData\IMG\right_2025_06_02_16_50_24_605.jpg,0,0,0,15.66819
C:\myData\IMG\center_2025_06_02_16_50_24_799.jpg,C:\myData\IMG\left_2025_06_02_16_50_24_799.jpg,C:\myData\IMG\right_2025_06_02_16_50_24_799.jpg,0,0,0,15.37978
C:\myData\IMG\center_2025_06_02_16_50_25_006.jpg,C:\myData\IMG\left_2025_06_02_16_50_25_006.jpg,C:\myData\IMG\right_2025_06_02_16_50_25_006.jpg,-0.5500001,0,0,15.40554
C:\myData\IMG\center_2025_06_02_16_50_25_217.jpg,C:\myData\IMG\left_2025_06_02_16_50_25_217.jpg,C:\myData\IMG\right_2025_06_02_16_50_25_217.jpg,0,0,0,15.06382
C:\myData\IMG\center_2025_06_02_16_50_25_422.jpg,C:\myData\IMG\left_2025_06_02_16_50_25_422.jpg,C:\myData\IMG\right_2025_06_02_16_50_25_422.jpg,0,0,0,14.77795
C:\myData\IMG\center_2025_06_02_16_50_25_627.jpg,C:\myData\IMG\left_2025_06_02_16_50_25_627.jpg,C:\myData\IMG\right_2025_06_02_16_50_25_627.jpg,0,0,0,14.46682
C:\myData\IMG\center_2025_06_02_16_50_25_836.jpg,C:\myData\IMG\left_2025_06_02_16_50_25_836.jpg,C:\myData\IMG\right_2025_06_02_16_50_25_836.jpg,0,0,0,13.64501
C:\myData\IMG\center_2025_06_02_16_50_26_038.jpg,C:\myData\IMG\left_2025_06_02_16_50_26_038.jpg,C:\myData\IMG\right_2025_06_02_16_50_26_038.jpg,0,0,0,13.32505
C:\myData\IMG\center_2025_06_02_16_50_26_243.jpg,C:\myData\IMG\left_2025_06_02_16_50_26_243.jpg,C:\myData\IMG\right_2025_06_02_16_50_26_243.jpg,0,0,0,13.0749
C:\myData\IMG\center_2025_06_02_16_50_26_453.jpg,C:\myData\IMG\left_2025_06_02_16_50_26_453.jpg,C:\myData\IMG\right_2025_06_02_16_50_26_453.jpg,0,0.6430962,0,14.68804
C:\myData\IMG\center_2025_06_02_16_50_26_658.jpg,C:\myData\IMG\left_2025_06_02_16_50_26_658.jpg,C:\myData\IMG\right_2025_06_02_16_50_26_658.jpg,0,1,0,16.88537
C:\myData\IMG\center_2025_06_02_16_50_26_780.jpg,C:\myData\IMG\left_2025_06_02_16_50_26_780.jpg,C:\myData\IMG\right_2025_06_02_16_50_26_780.jpg,0,1,0,18.98222
C:\myData\IMG\center_2025_06_02_16_50_26_984.jpg,C:\myData\IMG\left_2025_06_02_16_50_26_984.jpg,C:\myData\IMG\right_2025_06_02_16_50_26_984.jpg,0,1,0,21.04604
C:\myData\IMG\center_2025_06_02_16_50_27_189.jpg,C:\myData\IMG\left_2025_06_02_16_50_27_189.jpg,C:\myData\IMG\right_2025_06_02_16_50_27_189.jpg,0,1,0,23.05938
C:\myData\IMG\center_2025_06_02_16_50_27_399.jpg,C:\myData\IMG\left_2025_06_02_16_50_27_399.jpg,C:\myData\IMG\right_2025_06_02_16_50_27_399.jpg,0,1,0,25.01113
C:\myData\IMG\center_2025_06_02_16_50_27_607.jpg,C:\myData\IMG\left_2025_06_02_16_50_27_607.jpg,C:\myData\IMG\right_2025_06_02_16_50_27_607.jpg,0,1,0,27.1046
C:\myData\IMG\center_2025_06_02_16_50_27_819.jpg,C:\myData\IMG\left_2025_06_02_16_50_27_819.jpg,C:\myData\IMG\right_2025_06_02_16_50_27_819.jpg,0,1,0,28.96738
C:\myData\IMG\center_2025_06_02_16_50_28_022.jpg,C:\myData\IMG\left_2025_06_02_16_50_28_022.jpg,C:\myData\IMG\right_2025_06_02_16_50_28_022.jpg,0,1,0,30.19025
C:\myData\IMG\center_2025_06_02_16_50_28_230.jpg,C:\myData\IMG\left_2025_06_02_16_50_28_230.jpg,C:\myData\IMG\right_2025_06_02_16_50_28_230.jpg,0,0.375634,0,30.03207
C:\myData\IMG\center_2025_06_02_16_50_28_444.jpg,C:\myData\IMG\left_2025_06_02_16_50_28_444.jpg,C:\myData\IMG\right_2025_06_02_16_50_28_444.jpg,0,0,0,29.37716
C:\myData\IMG\center_2025_06_02_16_50_28_644.jpg,C:\myData\IMG\left_2025_06_02_16_50_28_644.jpg,C:\myData\IMG\right_2025_06_02_16_50_28_644.jpg,-0.5000001,0,0,28.60263
C:\myData\IMG\center_2025_06_02_16_50_28_852.jpg,C:\myData\IMG\left_2025_06_02_16_50_28_852.jpg,C:\myData\IMG\right_2025_06_02_16_50_28_852.jpg,0,0,0,28.00393
C:\myData\IMG\center_2025_06_02_16_50_29_065.jpg,C:\myData\IMG\left_2025_06_02_16_50_29_065.jpg,C:\myData\IMG\right_2025_06_02_16_50_29_065.jpg,0,0,0,27.38846
C:\myData\IMG\center_2025_06_02_16_50_29_271.jpg,C:\myData\IMG\left_2025_06_02_16_50_29_271.jpg,C:\myData\IMG\right_2025_06_02_16_50_29_271.jpg,0,0,0,26.84121
C:\myData\IMG\center_2025_06_02_16_50_29_474.jpg,C:\myData\IMG\left_2025_06_02_16_50_29_474.jpg,C:\myData\IMG\right_2025_06_02_16_50_29_474.jpg,0,0,0,26.30455
C:\myData\IMG\center_2025_06_02_16_50_29_670.jpg,C:\myData\IMG\left_2025_06_02_16_50_29_670.jpg,C:\myData\IMG\right_2025_06_02_16_50_29_670.jpg,0,0,0,25.77816
C:\myData\IMG\center_2025_06_02_16_50_29_876.jpg,C:\myData\IMG\left_2025_06_02_16_50_29_876.jpg,C:\myData\IMG\right_2025_06_02_16_50_29_876.jpg,0,0,0,25.26195
C:\myData\IMG\center_2025_06_02_16_50_30_077.jpg,C:\myData\IMG\left_2025_06_02_16_50_30_077.jpg,C:\myData\IMG\right_2025_06_02_16_50_30_077.jpg,0,0,0,24.75604
C:\myData\IMG\center_2025_06_02_16_50_30_279.jpg,C:\myData\IMG\left_2025_06_02_16_50_30_279.jpg,C:\myData\IMG\right_2025_06_02_16_50_30_279.jpg,0,0,0,24.21122
C:\myData\IMG\center_2025_06_02_16_50_30_495.jpg,C:\myData\IMG\left_2025_06_02_16_50_30_495.jpg,C:\myData\IMG\right_2025_06_02_16_50_30_495.jpg,0,0,0,23.72705
C:\myData\IMG\center_2025_06_02_16_50_30_711.jpg,C:\myData\IMG\left_2025_06_02_16_50_30_711.jpg,C:\myData\IMG\right_2025_06_02_16_50_30_711.jpg,0,0,0,23.20611
C:\myData\IMG\center_2025_06_02_16_50_30_901.jpg,C:\myData\IMG\left_2025_06_02_16_50_30_901.jpg,C:\myData\IMG\right_2025_06_02_16_50_30_901.jpg,0,0,0,22.74285
C:\myData\IMG\center_2025_06_02_16_50_31_102.jpg,C:\myData\IMG\left_2025_06_02_16_50_31_102.jpg,C:\myData\IMG\right_2025_06_02_16_50_31_102.jpg,0,0,0,22.28887
C:\myData\IMG\center_2025_06_02_16_50_31_307.jpg,C:\myData\IMG\left_2025_06_02_16_50_31_307.jpg,C:\myData\IMG\right_2025_06_02_16_50_31_307.jpg,0,0,0,21.84395
C:\myData\IMG\center_2025_06_02_16_50_31_501.jpg,C:\myData\IMG\left_2025_06_02_16_50_31_501.jpg,C:\myData\IMG\right_2025_06_02_16_50_31_501.jpg,0,0,0,21.40793
C:\myData\IMG\center_2025_06_02_16_50_31_702.jpg,C:\myData\IMG\left_2025_06_02_16_50_31_702.jpg,C:\myData\IMG\right_2025_06_02_16_50_31_702.jpg,0,0,0,20.98063
C:\myData\IMG\center_2025_06_02_16_50_31_903.jpg,C:\myData\IMG\left_2025_06_02_16_50_31_903.jpg,C:\myData\IMG\right_2025_06_02_16_50_31_903.jpg,0,0,0,20.56187
C:\myData\IMG\center_2025_06_02_16_50_32_115.jpg,C:\myData\IMG\left_2025_06_02_16_50_32_115.jpg,C:\myData\IMG\right_2025_06_02_16_50_32_115.jpg,0,0,0,20.15148
C:\myData\IMG\center_2025_06_02_16_50_32_314.jpg,C:\myData\IMG\left_2025_06_02_16_50_32_314.jpg,C:\myData\IMG\right_2025_06_02_16_50_32_314.jpg,0,0,0,19.74947
C:\myData\IMG\center_2025_06_02_16_50_32_521.jpg,C:\myData\IMG\left_2025_06_02_16_50_32_521.jpg,C:\myData\IMG\right_2025_06_02_16_50_32_521.jpg,0,0,0,19.31722
C:\myData\IMG\center_2025_06_02_16_50_32_722.jpg,C:\myData\IMG\left_2025_06_02_16_50_32_722.jpg,C:\myData\IMG\right_2025_06_02_16_50_32_722.jpg,0,0,0,18.93191
C:\myData\IMG\center_2025_06_02_16_50_32_925.jpg,C:\myData\IMG\left_2025_06_02_16_50_32_925.jpg,C:\myData\IMG\right_2025_06_02_16_50_32_925.jpg,0,0,0,18.55448
C:\myData\IMG\center_2025_06_02_16_50_33_127.jpg,C:\myData\IMG\left_2025_06_02_16_50_33_127.jpg,C:\myData\IMG\right_2025_06_02_16_50_33_127.jpg,0,0,0,18.18647
C:\myData\IMG\center_2025_06_02_16_50_33_329.jpg,C:\myData\IMG\left_2025_06_02_16_50_33_329.jpg,C:\myData\IMG\right_2025_06_02_16_50_33_329.jpg,0,0,0,17.89999
C:\myData\IMG\center_2025_06_02_16_50_33_530.jpg,C:\myData\IMG\left_2025_06_02_16_50_33_530.jpg,C:\myData\IMG\right_2025_06_02_16_50_33_530.jpg,-0.5000001,0,0,17.51674
C:\myData\IMG\center_2025_06_02_16_50_33_824.jpg,C:\myData\IMG\left_2025_06_02_16_50_33_824.jpg,C:\myData\IMG\right_2025_06_02_16_50_33_824.jpg,0,0,0,17.18389
C:\myData\IMG\center_2025_06_02_16_50_34_024.jpg,C:\myData\IMG\left_2025_06_02_16_50_34_024.jpg,C:\myData\IMG\right_2025_06_02_16_50_34_024.jpg,0,0,0,16.84282
C:\myData\IMG\center_2025_06_02_16_50_34_222.jpg,C:\myData\IMG\left_2025_06_02_16_50_34_222.jpg,C:\myData\IMG\right_2025_06_02_16_50_34_222.jpg,0,0,0,16.5143
C:\myData\IMG\center_2025_06_02_16_50_34_420.jpg,C:\myData\IMG\left_2025_06_02_16_50_34_420.jpg,C:\myData\IMG\right_2025_06_02_16_50_34_420.jpg,0,0,0,16.2005
C:\myData\IMG\center_2025_06_02_16_50_34_612.jpg,C:\myData\IMG\left_2025_06_02_16_50_34_612.jpg,C:\myData\IMG\right_2025_06_02_16_50_34_612.jpg,0,0,0,15.89206
C:\myData\IMG\center_2025_06_02_16_50_34_809.jpg,C:\myData\IMG\left_2025_06_02_16_50_34_809.jpg,C:\myData\IMG\right_2025_06_02_16_50_34_809.jpg,0,0,0,15.58197
C:\myData\IMG\center_2025_06_02_16_50_35_010.jpg,C:\myData\IMG\left_2025_06_02_16_50_35_010.jpg,C:\myData\IMG\right_2025_06_02_16_50_35_010.jpg,0,0,0,14.7904
C:\myData\IMG\center_2025_06_02_16_50_35_208.jpg,C:\myData\IMG\left_2025_06_02_16_50_35_208.jpg,C:\myData\IMG\right_2025_06_02_16_50_35_208.jpg,0,0,0,14.495
C:\myData\IMG\center_2025_06_02_16_50_35_410.jpg,C:\myData\IMG\left_2025_06_02_16_50_35_410.jpg,C:\myData\IMG\right_2025_06_02_16_50_35_410.jpg,0,0,0,14.20562
C:\myData\IMG\center_2025_06_02_16_50_35_606.jpg,C:\myData\IMG\left_2025_06_02_16_50_35_606.jpg,C:\myData\IMG\right_2025_06_02_16_50_35_606.jpg,0,0,0,13.90524
C:\myData\IMG\center_2025_06_02_16_50_35_802.jpg,C:\myData\IMG\left_2025_06_02_16_50_35_802.jpg,C:\myData\IMG\right_2025_06_02_16_50_35_802.jpg,0,0,0,13.53931
C:\myData\IMG\center_2025_06_02_16_50_35_997.jpg,C:\myData\IMG\left_2025_06_02_16_50_35_997.jpg,C:\myData\IMG\right_2025_06_02_16_50_35_997.jpg,0,0,0,13.31883
C:\myData\IMG\center_2025_06_02_16_50_36_197.jpg,C:\myData\IMG\left_2025_06_02_16_50_36_197.jpg,C:\myData\IMG\right_2025_06_02_16_50_36_197.jpg,0,0,0,13.04228
C:\myData\IMG\center_2025_06_02_16_50_36_395.jpg,C:\myData\IMG\left_2025_06_02_16_50_36_395.jpg,C:\myData\IMG\right_2025_06_02_16_50_36_395.jpg,0,0,0,12.79046
C:\myData\IMG\center_2025_06_02_16_50_36_592.jpg,C:\myData\IMG\left_2025_06_02_16_50_36_592.jpg,C:\myData\IMG\right_2025_06_02_16_50_36_592.jpg,0,0,0,12.43336
C:\myData\IMG\center_2025_06_02_16_50_36_791.jpg,C:\myData\IMG\left_2025_06_02_16_50_36_791.jpg,C:\myData\IMG\right_2025_06_02_16_50_36_791.jpg,0,0,0,12.16759
C:\myData\IMG\center_2025_06_02_16_50_36_988.jpg,C:\myData\IMG\left_2025_06_02_16_50_36_988.jpg,C:\myData\IMG\right_2025_06_02_16_50_36_988.jpg,0,0,0,11.9121
C:\myData\IMG\center_2025_06_02_16_50_37_189.jpg,C:\myData\IMG\left_2025_06_02_16_50_37_189.jpg,C:\myData\IMG\right_2025_06_02_16_50_37_189.jpg,0,0.5905731,0,13.45154
C:\myData\IMG\center_2025_06_02_16_50_37_387.jpg,C:\myData\IMG\left_2025_06_02_16_50_37_387.jpg,C:\myData\IMG\right_2025_06_02_16_50_37_387.jpg,0,0,0,13.28658
C:\myData\IMG\center_2025_06_02_16_50_37_588.jpg,C:\myData\IMG\left_2025_06_02_16_50_37_588.jpg,C:\myData\IMG\right_2025_06_02_16_50_37_588.jpg,0,0.5883108,0,14.13274
C:\myData\IMG\center_2025_06_02_16_50_37_785.jpg,C:\myData\IMG\left_2025_06_02_16_50_37_785.jpg,C:\myData\IMG\right_2025_06_02_16_50_37_785.jpg,0,0,0,13.77771
C:\myData\IMG\center_2025_06_02_16_50_37_981.jpg,C:\myData\IMG\left_2025_06_02_16_50_37_981.jpg,C:\myData\IMG\right_2025_06_02_16_50_37_981.jpg,-0.5000001,0,0,13.39355
C:\myData\IMG\center_2025_06_02_16_50_38_180.jpg,C:\myData\IMG\left_2025_06_02_16_50_38_180.jpg,C:\myData\IMG\right_2025_06_02_16_50_38_180.jpg,0,0,0,13.08196
C:\myData\IMG\center_2025_06_02_16_50_38_379.jpg,C:\myData\IMG\left_2025_06_02_16_50_38_379.jpg,C:\myData\IMG\right_2025_06_02_16_50_38_379.jpg,0,0,0,12.78469
C:\myData\IMG\center_2025_06_02_16_50_38_574.jpg,C:\myData\IMG\left_2025_06_02_16_50_38_574.jpg,C:\myData\IMG\right_2025_06_02_16_50_38_574.jpg,0,0,0,12.51741
C:\myData\IMG\center_2025_06_02_16_50_38_769.jpg,C:\myData\IMG\left_2025_06_02_16_50_38_769.jpg,C:\myData\IMG\right_2025_06_02_16_50_38_769.jpg,0,0,0,12.26123
C:\myData\IMG\center_2025_06_02_16_50_38_961.jpg,C:\myData\IMG\left_2025_06_02_16_50_38_961.jpg,C:\myData\IMG\right_2025_06_02_16_50_38_961.jpg,0,0,0,12.2886
C:\myData\IMG\center_2025_06_02_16_50_39_155.jpg,C:\myData\IMG\left_2025_06_02_16_50_39_155.jpg,C:\myData\IMG\right_2025_06_02_16_50_39_155.jpg,0,0,0,12.04241
C:\myData\IMG\center_2025_06_02_16_50_39_345.jpg,C:\myData\IMG\left_2025_06_02_16_50_39_345.jpg,C:\myData\IMG\right_2025_06_02_16_50_39_345.jpg,0,0,0,11.5866
C:\myData\IMG\center_2025_06_02_16_50_39_525.jpg,C:\myData\IMG\left_2025_06_02_16_50_39_525.jpg,C:\myData\IMG\right_2025_06_02_16_50_39_525.jpg,0,0,0,11.35115
C:\myData\IMG\center_2025_06_02_16_50_39_732.jpg,C:\myData\IMG\left_2025_06_02_16_50_39_732.jpg,C:\myData\IMG\right_2025_06_02_16_50_39_732.jpg,0,0,0,11.34241
C:\myData\IMG\center_2025_06_02_16_50_39_929.jpg,C:\myData\IMG\left_2025_06_02_16_50_39_929.jpg,C:\myData\IMG\right_2025_06_02_16_50_39_929.jpg,0,0,0,11.09134
C:\myData\IMG\center_2025_06_02_16_50_40_045.jpg,C:\myData\IMG\left_2025_06_02_16_50_40_045.jpg,C:\myData\IMG\right_2025_06_02_16_50_40_045.jpg,0,0,0,10.8698
C:\myData\IMG\center_2025_06_02_16_50_40_238.jpg,C:\myData\IMG\left_2025_06_02_16_50_40_238.jpg,C:\myData\IMG\right_2025_06_02_16_50_40_238.jpg,0,0,0,10.67419
C:\myData\IMG\center_2025_06_02_16_50_40_441.jpg,C:\myData\IMG\left_2025_06_02_16_50_40_441.jpg,C:\myData\IMG\right_2025_06_02_16_50_40_441.jpg,0,0,0,10.43989
C:\myData\IMG\center_2025_06_02_16_50_40_640.jpg,C:\myData\IMG\left_2025_06_02_16_50_40_640.jpg,C:\myData\IMG\right_2025_06_02_16_50_40_640.jpg,0,0,0,10.23137
C:\myData\IMG\center_2025_06_02_16_50_40_836.jpg,C:\myData\IMG\left_2025_06_02_16_50_40_836.jpg,C:\myData\IMG\right_2025_06_02_16_50_40_836.jpg,-0.45,0,0,9.980997
C:\myData\IMG\center_2025_06_02_16_50_41_039.jpg,C:\myData\IMG\left_2025_06_02_16_50_41_039.jpg,C:\myData\IMG\right_2025_06_02_16_50_41_039.jpg,0,0,0,9.758101
C:\myData\IMG\center_2025_06_02_16_50_41_238.jpg,C:\myData\IMG\left_2025_06_02_16_50_41_238.jpg,C:\myData\IMG\right_2025_06_02_16_50_41_238.jpg,0,0,0,9.563102
C:\myData\IMG\center_2025_06_02_16_50_41_441.jpg,C:\myData\IMG\left_2025_06_02_16_50_41_441.jpg,C:\myData\IMG\right_2025_06_02_16_50_41_441.jpg,0,0,0,9.353242
C:\myData\IMG\center_2025_06_02_16_50_41_636.jpg,C:\myData\IMG\left_2025_06_02_16_50_41_636.jpg,C:\myData\IMG\right_2025_06_02_16_50_41_636.jpg,0,0,0,9.184936
C:\myData\IMG\center_2025_06_02_16_50_41_831.jpg,C:\myData\IMG\left_2025_06_02_16_50_41_831.jpg,C:\myData\IMG\right_2025_06_02_16_50_41_831.jpg,0,0,0,9.001476
C:\myData\IMG\center_2025_06_02_16_50_42_025.jpg,C:\myData\IMG\left_2025_06_02_16_50_42_025.jpg,C:\myData\IMG\right_2025_06_02_16_50_42_025.jpg,0,0,0,8.821721
C:\myData\IMG\center_2025_06_02_16_50_42_216.jpg,C:\myData\IMG\left_2025_06_02_16_50_42_216.jpg,C:\myData\IMG\right_2025_06_02_16_50_42_216.jpg,0,0,0,8.662988
C:\myData\IMG\center_2025_06_02_16_50_42_412.jpg,C:\myData\IMG\left_2025_06_02_16_50_42_412.jpg,C:\myData\IMG\right_2025_06_02_16_50_42_412.jpg,0,0,0,8.489964
C:\myData\IMG\center_2025_06_02_16_50_42_573.jpg,C:\myData\IMG\left_2025_06_02_16_50_42_573.jpg,C:\myData\IMG\right_2025_06_02_16_50_42_573.jpg,-0.4,0,0,8.310071
C:\myData\IMG\center_2025_06_02_16_50_42_799.jpg,C:\myData\IMG\left_2025_06_02_16_50_42_799.jpg,C:\myData\IMG\right_2025_06_02_16_50_42_799.jpg,0,0,0,8.111351
C:\myData\IMG\center_2025_06_02_16_50_43_000.jpg,C:\myData\IMG\left_2025_06_02_16_50_43_000.jpg,C:\myData\IMG\right_2025_06_02_16_50_43_000.jpg,0,0,0,7.933306
C:\myData\IMG\center_2025_06_02_16_50_43_188.jpg,C:\myData\IMG\left_2025_06_02_16_50_43_188.jpg,C:\myData\IMG\right_2025_06_02_16_50_43_188.jpg,0,0,0,7.790563
C:\myData\IMG\center_2025_06_02_16_50_43_380.jpg,C:\myData\IMG\left_2025_06_02_16_50_43_380.jpg,C:\myData\IMG\right_2025_06_02_16_50_43_380.jpg,0,0,0,7.634967
C:\myData\IMG\center_2025_06_02_16_50_43_568.jpg,C:\myData\IMG\left_2025_06_02_16_50_43_568.jpg,C:\myData\IMG\right_2025_06_02_16_50_43_568.jpg,0,0.5620056,0,8.68194
C:\myData\IMG\center_2025_06_02_16_50_43_731.jpg,C:\myData\IMG\left_2025_06_02_16_50_43_731.jpg,C:\myData\IMG\right_2025_06_02_16_50_43_731.jpg,0,1,0,10.43683
C:\myData\IMG\center_2025_06_02_16_50_43_922.jpg,C:\myData\IMG\left_2025_06_02_16_50_43_922.jpg,C:\myData\IMG\right_2025_06_02_16_50_43_922.jpg,0,1,0,12.61117
C:\myData\IMG\center_2025_06_02_16_50_44_199.jpg,C:\myData\IMG\left_2025_06_02_16_50_44_199.jpg,C:\myData\IMG\right_2025_06_02_16_50_44_199.jpg,0,1,0,14.67092
C:\myData\IMG\center_2025_06_02_16_50_44_389.jpg,C:\myData\IMG\left_2025_06_02_16_50_44_389.jpg,C:\myData\IMG\right_2025_06_02_16_50_44_389.jpg,0,1,0,16.79605
C:\myData\IMG\center_2025_06_02_16_50_44_513.jpg,C:\myData\IMG\left_2025_06_02_16_50_44_513.jpg,C:\myData\IMG\right_2025_06_02_16_50_44_513.jpg,0,1,0,18.83765
C:\myData\IMG\center_2025_06_02_16_50_44_706.jpg,C:\myData\IMG\left_2025_06_02_16_50_44_706.jpg,C:\myData\IMG\right_2025_06_02_16_50_44_706.jpg,0,1,0,20.83716
C:\myData\IMG\center_2025_06_02_16_50_44_898.jpg,C:\myData\IMG\left_2025_06_02_16_50_44_898.jpg,C:\myData\IMG\right_2025_06_02_16_50_44_898.jpg,0,1,0,22.57392
C:\myData\IMG\center_2025_06_02_16_50_45_061.jpg,C:\myData\IMG\left_2025_06_02_16_50_45_061.jpg,C:\myData\IMG\right_2025_06_02_16_50_45_061.jpg,0,1,0,24.34892
C:\myData\IMG\center_2025_06_02_16_50_45_224.jpg,C:\myData\IMG\left_2025_06_02_16_50_45_224.jpg,C:\myData\IMG\right_2025_06_02_16_50_45_224.jpg,0,1,0,25.8843
C:\myData\IMG\center_2025_06_02_16_50_45_444.jpg,C:\myData\IMG\left_2025_06_02_16_50_45_444.jpg,C:\myData\IMG\right_2025_06_02_16_50_45_444.jpg,0,1,0,27.95694
C:\myData\IMG\center_2025_06_02_16_50_45_634.jpg,C:\myData\IMG\left_2025_06_02_16_50_45_634.jpg,C:\myData\IMG\right_2025_06_02_16_50_45_634.jpg,0,0.4300432,0,28.47986
C:\myData\IMG\center_2025_06_02_16_50_45_839.jpg,C:\myData\IMG\left_2025_06_02_16_50_45_839.jpg,C:\myData\IMG\right_2025_06_02_16_50_45_839.jpg,-0.5000001,0,0,27.79862
C:\myData\IMG\center_2025_06_02_16_50_46_020.jpg,C:\myData\IMG\left_2025_06_02_16_50_46_020.jpg,C:\myData\IMG\right_2025_06_02_16_50_46_020.jpg,0,0,0,27.21456
C:\myData\IMG\center_2025_06_02_16_50_46_213.jpg,C:\myData\IMG\left_2025_06_02_16_50_46_213.jpg,C:\myData\IMG\right_2025_06_02_16_50_46_213.jpg,0,0,0,26.72451
C:\myData\IMG\center_2025_06_02_16_50_46_348.jpg,C:\myData\IMG\left_2025_06_02_16_50_46_348.jpg,C:\myData\IMG\right_2025_06_02_16_50_46_348.jpg,0,0,0,26.35003
C:\myData\IMG\center_2025_06_02_16_50_46_532.jpg,C:\myData\IMG\left_2025_06_02_16_50_46_532.jpg,C:\myData\IMG\right_2025_06_02_16_50_46_532.jpg,0,0,0,25.87553
C:\myData\IMG\center_2025_06_02_16_50_46_721.jpg,C:\myData\IMG\left_2025_06_02_16_50_46_721.jpg,C:\myData\IMG\right_2025_06_02_16_50_46_721.jpg,0,0,0,25.35767
C:\myData\IMG\center_2025_06_02_16_50_46_929.jpg,C:\myData\IMG\left_2025_06_02_16_50_46_929.jpg,C:\myData\IMG\right_2025_06_02_16_50_46_929.jpg,0,0,0,24.85
C:\myData\IMG\center_2025_06_02_16_50_47_141.jpg,C:\myData\IMG\left_2025_06_02_16_50_47_141.jpg,C:\myData\IMG\right_2025_06_02_16_50_47_141.jpg,0,0,0,24.30326
C:\myData\IMG\center_2025_06_02_16_50_47_339.jpg,C:\myData\IMG\left_2025_06_02_16_50_47_339.jpg,C:\myData\IMG\right_2025_06_02_16_50_47_339.jpg,-0.45,0,0,23.73822
C:\myData\IMG\center_2025_06_02_16_50_47_531.jpg,C:\myData\IMG\left_2025_06_02_16_50_47_531.jpg,C:\myData\IMG\right_2025_06_02_16_50_47_531.jpg,0,0,0,23.24075
C:\myData\IMG\center_2025_06_02_16_50_47_730.jpg,C:\myData\IMG\left_2025_06_02_16_50_47_730.jpg,C:\myData\IMG\right_2025_06_02_16_50_47_730.jpg,0,0,0,22.77723
C:\myData\IMG\center_2025_06_02_16_50_47_891.jpg,C:\myData\IMG\left_2025_06_02_16_50_47_891.jpg,C:\myData\IMG\right_2025_06_02_16_50_47_891.jpg,0,0,0,22.41319
C:\myData\IMG\center_2025_06_02_16_50_48_060.jpg,C:\myData\IMG\left_2025_06_02_16_50_48_060.jpg,C:\myData\IMG\right_2025_06_02_16_50_48_060.jpg,0,0,0,22.01
C:\myData\IMG\center_2025_06_02_16_50_48_256.jpg,C:\myData\IMG\left_2025_06_02_16_50_48_256.jpg,C:\myData\IMG\right_2025_06_02_16_50_48_256.jpg,0,0,0,21.61349
C:\myData\IMG\center_2025_06_02_16_50_48_443.jpg,C:\myData\IMG\left_2025_06_02_16_50_48_443.jpg,C:\myData\IMG\right_2025_06_02_16_50_48_443.jpg,0,0,0,21.18094
C:\myData\IMG\center_2025_06_02_16_50_48_624.jpg,C:\myData\IMG\left_2025_06_02_16_50_48_624.jpg,C:\myData\IMG\right_2025_06_02_16_50_48_624.jpg,-0.45,0,0,20.68329
C:\myData\IMG\center_2025_06_02_16_50_48_803.jpg,C:\myData\IMG\left_2025_06_02_16_50_48_803.jpg,C:\myData\IMG\right_2025_06_02_16_50_48_803.jpg,0,0,0,20.28828
C:\myData\IMG\center_2025_06_02_16_50_48_940.jpg,C:\myData\IMG\left_2025_06_02_16_50_48_940.jpg,C:\myData\IMG\right_2025_06_02_16_50_48_940.jpg,0,0,0,20.04719
C:\myData\IMG\center_2025_06_02_16_50_49_132.jpg,C:\myData\IMG\left_2025_06_02_16_50_49_132.jpg,C:\myData\IMG\right_2025_06_02_16_50_49_132.jpg,0,0,0,19.70424
C:\myData\IMG\center_2025_06_02_16_50_49_305.jpg,C:\myData\IMG\left_2025_06_02_16_50_49_305.jpg,C:\myData\IMG\right_2025_06_02_16_50_49_305.jpg,0,0,0,19.17058
C:\myData\IMG\center_2025_06_02_16_50_49_467.jpg,C:\myData\IMG\left_2025_06_02_16_50_49_467.jpg,C:\myData\IMG\right_2025_06_02_16_50_49_467.jpg,0,0,0,18.7627
C:\myData\IMG\center_2025_06_02_16_50_49_647.jpg,C:\myData\IMG\left_2025_06_02_16_50_49_647.jpg,C:\myData\IMG\right_2025_06_02_16_50_49_647.jpg,0,0,0,18.83732
C:\myData\IMG\center_2025_06_02_16_50_49_829.jpg,C:\myData\IMG\left_2025_06_02_16_50_49_829.jpg,C:\myData\IMG\right_2025_06_02_16_50_49_829.jpg,0,0,0,18.00965
C:\myData\IMG\center_2025_06_02_16_50_50_006.jpg,C:\myData\IMG\left_2025_06_02_16_50_50_006.jpg,C:\myData\IMG\right_2025_06_02_16_50_50_006.jpg,0,0,0,18.18547
C:\myData\IMG\center_2025_06_02_16_50_50_186.jpg,C:\myData\IMG\left_2025_06_02_16_50_50_186.jpg,C:\myData\IMG\right_2025_06_02_16_50_50_186.jpg,-0.45,0,0,17.26914
C:\myData\IMG\center_2025_06_02_16_50_50_368.jpg,C:\myData\IMG\left_2025_06_02_16_50_50_368.jpg,C:\myData\IMG\right_2025_06_02_16_50_50_368.jpg,0,0,0,17.43193
C:\myData\IMG\center_2025_06_02_16_50_50_687.jpg,C:\myData\IMG\left_2025_06_02_16_50_50_687.jpg,C:\myData\IMG\right_2025_06_02_16_50_50_687.jpg,0,0,0,16.57975
C:\myData\IMG\center_2025_06_02_16_50_50_867.jpg,C:\myData\IMG\left_2025_06_02_16_50_50_867.jpg,C:\myData\IMG\right_2025_06_02_16_50_50_867.jpg,0,0,0,16.81828
C:\myData\IMG\center_2025_06_02_16_50_51_047.jpg,C:\myData\IMG\left_2025_06_02_16_50_51_047.jpg,C:\myData\IMG\right_2025_06_02_16_50_51_047.jpg,0,0,0,16.49129
C:\myData\IMG\center_2025_06_02_16_50_51_227.jpg,C:\myData\IMG\left_2025_06_02_16_50_51_227.jpg,C:\myData\IMG\right_2025_06_02_16_50_51_227.jpg,0,0,0,16.23973
C:\myData\IMG\center_2025_06_02_16_50_51_404.jpg,C:\myData\IMG\left_2025_06_02_16_50_51_404.jpg,C:\myData\IMG\right_2025_06_02_16_50_51_404.jpg,0,0,0,15.4354
C:\myData\IMG\center_2025_06_02_16_50_51_580.jpg,C:\myData\IMG\left_2025_06_02_16_50_51_580.jpg,C:\myData\IMG\right_2025_06_02_16_50_51_580.jpg,0,0,0,15.68406
C:\myData\IMG\center_2025_06_02_16_50_51_756.jpg,C:\myData\IMG\left_2025_06_02_16_50_51_756.jpg,C:\myData\IMG\right_2025_06_02_16_50_51_756.jpg,-0.45,0,0,14.80239
C:\myData\IMG\center_2025_06_02_16_50_51_930.jpg,C:\myData\IMG\left_2025_06_02_16_50_51_930.jpg,C:\myData\IMG\right_2025_06_02_16_50_51_930.jpg,0,0,0,14.53529
C:\myData\IMG\center_2025_06_02_16_50_52_104.jpg,C:\myData\IMG\left_2025_06_02_16_50_52_104.jpg,C:\myData\IMG\right_2025_06_02_16_50_52_104.jpg,0,0,0,14.78419
C:\myData\IMG\center_2025_06_02_16_50_52_282.jpg,C:\myData\IMG\left_2025_06_02_16_50_52_282.jpg,C:\myData\IMG\right_2025_06_02_16_50_52_282.jpg,0,0,0,14.01549
C:\myData\IMG\center_2025_06_02_16_50_52_453.jpg,C:\myData\IMG\left_2025_06_02_16_50_52_453.jpg,C:\myData\IMG\right_2025_06_02_16_50_52_453.jpg,0,0,0,14.27349
C:\myData\IMG\center_2025_06_02_16_50_52_609.jpg,C:\myData\IMG\left_2025_06_02_16_50_52_609.jpg,C:\myData\IMG\right_2025_06_02_16_50_52_609.jpg,0,0,0,14.00336
C:\myData\IMG\center_2025_06_02_16_50_52_789.jpg,C:\myData\IMG\left_2025_06_02_16_50_52_789.jpg,C:\myData\IMG\right_2025_06_02_16_50_52_789.jpg,0,0,0,13.25588
C:\myData\IMG\center_2025_06_02_16_50_52_972.jpg,C:\myData\IMG\left_2025_06_02_16_50_52_972.jpg,C:\myData\IMG\right_2025_06_02_16_50_52_972.jpg,0,0,0,13.48105
C:\myData\IMG\center_2025_06_02_16_50_53_146.jpg,C:\myData\IMG\left_2025_06_02_16_50_53_146.jpg,C:\myData\IMG\right_2025_06_02_16_50_53_146.jpg,0,0,0,13.26118
C:\myData\IMG\center_2025_06_02_16_50_53_320.jpg,C:\myData\IMG\left_2025_06_02_16_50_53_320.jpg,C:\myData\IMG\right_2025_06_02_16_50_53_320.jpg,-0.45,0,0,12.40175
C:\myData\IMG\center_2025_06_02_16_50_53_484.jpg,C:\myData\IMG\left_2025_06_02_16_50_53_484.jpg,C:\myData\IMG\right_2025_06_02_16_50_53_484.jpg,0,0,0,12.59665
C:\myData\IMG\center_2025_06_02_16_50_53_647.jpg,C:\myData\IMG\left_2025_06_02_16_50_53_647.jpg,C:\myData\IMG\right_2025_06_02_16_50_53_647.jpg,0,0,0,12.32971
C:\myData\IMG\center_2025_06_02_16_50_53_815.jpg,C:\myData\IMG\left_2025_06_02_16_50_53_815.jpg,C:\myData\IMG\right_2025_06_02_16_50_53_815.jpg,0,0,0,12.13546
C:\myData\IMG\center_2025_06_02_16_50_53_986.jpg,C:\myData\IMG\left_2025_06_02_16_50_53_986.jpg,C:\myData\IMG\right_2025_06_02_16_50_53_986.jpg,0,0,0,11.68579
C:\myData\IMG\center_2025_06_02_16_50_54_153.jpg,C:\myData\IMG\left_2025_06_02_16_50_54_153.jpg,C:\myData\IMG\right_2025_06_02_16_50_54_153.jpg,0,0,0,11.49716
C:\myData\IMG\center_2025_06_02_16_50_54_328.jpg,C:\myData\IMG\left_2025_06_02_16_50_54_328.jpg,C:\myData\IMG\right_2025_06_02_16_50_54_328.jpg,0,0,0,11.51752
C:\myData\IMG\center_2025_06_02_16_50_54_513.jpg,C:\myData\IMG\left_2025_06_02_16_50_54_513.jpg,C:\myData\IMG\right_2025_06_02_16_50_54_513.jpg,0,0,0,11.41434
C:\myData\IMG\center_2025_06_02_16_50_54_682.jpg,C:\myData\IMG\left_2025_06_02_16_50_54_682.jpg,C:\myData\IMG\right_2025_06_02_16_50_54_682.jpg,-0.45,0,0,10.99647
C:\myData\IMG\center_2025_06_02_16_50_54_740.jpg,C:\myData\IMG\left_2025_06_02_16_50_54_740.jpg,C:\myData\IMG\right_2025_06_02_16_50_54_740.jpg,-0.8500001,0,0,10.63323
C:\myData\IMG\center_2025_06_02_16_50_54_908.jpg,C:\myData\IMG\left_2025_06_02_16_50_54_908.jpg,C:\myData\IMG\right_2025_06_02_16_50_54_908.jpg,0,0,0,10.32006
C:\myData\IMG\center_2025_06_02_16_50_55_072.jpg,C:\myData\IMG\left_2025_06_02_16_50_55_072.jpg,C:\myData\IMG\right_2025_06_02_16_50_55_072.jpg,0,0,0,10.15381
C:\myData\IMG\center_2025_06_02_16_50_55_241.jpg,C:\myData\IMG\left_2025_06_02_16_50_55_241.jpg,C:\myData\IMG\right_2025_06_02_16_50_55_241.jpg,0,0,0,9.97107
C:\myData\IMG\center_2025_06_02_16_50_55_397.jpg,C:\myData\IMG\left_2025_06_02_16_50_55_397.jpg,C:\myData\IMG\right_2025_06_02_16_50_55_397.jpg,0,0,0,9.831228
C:\myData\IMG\center_2025_06_02_16_50_55_543.jpg,C:\myData\IMG\left_2025_06_02_16_50_55_543.jpg,C:\myData\IMG\right_2025_06_02_16_50_55_543.jpg,0,0,0,9.673812
C:\myData\IMG\center_2025_06_02_16_50_55_706.jpg,C:\myData\IMG\left_2025_06_02_16_50_55_706.jpg,C:\myData\IMG\right_2025_06_02_16_50_55_706.jpg,0,0,0,9.518915
C:\myData\IMG\center_2025_06_02_16_50_55_870.jpg,C:\myData\IMG\left_2025_06_02_16_50_55_870.jpg,C:\myData\IMG\right_2025_06_02_16_50_55_870.jpg,0,0,0,9.366503
C:\myData\IMG\center_2025_06_02_16_50_56_032.jpg,C:\myData\IMG\left_2025_06_02_16_50_56_032.jpg,C:\myData\IMG\right_2025_06_02_16_50_56_032.jpg,0,0,0,9.216532
C:\myData\IMG\center_2025_06_02_16_50_56_193.jpg,C:\myData\IMG\left_2025_06_02_16_50_56_193.jpg,C:\myData\IMG\right_2025_06_02_16_50_56_193.jpg,0,0,0,9.068959
C:\myData\IMG\center_2025_06_02_16_50_56_356.jpg,C:\myData\IMG\left_2025_06_02_16_50_56_356.jpg,C:\myData\IMG\right_2025_06_02_16_50_56_356.jpg,0,0,0,8.92375
C:\myData\IMG\center_2025_06_02_16_50_56_517.jpg,C:\myData\IMG\left_2025_06_02_16_50_56_517.jpg,C:\myData\IMG\right_2025_06_02_16_50_56_517.jpg,-0.4,0,0,8.734902
C:\myData\IMG\center_2025_06_02_16_50_56_690.jpg,C:\myData\IMG\left_2025_06_02_16_50_56_690.jpg,C:\myData\IMG\right_2025_06_02_16_50_56_690.jpg,0,0,0,8.561154
C:\myData\IMG\center_2025_06_02_16_50_56_852.jpg,C:\myData\IMG\left_2025_06_02_16_50_56_852.jpg,C:\myData\IMG\right_2025_06_02_16_50_56_852.jpg,0,0,0,8.424101
C:\myData\IMG\center_2025_06_02_16_50_57_016.jpg,C:\myData\IMG\left_2025_06_02_16_50_57_016.jpg,C:\myData\IMG\right_2025_06_02_16_50_57_016.jpg,0,0,0,8.289264
C:\myData\IMG\center_2025_06_02_16_50_57_176.jpg,C:\myData\IMG\left_2025_06_02_16_50_57_176.jpg,C:\myData\IMG\right_2025_06_02_16_50_57_176.jpg,0,0,0,8.156548
C:\myData\IMG\center_2025_06_02_16_50_57_343.jpg,C:\myData\IMG\left_2025_06_02_16_50_57_343.jpg,C:\myData\IMG\right_2025_06_02_16_50_57_343.jpg,0,0,0,8.009778
C:\myData\IMG\center_2025_06_02_16_50_57_502.jpg,C:\myData\IMG\left_2025_06_02_16_50_57_502.jpg,C:\myData\IMG\right_2025_06_02_16_50_57_502.jpg,0,0,0,7.881533
C:\myData\IMG\center_2025_06_02_16_50_57_667.jpg,C:\myData\IMG\left_2025_06_02_16_50_57_667.jpg,C:\myData\IMG\right_2025_06_02_16_50_57_667.jpg,-0.4,0,0,7.714385
C:\myData\IMG\center_2025_06_02_16_50_57_828.jpg,C:\myData\IMG\left_2025_06_02_16_50_57_828.jpg,C:\myData\IMG\right_2025_06_02_16_50_57_828.jpg,-0.8000001,0,0,7.473557
C:\myData\IMG\center_2025_06_02_16_50_57_994.jpg,C:\myData\IMG\left_2025_06_02_16_50_57_994.jpg,C:\myData\IMG\right_2025_06_02_16_50_57_994.jpg,-1,0,0,7.215564
C:\myData\IMG\center_2025_06_02_16_50_58_148.jpg,C:\myData\IMG\left_2025_06_02_16_50_58_148.jpg,C:\myData\IMG\right_2025_06_02_16_50_58_148.jpg,-1,0,0,7.054182
C:\myData\IMG\center_2025_06_02_16_50_58_317.jpg,C:\myData\IMG\left_2025_06_02_16_50_58_317.jpg,C:\myData\IMG\right_2025_06_02_16_50_58_317.jpg,0,0,0,6.752812
C:\myData\IMG\center_2025_06_02_16_50_58_471.jpg,C:\myData\IMG\left_2025_06_02_16_50_58_471.jpg,C:\myData\IMG\right_2025_06_02_16_50_58_471.jpg,0,0,0,6.64377
C:\myData\IMG\center_2025_06_02_16_50_58_621.jpg,C:\myData\IMG\left_2025_06_02_16_50_58_621.jpg,C:\myData\IMG\right_2025_06_02_16_50_58_621.jpg,0,0,0,6.537399
C:\myData\IMG\center_2025_06_02_16_50_58_780.jpg,C:\myData\IMG\left_2025_06_02_16_50_58_780.jpg,C:\myData\IMG\right_2025_06_02_16_50_58_780.jpg,0,0,0,6.432733
C:\myData\IMG\center_2025_06_02_16_50_58_931.jpg,C:\myData\IMG\left_2025_06_02_16_50_58_931.jpg,C:\myData\IMG\right_2025_06_02_16_50_58_931.jpg,0,0,0,6.342525
C:\myData\IMG\center_2025_06_02_16_50_59_084.jpg,C:\myData\IMG\left_2025_06_02_16_50_59_084.jpg,C:\myData\IMG\right_2025_06_02_16_50_59_084.jpg,0,0,0,6.240979
C:\myData\IMG\center_2025_06_02_16_50_59_234.jpg,C:\myData\IMG\left_2025_06_02_16_50_59_234.jpg,C:\myData\IMG\right_2025_06_02_16_50_59_234.jpg,0,0,0,6.152674
C:\myData\IMG\center_2025_06_02_16_50_59_392.jpg,C:\myData\IMG\left_2025_06_02_16_50_59_392.jpg,C:\myData\IMG\right_2025_06_02_16_50_59_392.jpg,0,0,0,6.051875
C:\myData\IMG\center_2025_06_02_16_50_59_541.jpg,C:\myData\IMG\left_2025_06_02_16_50_59_541.jpg,C:\myData\IMG\right_2025_06_02_16_50_59_541.jpg,0,0.4460823,0,6.791061
C:\myData\IMG\center_2025_06_02_16_50_59_696.jpg,C:\myData\IMG\left_2025_06_02_16_50_59_696.jpg,C:\myData\IMG\right_2025_06_02_16_50_59_696.jpg,0,0.9140601,0,8.207979
C:\myData\IMG\center_2025_06_02_16_50_59_848.jpg,C:\myData\IMG\left_2025_06_02_16_50_59_848.jpg,C:\myData\IMG\right_2025_06_02_16_50_59_848.jpg,0,0.4577082,0,8.990052
C:\myData\IMG\center_2025_06_02_16_50_59_996.jpg,C:\myData\IMG\left_2025_06_02_16_50_59_996.jpg,C:\myData\IMG\right_2025_06_02_16_50_59_996.jpg,0,0.8991003,0,10.34672
C:\myData\IMG\center_2025_06_02_16_51_00_152.jpg,C:\myData\IMG\left_2025_06_02_16_51_00_152.jpg,C:\myData\IMG\right_2025_06_02_16_51_00_152.jpg,0,0.4289598,0,11.04514
C:\myData\IMG\center_2025_06_02_16_51_00_302.jpg,C:\myData\IMG\left_2025_06_02_16_51_00_302.jpg,C:\myData\IMG\right_2025_06_02_16_51_00_302.jpg,0,0,0,10.9004
C:\myData\IMG\center_2025_06_02_16_51_00_455.jpg,C:\myData\IMG\left_2025_06_02_16_51_00_455.jpg,C:\myData\IMG\right_2025_06_02_16_51_00_455.jpg,0,0.4631625,0,11.67478
C:\myData\IMG\center_2025_06_02_16_51_00_604.jpg,C:\myData\IMG\left_2025_06_02_16_51_00_604.jpg,C:\myData\IMG\right_2025_06_02_16_51_00_604.jpg,0,0.9042666,0,12.98612
C:\myData\IMG\center_2025_06_02_16_51_00_861.jpg,C:\myData\IMG\left_2025_06_02_16_51_00_861.jpg,C:\myData\IMG\right_2025_06_02_16_51_00_861.jpg,0,0.4461369,0,13.56674
C:\myData\IMG\center_2025_06_02_16_51_01_010.jpg,C:\myData\IMG\left_2025_06_02_16_51_01_010.jpg,C:\myData\IMG\right_2025_06_02_16_51_01_010.jpg,0,0.9039861,0,14.90646
C:\myData\IMG\center_2025_06_02_16_51_01_155.jpg,C:\myData\IMG\left_2025_06_02_16_51_01_155.jpg,C:\myData\IMG\right_2025_06_02_16_51_01_155.jpg,0,0.4540485,0,15.87368
C:\myData\IMG\center_2025_06_02_16_51_01_306.jpg,C:\myData\IMG\left_2025_06_02_16_51_01_306.jpg,C:\myData\IMG\right_2025_06_02_16_51_01_306.jpg,0,0.05168968,0,15.25972
C:\myData\IMG\center_2025_06_02_16_51_01_456.jpg,C:\myData\IMG\left_2025_06_02_16_51_01_456.jpg,C:\myData\IMG\right_2025_06_02_16_51_01_456.jpg,0,0,0,15.02379
C:\myData\IMG\center_2025_06_02_16_51_01_609.jpg,C:\myData\IMG\left_2025_06_02_16_51_01_609.jpg,C:\myData\IMG\right_2025_06_02_16_51_01_609.jpg,0,0,0,14.84737
C:\myData\IMG\center_2025_06_02_16_51_01_761.jpg,C:\myData\IMG\left_2025_06_02_16_51_01_761.jpg,C:\myData\IMG\right_2025_06_02_16_51_01_761.jpg,0,0,0,15.15276
C:\myData\IMG\center_2025_06_02_16_51_01_910.jpg,C:\myData\IMG\left_2025_06_02_16_51_01_910.jpg,C:\myData\IMG\right_2025_06_02_16_51_01_910.jpg,0,0,0,14.91308
C:\myData\IMG\center_2025_06_02_16_51_02_085.jpg,C:\myData\IMG\left_2025_06_02_16_51_02_085.jpg,C:\myData\IMG\right_2025_06_02_16_51_02_085.jpg,0,0,0,14.67877
C:\myData\IMG\center_2025_06_02_16_51_02_233.jpg,C:\myData\IMG\left_2025_06_02_16_51_02_233.jpg,C:\myData\IMG\right_2025_06_02_16_51_02_233.jpg,0,0,0,14.44218
C:\myData\IMG\center_2025_06_02_16_51_02_391.jpg,C:\myData\IMG\left_2025_06_02_16_51_02_391.jpg,C:\myData\IMG\right_2025_06_02_16_51_02_391.jpg,0,0,0,13.76121
C:\myData\IMG\center_2025_06_02_16_51_02_541.jpg,C:\myData\IMG\left_2025_06_02_16_51_02_541.jpg,C:\myData\IMG\right_2025_06_02_16_51_02_541.jpg,0,0,0,13.45916
C:\myData\IMG\center_2025_06_02_16_51_02_688.jpg,C:\myData\IMG\left_2025_06_02_16_51_02_688.jpg,C:\myData\IMG\right_2025_06_02_16_51_02_688.jpg,0,0,0,13.18791
C:\myData\IMG\center_2025_06_02_16_51_02_823.jpg,C:\myData\IMG\left_2025_06_02_16_51_02_823.jpg,C:\myData\IMG\right_2025_06_02_16_51_02_823.jpg,0,0,0,13.58687
C:\myData\IMG\center_2025_06_02_16_51_02_962.jpg,C:\myData\IMG\left_2025_06_02_16_51_02_962.jpg,C:\myData\IMG\right_2025_06_02_16_51_02_962.jpg,-0.35,0,0,12.7667
C:\myData\IMG\center_2025_06_02_16_51_03_113.jpg,C:\myData\IMG\left_2025_06_02_16_51_03_113.jpg,C:\myData\IMG\right_2025_06_02_16_51_03_113.jpg,0,0,0,13.11927
C:\myData\IMG\center_2025_06_02_16_51_03_261.jpg,C:\myData\IMG\left_2025_06_02_16_51_03_261.jpg,C:\myData\IMG\right_2025_06_02_16_51_03_261.jpg,0,0,0,12.89627
C:\myData\IMG\center_2025_06_02_16_51_03_407.jpg,C:\myData\IMG\left_2025_06_02_16_51_03_407.jpg,C:\myData\IMG\right_2025_06_02_16_51_03_407.jpg,0,0,0,12.15953
C:\myData\IMG\center_2025_06_02_16_51_03_559.jpg,C:\myData\IMG\left_2025_06_02_16_51_03_559.jpg,C:\myData\IMG\right_2025_06_02_16_51_03_559.jpg,0,0,0,11.95607
C:\myData\IMG\center_2025_06_02_16_51_03_706.jpg,C:\myData\IMG\left_2025_06_02_16_51_03_706.jpg,C:\myData\IMG\right_2025_06_02_16_51_03_706.jpg,0,0,0,12.33109
C:\myData\IMG\center_2025_06_02_16_51_03_852.jpg,C:\myData\IMG\left_2025_06_02_16_51_03_852.jpg,C:\myData\IMG\right_2025_06_02_16_51_03_852.jpg,0,0,0,11.60922
C:\myData\IMG\center_2025_06_02_16_51_04_000.jpg,C:\myData\IMG\left_2025_06_02_16_51_04_000.jpg,C:\myData\IMG\right_2025_06_02_16_51_04_000.jpg,0,0,0,11.97755
C:\myData\IMG\center_2025_06_02_16_51_04_146.jpg,C:\myData\IMG\left_2025_06_02_16_51_04_146.jpg,C:\myData\IMG\right_2025_06_02_16_51_04_146.jpg,0,0,0,11.78308
C:\myData\IMG\center_2025_06_02_16_51_04_292.jpg,C:\myData\IMG\left_2025_06_02_16_51_04_292.jpg,C:\myData\IMG\right_2025_06_02_16_51_04_292.jpg,-0.35,0,0,11.69778
C:\myData\IMG\center_2025_06_02_16_51_04_441.jpg,C:\myData\IMG\left_2025_06_02_16_51_04_441.jpg,C:\myData\IMG\right_2025_06_02_16_51_04_441.jpg,0,0,0,11.18196
C:\myData\IMG\center_2025_06_02_16_51_04_473.jpg,C:\myData\IMG\left_2025_06_02_16_51_04_473.jpg,C:\myData\IMG\right_2025_06_02_16_51_04_473.jpg,0,0,0,11.09634
C:\myData\IMG\center_2025_06_02_16_51_04_622.jpg,C:\myData\IMG\left_2025_06_02_16_51_04_622.jpg,C:\myData\IMG\right_2025_06_02_16_51_04_622.jpg,0,0,0,10.92273
C:\myData\IMG\center_2025_06_02_16_51_04_767.jpg,C:\myData\IMG\left_2025_06_02_16_51_04_767.jpg,C:\myData\IMG\right_2025_06_02_16_51_04_767.jpg,0,0,0,10.77322
C:\myData\IMG\center_2025_06_02_16_51_04_913.jpg,C:\myData\IMG\left_2025_06_02_16_51_04_913.jpg,C:\myData\IMG\right_2025_06_02_16_51_04_913.jpg,0,0,0,10.62581
C:\myData\IMG\center_2025_06_02_16_51_05_066.jpg,C:\myData\IMG\left_2025_06_02_16_51_05_066.jpg,C:\myData\IMG\right_2025_06_02_16_51_05_066.jpg,0,0,0,10.45988
C:\myData\IMG\center_2025_06_02_16_51_05_216.jpg,C:\myData\IMG\left_2025_06_02_16_51_05_216.jpg,C:\myData\IMG\right_2025_06_02_16_51_05_216.jpg,0,0,0,10.31687
C:\myData\IMG\center_2025_06_02_16_51_05_364.jpg,C:\myData\IMG\left_2025_06_02_16_51_05_364.jpg,C:\myData\IMG\right_2025_06_02_16_51_05_364.jpg,-0.4,0,0,10.10079
C:\myData\IMG\center_2025_06_02_16_51_05_518.jpg,C:\myData\IMG\left_2025_06_02_16_51_05_518.jpg,C:\myData\IMG\right_2025_06_02_16_51_05_518.jpg,-0.7500002,0,0,9.823563
C:\myData\IMG\center_2025_06_02_16_51_05_665.jpg,C:\myData\IMG\left_2025_06_02_16_51_05_665.jpg,C:\myData\IMG\right_2025_06_02_16_51_05_665.jpg,-1,0,0,9.460525
C:\myData\IMG\center_2025_06_02_16_51_05_807.jpg,C:\myData\IMG\left_2025_06_02_16_51_05_807.jpg,C:\myData\IMG\right_2025_06_02_16_51_05_807.jpg,0,0,0,9.126667
C:\myData\IMG\center_2025_06_02_16_51_05_955.jpg,C:\myData\IMG\left_2025_06_02_16_51_05_955.jpg,C:\myData\IMG\right_2025_06_02_16_51_05_955.jpg,0,0,0,8.993035
C:\myData\IMG\center_2025_06_02_16_51_06_117.jpg,C:\myData\IMG\left_2025_06_02_16_51_06_117.jpg,C:\myData\IMG\right_2025_06_02_16_51_06_117.jpg,0,0,0,8.848962
C:\myData\IMG\center_2025_06_02_16_51_06_265.jpg,C:\myData\IMG\left_2025_06_02_16_51_06_265.jpg,C:\myData\IMG\right_2025_06_02_16_51_06_265.jpg,0,0,0,8.708736
C:\myData\IMG\center_2025_06_02_16_51_06_415.jpg,C:\myData\IMG\left_2025_06_02_16_51_06_415.jpg,C:\myData\IMG\right_2025_06_02_16_51_06_415.jpg,0,0,0,8.587847
C:\myData\IMG\center_2025_06_02_16_51_06_559.jpg,C:\myData\IMG\left_2025_06_02_16_51_06_559.jpg,C:\myData\IMG\right_2025_06_02_16_51_06_559.jpg,0,0,0,8.451738
C:\myData\IMG\center_2025_06_02_16_51_06_693.jpg,C:\myData\IMG\left_2025_06_02_16_51_06_693.jpg,C:\myData\IMG\right_2025_06_02_16_51_06_693.jpg,0,0,0,8.351066
C:\myData\IMG\center_2025_06_02_16_51_06_837.jpg,C:\myData\IMG\left_2025_06_02_16_51_06_837.jpg,C:\myData\IMG\right_2025_06_02_16_51_06_837.jpg,0,0,0,8.235309
C:\myData\IMG\center_2025_06_02_16_51_06_971.jpg,C:\myData\IMG\left_2025_06_02_16_51_06_971.jpg,C:\myData\IMG\right_2025_06_02_16_51_06_971.jpg,0,0,0,8.122515
C:\myData\IMG\center_2025_06_02_16_51_07_112.jpg,C:\myData\IMG\left_2025_06_02_16_51_07_112.jpg,C:\myData\IMG\right_2025_06_02_16_51_07_112.jpg,-0.35,0,0,7.976901
C:\myData\IMG\center_2025_06_02_16_51_07_248.jpg,C:\myData\IMG\left_2025_06_02_16_51_07_248.jpg,C:\myData\IMG\right_2025_06_02_16_51_07_248.jpg,-0.7,0,0,7.769883
C:\myData\IMG\center_2025_06_02_16_51_07_380.jpg,C:\myData\IMG\left_2025_06_02_16_51_07_380.jpg,C:\myData\IMG\right_2025_06_02_16_51_07_380.jpg,-1,0,0,7.509923
C:\myData\IMG\center_2025_06_02_16_51_07_519.jpg,C:\myData\IMG\left_2025_06_02_16_51_07_519.jpg,C:\myData\IMG\right_2025_06_02_16_51_07_519.jpg,-1,0,0,7.337162
C:\myData\IMG\center_2025_06_02_16_51_07_669.jpg,C:\myData\IMG\left_2025_06_02_16_51_07_669.jpg,C:\myData\IMG\right_2025_06_02_16_51_07_669.jpg,0,0,0,7.0437
C:\myData\IMG\center_2025_06_02_16_51_07_808.jpg,C:\myData\IMG\left_2025_06_02_16_51_07_808.jpg,C:\myData\IMG\right_2025_06_02_16_51_07_808.jpg,0,0,0,6.941136
C:\myData\IMG\center_2025_06_02_16_51_07_944.jpg,C:\myData\IMG\left_2025_06_02_16_51_07_944.jpg,C:\myData\IMG\right_2025_06_02_16_51_07_944.jpg,0,0,0,6.841948
C:\myData\IMG\center_2025_06_02_16_51_08_077.jpg,C:\myData\IMG\left_2025_06_02_16_51_08_077.jpg,C:\myData\IMG\right_2025_06_02_16_51_08_077.jpg,0,0,0,6.758029
C:\myData\IMG\center_2025_06_02_16_51_08_205.jpg,C:\myData\IMG\left_2025_06_02_16_51_08_205.jpg,C:\myData\IMG\right_2025_06_02_16_51_08_205.jpg,0,0,0,6.661398
C:\myData\IMG\center_2025_06_02_16_51_08_340.jpg,C:\myData\IMG\left_2025_06_02_16_51_08_340.jpg,C:\myData\IMG\right_2025_06_02_16_51_08_340.jpg,0,0,0,6.566121
C:\myData\IMG\center_2025_06_02_16_51_08_473.jpg,C:\myData\IMG\left_2025_06_02_16_51_08_473.jpg,C:\myData\IMG\right_2025_06_02_16_51_08_473.jpg,0,0,0,6.485517
C:\myData\IMG\center_2025_06_02_16_51_08_605.jpg,C:\myData\IMG\left_2025_06_02_16_51_08_605.jpg,C:\myData\IMG\right_2025_06_02_16_51_08_605.jpg,0,0,0,6.392706
C:\myData\IMG\center_2025_06_02_16_51_08_738.jpg,C:\myData\IMG\left_2025_06_02_16_51_08_738.jpg,C:\myData\IMG\right_2025_06_02_16_51_08_738.jpg,0,0,0,6.314189
C:\myData\IMG\center_2025_06_02_16_51_08_873.jpg,C:\myData\IMG\left_2025_06_02_16_51_08_873.jpg,C:\myData\IMG\right_2025_06_02_16_51_08_873.jpg,0,0,0,6.22378
C:\myData\IMG\center_2025_06_02_16_51_09_009.jpg,C:\myData\IMG\left_2025_06_02_16_51_09_009.jpg,C:\myData\IMG\right_2025_06_02_16_51_09_009.jpg,0,0,0,6.136409
C:\myData\IMG\center_2025_06_02_16_51_09_141.jpg,C:\myData\IMG\left_2025_06_02_16_51_09_141.jpg,C:\myData\IMG\right_2025_06_02_16_51_09_141.jpg,0,0,0,6.050528
C:\myData\IMG\center_2025_06_02_16_51_09_271.jpg,C:\myData\IMG\left_2025_06_02_16_51_09_271.jpg,C:\myData\IMG\right_2025_06_02_16_51_09_271.jpg,-0.3,0,0,5.95825
C:\myData\IMG\center_2025_06_02_16_51_09_403.jpg,C:\myData\IMG\left_2025_06_02_16_51_09_403.jpg,C:\myData\IMG\right_2025_06_02_16_51_09_403.jpg,-0.6500001,0,0,5.808442
C:\myData\IMG\center_2025_06_02_16_51_09_538.jpg,C:\myData\IMG\left_2025_06_02_16_51_09_538.jpg,C:\myData\IMG\right_2025_06_02_16_51_09_538.jpg,-0.9500002,0,0,5.644716
C:\myData\IMG\center_2025_06_02_16_51_09_676.jpg,C:\myData\IMG\left_2025_06_02_16_51_09_676.jpg,C:\myData\IMG\right_2025_06_02_16_51_09_676.jpg,0,0,0,5.454432
C:\myData\IMG\center_2025_06_02_16_51_09_812.jpg,C:\myData\IMG\left_2025_06_02_16_51_09_812.jpg,C:\myData\IMG\right_2025_06_02_16_51_09_812.jpg,0,0,0,5.376037
C:\myData\IMG\center_2025_06_02_16_51_09_944.jpg,C:\myData\IMG\left_2025_06_02_16_51_09_944.jpg,C:\myData\IMG\right_2025_06_02_16_51_09_944.jpg,0,0,0,5.298974
C:\myData\IMG\center_2025_06_02_16_51_10_080.jpg,C:\myData\IMG\left_2025_06_02_16_51_10_080.jpg,C:\myData\IMG\right_2025_06_02_16_51_10_080.jpg,0,0,0,5.223648
C:\myData\IMG\center_2025_06_02_16_51_10_226.jpg,C:\myData\IMG\left_2025_06_02_16_51_10_226.jpg,C:\myData\IMG\right_2025_06_02_16_51_10_226.jpg,0,0,0,5.150319
C:\myData\IMG\center_2025_06_02_16_51_10_353.jpg,C:\myData\IMG\left_2025_06_02_16_51_10_353.jpg,C:\myData\IMG\right_2025_06_02_16_51_10_353.jpg,0,0.3883719,0,5.634976
C:\myData\IMG\center_2025_06_02_16_51_10_488.jpg,C:\myData\IMG\left_2025_06_02_16_51_10_488.jpg,C:\myData\IMG\right_2025_06_02_16_51_10_488.jpg,0,0.7886358,0,6.867673
C:\myData\IMG\center_2025_06_02_16_51_10_630.jpg,C:\myData\IMG\left_2025_06_02_16_51_10_630.jpg,C:\myData\IMG\right_2025_06_02_16_51_10_630.jpg,0,1,0,8.444223
C:\myData\IMG\center_2025_06_02_16_51_10_759.jpg,C:\myData\IMG\left_2025_06_02_16_51_10_759.jpg,C:\myData\IMG\right_2025_06_02_16_51_10_759.jpg,0,1,0,10.01274
C:\myData\IMG\center_2025_06_02_16_51_10_898.jpg,C:\myData\IMG\left_2025_06_02_16_51_10_898.jpg,C:\myData\IMG\right_2025_06_02_16_51_10_898.jpg,0,1,0,11.33999
C:\myData\IMG\center_2025_06_02_16_51_11_030.jpg,C:\myData\IMG\left_2025_06_02_16_51_11_030.jpg,C:\myData\IMG\right_2025_06_02_16_51_11_030.jpg,0,1,0,12.83566
C:\myData\IMG\center_2025_06_02_16_51_11_259.jpg,C:\myData\IMG\left_2025_06_02_16_51_11_259.jpg,C:\myData\IMG\right_2025_06_02_16_51_11_259.jpg,0,1,0,14.2398
C:\myData\IMG\center_2025_06_02_16_51_11_395.jpg,C:\myData\IMG\left_2025_06_02_16_51_11_395.jpg,C:\myData\IMG\right_2025_06_02_16_51_11_395.jpg,0,1,0,15.97843
C:\myData\IMG\center_2025_06_02_16_51_11_438.jpg,C:\myData\IMG\left_2025_06_02_16_51_11_438.jpg,C:\myData\IMG\right_2025_06_02_16_51_11_438.jpg,0,1,0,17.22301
C:\myData\IMG\center_2025_06_02_16_51_11_581.jpg,C:\myData\IMG\left_2025_06_02_16_51_11_581.jpg,C:\myData\IMG\right_2025_06_02_16_51_11_581.jpg,0,0.5756632,0,18.13943
C:\myData\IMG\center_2025_06_02_16_51_11_711.jpg,C:\myData\IMG\left_2025_06_02_16_51_11_711.jpg,C:\myData\IMG\right_2025_06_02_16_51_11_711.jpg,0,0.1823398,0,18.25499
C:\myData\IMG\center_2025_06_02_16_51_11_853.jpg,C:\myData\IMG\left_2025_06_02_16_51_11_853.jpg,C:\myData\IMG\right_2025_06_02_16_51_11_853.jpg,0,0,0,17.6092
C:\myData\IMG\center_2025_06_02_16_51_11_987.jpg,C:\myData\IMG\left_2025_06_02_16_51_11_987.jpg,C:\myData\IMG\right_2025_06_02_16_51_11_987.jpg,0,0,0,17.85125
C:\myData\IMG\center_2025_06_02_16_51_12_126.jpg,C:\myData\IMG\left_2025_06_02_16_51_12_126.jpg,C:\myData\IMG\right_2025_06_02_16_51_12_126.jpg,-0.35,0,0,17.04392
C:\myData\IMG\center_2025_06_02_16_51_12_348.jpg,C:\myData\IMG\left_2025_06_02_16_51_12_348.jpg,C:\myData\IMG\right_2025_06_02_16_51_12_348.jpg,0,0,0,16.80871
C:\myData\IMG\center_2025_06_02_16_51_12_487.jpg,C:\myData\IMG\left_2025_06_02_16_51_12_487.jpg,C:\myData\IMG\right_2025_06_02_16_51_12_487.jpg,0,0,0,17.09937
C:\myData\IMG\center_2025_06_02_16_51_12_620.jpg,C:\myData\IMG\left_2025_06_02_16_51_12_620.jpg,C:\myData\IMG\right_2025_06_02_16_51_12_620.jpg,0,0,0,16.31925
C:\myData\IMG\center_2025_06_02_16_51_12_756.jpg,C:\myData\IMG\left_2025_06_02_16_51_12_756.jpg,C:\myData\IMG\right_2025_06_02_16_51_12_756.jpg,0,0,0,16.6349
C:\myData\IMG\center_2025_06_02_16_51_12_889.jpg,C:\myData\IMG\left_2025_06_02_16_51_12_889.jpg,C:\myData\IMG\right_2025_06_02_16_51_12_889.jpg,0,0,0,16.44034
C:\myData\IMG\center_2025_06_02_16_51_13_021.jpg,C:\myData\IMG\left_2025_06_02_16_51_13_021.jpg,C:\myData\IMG\right_2025_06_02_16_51_13_021.jpg,0,0,0,15.68014
C:\myData\IMG\center_2025_06_02_16_51_13_148.jpg,C:\myData\IMG\left_2025_06_02_16_51_13_148.jpg,C:\myData\IMG\right_2025_06_02_16_51_13_148.jpg,-0.3,0,0,15.46339
C:\myData\IMG\center_2025_06_02_16_51_13_279.jpg,C:\myData\IMG\left_2025_06_02_16_51_13_279.jpg,C:\myData\IMG\right_2025_06_02_16_51_13_279.jpg,-0.6500001,0,0,15.57015
C:\myData\IMG\center_2025_06_02_16_51_13_408.jpg,C:\myData\IMG\left_2025_06_02_16_51_13_408.jpg,C:\myData\IMG\right_2025_06_02_16_51_13_408.jpg,-0.9500002,0,0,15.12895
C:\myData\IMG\center_2025_06_02_16_51_13_545.jpg,C:\myData\IMG\left_2025_06_02_16_51_13_545.jpg,C:\myData\IMG\right_2025_06_02_16_51_13_545.jpg,-1,0,0,14.23838
C:\myData\IMG\center_2025_06_02_16_51_13_690.jpg,C:\myData\IMG\left_2025_06_02_16_51_13_690.jpg,C:\myData\IMG\right_2025_06_02_16_51_13_690.jpg,0,0,0,14.31883
C:\myData\IMG\center_2025_06_02_16_51_13_840.jpg,C:\myData\IMG\left_2025_06_02_16_51_13_840.jpg,C:\myData\IMG\right_2025_06_02_16_51_13_840.jpg,0,0,0,13.53262
C:\myData\IMG\center_2025_06_02_16_51_13_991.jpg,C:\myData\IMG\left_2025_06_02_16_51_13_991.jpg,C:\myData\IMG\right_2025_06_02_16_51_13_991.jpg,0,0,0,13.34896
C:\myData\IMG\center_2025_06_02_16_51_14_133.jpg,C:\myData\IMG\left_2025_06_02_16_51_14_133.jpg,C:\myData\IMG\right_2025_06_02_16_51_14_133.jpg,0,0,0,13.69139
C:\myData\IMG\center_2025_06_02_16_51_14_314.jpg,C:\myData\IMG\left_2025_06_02_16_51_14_314.jpg,C:\myData\IMG\right_2025_06_02_16_51_14_314.jpg,0,0,0,13.4275
C:\myData\IMG\center_2025_06_02_16_51_14_451.jpg,C:\myData\IMG\left_2025_06_02_16_51_14_451.jpg,C:\myData\IMG\right_2025_06_02_16_51_14_451.jpg,0,0,0,13.21015
C:\myData\IMG\center_2025_06_02_16_51_14_594.jpg,C:\myData\IMG\left_2025_06_02_16_51_14_594.jpg,C:\myData\IMG\right_2025_06_02_16_51_14_594.jpg,0,0,0,12.46483
C:\myData\IMG\center_2025_06_02_16_51_14_740.jpg,C:\myData\IMG\left_2025_06_02_16_51_14_740.jpg,C:\myData\IMG\right_2025_06_02_16_51_14_740.jpg,0,0,0,12.83758
C:\myData\IMG\center_2025_06_02_16_51_14_880.jpg,C:\myData\IMG\left_2025_06_02_16_51_14_880.jpg,C:\myData\IMG\right_2025_06_02_16_51_14_880.jpg,0,0,0,12.10091
C:\myData\IMG\center_2025_06_02_16_51_15_027.jpg,C:\myData\IMG\left_2025_06_02_16_51_15_027.jpg,C:\myData\IMG\right_2025_06_02_16_51_15_027.jpg,0,0,0,12.47434
C:\myData\IMG\center_2025_06_02_16_51_15_174.jpg,C:\myData\IMG\left_2025_06_02_16_51_15_174.jpg,C:\myData\IMG\right_2025_06_02_16_51_15_174.jpg,0,0,0,12.2713
C:\myData\IMG\center_2025_06_02_16_51_15_317.jpg,C:\myData\IMG\left_2025_06_02_16_51_15_317.jpg,C:\myData\IMG\right_2025_06_02_16_51_15_317.jpg,0,0,0,11.55031
C:\myData\IMG\center_2025_06_02_16_51_15_471.jpg,C:\myData\IMG\left_2025_06_02_16_51_15_471.jpg,C:\myData\IMG\right_2025_06_02_16_51_15_471.jpg,0,0,0,11.91591
C:\myData\IMG\center_2025_06_02_16_51_15_617.jpg,C:\myData\IMG\left_2025_06_02_16_51_15_617.jpg,C:\myData\IMG\right_2025_06_02_16_51_15_617.jpg,0,0,0,11.72439
C:\myData\IMG\center_2025_06_02_16_51_15_757.jpg,C:\myData\IMG\left_2025_06_02_16_51_15_757.jpg,C:\myData\IMG\right_2025_06_02_16_51_15_757.jpg,0,0,0,11.61336
C:\myData\IMG\center_2025_06_02_16_51_15_896.jpg,C:\myData\IMG\left_2025_06_02_16_51_15_896.jpg,C:\myData\IMG\right_2025_06_02_16_51_15_896.jpg,-0.35,0,0,11.20613
C:\myData\IMG\center_2025_06_02_16_51_15_931.jpg,C:\myData\IMG\left_2025_06_02_16_51_15_931.jpg,C:\myData\IMG\right_2025_06_02_16_51_15_931.jpg,-0.7,0,0,10.91421
C:\myData\IMG\center_2025_06_02_16_51_16_067.jpg,C:\myData\IMG\left_2025_06_02_16_51_16_067.jpg,C:\myData\IMG\right_2025_06_02_16_51_16_067.jpg,-1,0,0,10.55049
C:\myData\IMG\center_2025_06_02_16_51_16_206.jpg,C:\myData\IMG\left_2025_06_02_16_51_16_206.jpg,C:\myData\IMG\right_2025_06_02_16_51_16_206.jpg,0,0,0,10.21222
C:\myData\IMG\center_2025_06_02_16_51_16_351.jpg,C:\myData\IMG\left_2025_06_02_16_51_16_351.jpg,C:\myData\IMG\right_2025_06_02_16_51_16_351.jpg,0,0,0,10.06257
C:\myData\IMG\center_2025_06_02_16_51_16_496.jpg,C:\myData\IMG\left_2025_06_02_16_51_16_496.jpg,C:\myData\IMG\right_2025_06_02_16_51_16_496.jpg,0,0,0,9.921309
C:\myData\IMG\center_2025_06_02_16_51_16_630.jpg,C:\myData\IMG\left_2025_06_02_16_51_16_630.jpg,C:\myData\IMG\right_2025_06_02_16_51_16_630.jpg,0,0,0,9.782173
C:\myData\IMG\center_2025_06_02_16_51_16_772.jpg,C:\myData\IMG\left_2025_06_02_16_51_16_772.jpg,C:\myData\IMG\right_2025_06_02_16_51_16_772.jpg,0,0,0,9.64499
C:\myData\IMG\center_2025_06_02_16_51_16_915.jpg,C:\myData\IMG\left_2025_06_02_16_51_16_915.jpg,C:\myData\IMG\right_2025_06_02_16_51_16_915.jpg,0,0,0,9.509733
C:\myData\IMG\center_2025_06_02_16_51_17_059.jpg,C:\myData\IMG\left_2025_06_02_16_51_17_059.jpg,C:\myData\IMG\right_2025_06_02_16_51_17_059.jpg,0,0,0,9.376374
C:\myData\IMG\center_2025_06_02_16_51_17_197.jpg,C:\myData\IMG\left_2025_06_02_16_51_17_197.jpg,C:\myData\IMG\right_2025_06_02_16_51_17_197.jpg,0,0,0,9.244884
C:\myData\IMG\center_2025_06_02_16_51_17_333.jpg,C:\myData\IMG\left_2025_06_02_16_51_17_333.jpg,C:\myData\IMG\right_2025_06_02_16_51_17_333.jpg,0,0,0,9.115241
C:\myData\IMG\center_2025_06_02_16_51_17_478.jpg,C:\myData\IMG\left_2025_06_02_16_51_17_478.jpg,C:\myData\IMG\right_2025_06_02_16_51_17_478.jpg,-0.35,0,0,8.951891
C:\myData\IMG\center_2025_06_02_16_51_17_607.jpg,C:\myData\IMG\left_2025_06_02_16_51_17_607.jpg,C:\myData\IMG\right_2025_06_02_16_51_17_607.jpg,-0.7,0,0,8.719366
C:\myData\IMG\center_2025_06_02_16_51_17_740.jpg,C:\myData\IMG\left_2025_06_02_16_51_17_740.jpg,C:\myData\IMG\right_2025_06_02_16_51_17_740.jpg,-1,0,0,8.432144
C:\myData\IMG\center_2025_06_02_16_51_17_889.jpg,C:\myData\IMG\left_2025_06_02_16_51_17_889.jpg,C:\myData\IMG\right_2025_06_02_16_51_17_889.jpg,0,0,0,8.140473
C:\myData\IMG\center_2025_06_02_16_51_18_033.jpg,C:\myData\IMG\left_2025_06_02_16_51_18_033.jpg,C:\myData\IMG\right_2025_06_02_16_51_18_033.jpg,0,0,0,8.023463
C:\myData\IMG\center_2025_06_02_16_51_18_178.jpg,C:\myData\IMG\left_2025_06_02_16_51_18_178.jpg,C:\myData\IMG\right_2025_06_02_16_51_18_178.jpg,0,0,0,7.910923
C:\myData\IMG\center_2025_06_02_16_51_18_314.jpg,C:\myData\IMG\left_2025_06_02_16_51_18_314.jpg,C:\myData\IMG\right_2025_06_02_16_51_18_314.jpg,0,0,0,7.799964
C:\myData\IMG\center_2025_06_02_16_51_18_449.jpg,C:\myData\IMG\left_2025_06_02_16_51_18_449.jpg,C:\myData\IMG\right_2025_06_02_16_51_18_449.jpg,0,0,0,7.690419
C:\myData\IMG\center_2025_06_02_16_51_18_601.jpg,C:\myData\IMG\left_2025_06_02_16_51_18_601.jpg,C:\myData\IMG\right_2025_06_02_16_51_18_601.jpg,0,0,0,7.582436
C:\myData\IMG\center_2025_06_02_16_51_18_733.jpg,C:\myData\IMG\left_2025_06_02_16_51_18_733.jpg,C:\myData\IMG\right_2025_06_02_16_51_18_733.jpg,0,0,0,7.475283
C:\myData\IMG\center_2025_06_02_16_51_18_887.jpg,C:\myData\IMG\left_2025_06_02_16_51_18_887.jpg,C:\myData\IMG\right_2025_06_02_16_51_18_887.jpg,0,0.4542315,0,8.20419
C:\myData\IMG\center_2025_06_02_16_51_19_017.jpg,C:\myData\IMG\left_2025_06_02_16_51_19_017.jpg,C:\myData\IMG\right_2025_06_02_16_51_19_017.jpg,0,0.8523602,0,9.312237
C:\myData\IMG\center_2025_06_02_16_51_19_168.jpg,C:\myData\IMG\left_2025_06_02_16_51_19_168.jpg,C:\myData\IMG\right_2025_06_02_16_51_19_168.jpg,0,1,0,11.07669
C:\myData\IMG\center_2025_06_02_16_51_19_294.jpg,C:\myData\IMG\left_2025_06_02_16_51_19_294.jpg,C:\myData\IMG\right_2025_06_02_16_51_19_294.jpg,0,1,0,12.43137
C:\myData\IMG\center_2025_06_02_16_51_19_447.jpg,C:\myData\IMG\left_2025_06_02_16_51_19_447.jpg,C:\myData\IMG\right_2025_06_02_16_51_19_447.jpg,0,1,0,14.2205
C:\myData\IMG\center_2025_06_02_16_51_19_588.jpg,C:\myData\IMG\left_2025_06_02_16_51_19_588.jpg,C:\myData\IMG\right_2025_06_02_16_51_19_588.jpg,0,1,0,15.47419
C:\myData\IMG\center_2025_06_02_16_51_19_723.jpg,C:\myData\IMG\left_2025_06_02_16_51_19_723.jpg,C:\myData\IMG\right_2025_06_02_16_51_19_723.jpg,0,1,0,17.17961
C:\myData\IMG\center_2025_06_02_16_51_19_870.jpg,C:\myData\IMG\left_2025_06_02_16_51_19_870.jpg,C:\myData\IMG\right_2025_06_02_16_51_19_870.jpg,0,0.5624548,0,17.68361
C:\myData\IMG\center_2025_06_02_16_51_20_011.jpg,C:\myData\IMG\left_2025_06_02_16_51_20_011.jpg,C:\myData\IMG\right_2025_06_02_16_51_20_011.jpg,0,0.1371118,0,18.06146
C:\myData\IMG\center_2025_06_02_16_51_20_145.jpg,C:\myData\IMG\left_2025_06_02_16_51_20_145.jpg,C:\myData\IMG\right_2025_06_02_16_51_20_145.jpg,0,0,0,17.332
C:\myData\IMG\center_2025_06_02_16_51_20_295.jpg,C:\myData\IMG\left_2025_06_02_16_51_20_295.jpg,C:\myData\IMG\right_2025_06_02_16_51_20_295.jpg,0,0,0,17.61
C:\myData\IMG\center_2025_06_02_16_51_20_442.jpg,C:\myData\IMG\left_2025_06_02_16_51_20_442.jpg,C:\myData\IMG\right_2025_06_02_16_51_20_442.jpg,0,0,0,17.33375
C:\myData\IMG\center_2025_06_02_16_51_20_593.jpg,C:\myData\IMG\left_2025_06_02_16_51_20_593.jpg,C:\myData\IMG\right_2025_06_02_16_51_20_593.jpg,0,0,0,16.55403
C:\myData\IMG\center_2025_06_02_16_51_20_828.jpg,C:\myData\IMG\left_2025_06_02_16_51_20_828.jpg,C:\myData\IMG\right_2025_06_02_16_51_20_828.jpg,0,0,0,16.28197
C:\myData\IMG\center_2025_06_02_16_51_20_967.jpg,C:\myData\IMG\left_2025_06_02_16_51_20_967.jpg,C:\myData\IMG\right_2025_06_02_16_51_20_967.jpg,-0.3,0,0,16.06162
C:\myData\IMG\center_2025_06_02_16_51_21_117.jpg,C:\myData\IMG\left_2025_06_02_16_51_21_117.jpg,C:\myData\IMG\right_2025_06_02_16_51_21_117.jpg,0,0,0,16.30665
C:\myData\IMG\center_2025_06_02_16_51_21_276.jpg,C:\myData\IMG\left_2025_06_02_16_51_21_276.jpg,C:\myData\IMG\right_2025_06_02_16_51_21_276.jpg,0,0,0,16.11852
C:\myData\IMG\center_2025_06_02_16_51_21_416.jpg,C:\myData\IMG\left_2025_06_02_16_51_21_416.jpg,C:\myData\IMG\right_2025_06_02_16_51_21_416.jpg,0,0,0,15.87211
C:\myData\IMG\center_2025_06_02_16_51_21_554.jpg,C:\myData\IMG\left_2025_06_02_16_51_21_554.jpg,C:\myData\IMG\right_2025_06_02_16_51_21_554.jpg,0,0,0,15.68488
C:\myData\IMG\center_2025_06_02_16_51_21_698.jpg,C:\myData\IMG\left_2025_06_02_16_51_21_698.jpg,C:\myData\IMG\right_2025_06_02_16_51_21_698.jpg,0,0,0,15.4397
C:\myData\IMG\center_2025_06_02_16_51_21_843.jpg,C:\myData\IMG\left_2025_06_02_16_51_21_843.jpg,C:\myData\IMG\right_2025_06_02_16_51_21_843.jpg,0,0,0,15.19833
C:\myData\IMG\center_2025_06_02_16_51_21_992.jpg,C:\myData\IMG\left_2025_06_02_16_51_21_992.jpg,C:\myData\IMG\right_2025_06_02_16_51_21_992.jpg,0,0,0,14.95926
C:\myData\IMG\center_2025_06_02_16_51_22_120.jpg,C:\myData\IMG\left_2025_06_02_16_51_22_120.jpg,C:\myData\IMG\right_2025_06_02_16_51_22_120.jpg,-0.35,0,0,14.19613
C:\myData\IMG\center_2025_06_02_16_51_22_261.jpg,C:\myData\IMG\left_2025_06_02_16_51_22_261.jpg,C:\myData\IMG\right_2025_06_02_16_51_22_261.jpg,-0.6000001,0,0,14.43297
C:\myData\IMG\center_2025_06_02_16_51_22_402.jpg,C:\myData\IMG\left_2025_06_02_16_51_22_402.jpg,C:\myData\IMG\right_2025_06_02_16_51_22_402.jpg,0,0,0,13.63571
C:\myData\IMG\center_2025_06_02_16_51_22_539.jpg,C:\myData\IMG\left_2025_06_02_16_51_22_539.jpg,C:\myData\IMG\right_2025_06_02_16_51_22_539.jpg,0,0,0,13.46585
C:\myData\IMG\center_2025_06_02_16_51_22_681.jpg,C:\myData\IMG\left_2025_06_02_16_51_22_681.jpg,C:\myData\IMG\right_2025_06_02_16_51_22_681.jpg,0,0,0,13.79215
C:\myData\IMG\center_2025_06_02_16_51_22_826.jpg,C:\myData\IMG\left_2025_06_02_16_51_22_826.jpg,C:\myData\IMG\right_2025_06_02_16_51_22_826.jpg,0,0,0,13.53328
C:\myData\IMG\center_2025_06_02_16_51_22_961.jpg,C:\myData\IMG\left_2025_06_02_16_51_22_961.jpg,C:\myData\IMG\right_2025_06_02_16_51_22_961.jpg,0,0,0,13.31433
C:\myData\IMG\center_2025_06_02_16_51_23_102.jpg,C:\myData\IMG\left_2025_06_02_16_51_23_102.jpg,C:\myData\IMG\right_2025_06_02_16_51_23_102.jpg,0,0,0,13.15209
C:\myData\IMG\center_2025_06_02_16_51_23_242.jpg,C:\myData\IMG\left_2025_06_02_16_51_23_242.jpg,C:\myData\IMG\right_2025_06_02_16_51_23_242.jpg,0,0,0,12.99218
C:\myData\IMG\center_2025_06_02_16_51_23_391.jpg,C:\myData\IMG\left_2025_06_02_16_51_23_391.jpg,C:\myData\IMG\right_2025_06_02_16_51_23_391.jpg,0,0,0,12.78112
C:\myData\IMG\center_2025_06_02_16_51_23_531.jpg,C:\myData\IMG\left_2025_06_02_16_51_23_531.jpg,C:\myData\IMG\right_2025_06_02_16_51_23_531.jpg,0,0,0,12.04591
C:\myData\IMG\center_2025_06_02_16_51_23_674.jpg,C:\myData\IMG\left_2025_06_02_16_51_23_674.jpg,C:\myData\IMG\right_2025_06_02_16_51_23_674.jpg,0,0,0,12.4193
C:\myData\IMG\center_2025_06_02_16_51_23_819.jpg,C:\myData\IMG\left_2025_06_02_16_51_23_819.jpg,C:\myData\IMG\right_2025_06_02_16_51_23_819.jpg,0,0,0,12.21691
C:\myData\IMG\center_2025_06_02_16_51_23_958.jpg,C:\myData\IMG\left_2025_06_02_16_51_23_958.jpg,C:\myData\IMG\right_2025_06_02_16_51_23_958.jpg,0,0,0,12.06598
C:\myData\IMG\center_2025_06_02_16_51_24_100.jpg,C:\myData\IMG\left_2025_06_02_16_51_24_100.jpg,C:\myData\IMG\right_2025_06_02_16_51_24_100.jpg,-0.4,0,0,11.80829
C:\myData\IMG\center_2025_06_02_16_51_24_238.jpg,C:\myData\IMG\left_2025_06_02_16_51_24_238.jpg,C:\myData\IMG\right_2025_06_02_16_51_24_238.jpg,-0.7,0,0,11.25117
C:\myData\IMG\center_2025_06_02_16_51_24_281.jpg,C:\myData\IMG\left_2025_06_02_16_51_24_281.jpg,C:\myData\IMG\right_2025_06_02_16_51_24_281.jpg,0,0,0,11.12314
C:\myData\IMG\center_2025_06_02_16_51_24_426.jpg,C:\myData\IMG\left_2025_06_02_16_51_24_426.jpg,C:\myData\IMG\right_2025_06_02_16_51_24_426.jpg,0,0,0,10.96618
C:\myData\IMG\center_2025_06_02_16_51_24_564.jpg,C:\myData\IMG\left_2025_06_02_16_51_24_564.jpg,C:\myData\IMG\right_2025_06_02_16_51_24_564.jpg,0,0,0,10.81236
C:\myData\IMG\center_2025_06_02_16_51_24_707.jpg,C:\myData\IMG\left_2025_06_02_16_51_24_707.jpg,C:\myData\IMG\right_2025_06_02_16_51_24_707.jpg,0,0,0,10.66067
C:\myData\IMG\center_2025_06_02_16_51_24_844.jpg,C:\myData\IMG\left_2025_06_02_16_51_24_844.jpg,C:\myData\IMG\right_2025_06_02_16_51_24_844.jpg,0,0,0,10.51117
C:\myData\IMG\center_2025_06_02_16_51_25_014.jpg,C:\myData\IMG\left_2025_06_02_16_51_25_014.jpg,C:\myData\IMG\right_2025_06_02_16_51_25_014.jpg,0,0,0,10.34287
C:\myData\IMG\center_2025_06_02_16_51_25_152.jpg,C:\myData\IMG\left_2025_06_02_16_51_25_152.jpg,C:\myData\IMG\right_2025_06_02_16_51_25_152.jpg,0,0,0,10.19782
C:\myData\IMG\center_2025_06_02_16_51_25_278.jpg,C:\myData\IMG\left_2025_06_02_16_51_25_278.jpg,C:\myData\IMG\right_2025_06_02_16_51_25_278.jpg,0,0,0,10.07507
C:\myData\IMG\center_2025_06_02_16_51_25_402.jpg,C:\myData\IMG\left_2025_06_02_16_51_25_402.jpg,C:\myData\IMG\right_2025_06_02_16_51_25_402.jpg,0,0,0,9.933778
C:\myData\IMG\center_2025_06_02_16_51_25_539.jpg,C:\myData\IMG\left_2025_06_02_16_51_25_539.jpg,C:\myData\IMG\right_2025_06_02_16_51_25_539.jpg,0,0.4133814,0,10.46168
C:\myData\IMG\center_2025_06_02_16_51_25_685.jpg,C:\myData\IMG\left_2025_06_02_16_51_25_685.jpg,C:\myData\IMG\right_2025_06_02_16_51_25_685.jpg,0,0,0,10.34937
C:\myData\IMG\center_2025_06_02_16_51_25_830.jpg,C:\myData\IMG\left_2025_06_02_16_51_25_830.jpg,C:\myData\IMG\right_2025_06_02_16_51_25_830.jpg,0,0.4352133,0,10.90547
C:\myData\IMG\center_2025_06_02_16_51_25_974.jpg,C:\myData\IMG\left_2025_06_02_16_51_25_974.jpg,C:\myData\IMG\right_2025_06_02_16_51_25_974.jpg,0,0.8707746,0,12.13751
C:\myData\IMG\center_2025_06_02_16_51_26_227.jpg,C:\myData\IMG\left_2025_06_02_16_51_26_227.jpg,C:\myData\IMG\right_2025_06_02_16_51_26_227.jpg,0,1,0,13.96005
C:\myData\IMG\center_2025_06_02_16_51_26_369.jpg,C:\myData\IMG\left_2025_06_02_16_51_26_369.jpg,C:\myData\IMG\right_2025_06_02_16_51_26_369.jpg,0,1,0,15.20936
C:\myData\IMG\center_2025_06_02_16_51_26_405.jpg,C:\myData\IMG\left_2025_06_02_16_51_26_405.jpg,C:\myData\IMG\right_2025_06_02_16_51_26_405.jpg,0,1,0,16.88755
C:\myData\IMG\center_2025_06_02_16_51_26_548.jpg,C:\myData\IMG\left_2025_06_02_16_51_26_548.jpg,C:\myData\IMG\right_2025_06_02_16_51_26_548.jpg,0,1,0,18.32067
C:\myData\IMG\center_2025_06_02_16_51_26_705.jpg,C:\myData\IMG\left_2025_06_02_16_51_26_705.jpg,C:\myData\IMG\right_2025_06_02_16_51_26_705.jpg,0,1,0,19.96481
C:\myData\IMG\center_2025_06_02_16_51_26_838.jpg,C:\myData\IMG\left_2025_06_02_16_51_26_838.jpg,C:\myData\IMG\right_2025_06_02_16_51_26_838.jpg,0,0.5951458,0,20.60835
C:\myData\IMG\center_2025_06_02_16_51_26_981.jpg,C:\myData\IMG\left_2025_06_02_16_51_26_981.jpg,C:\myData\IMG\right_2025_06_02_16_51_26_981.jpg,0,0.1648255,0,20.5954
C:\myData\IMG\center_2025_06_02_16_51_27_141.jpg,C:\myData\IMG\left_2025_06_02_16_51_27_141.jpg,C:\myData\IMG\right_2025_06_02_16_51_27_141.jpg,0,0,0,20.19349
C:\myData\IMG\center_2025_06_02_16_51_27_289.jpg,C:\myData\IMG\left_2025_06_02_16_51_27_289.jpg,C:\myData\IMG\right_2025_06_02_16_51_27_289.jpg,-0.35,0,0,20.15493
C:\myData\IMG\center_2025_06_02_16_51_27_455.jpg,C:\myData\IMG\left_2025_06_02_16_51_27_455.jpg,C:\myData\IMG\right_2025_06_02_16_51_27_455.jpg,0,0,0,19.84278
C:\myData\IMG\center_2025_06_02_16_51_27_579.jpg,C:\myData\IMG\left_2025_06_02_16_51_27_579.jpg,C:\myData\IMG\right_2025_06_02_16_51_27_579.jpg,0,0,0,19.18201
C:\myData\IMG\center_2025_06_02_16_51_27_717.jpg,C:\myData\IMG\left_2025_06_02_16_51_27_717.jpg,C:\myData\IMG\right_2025_06_02_16_51_27_717.jpg,0,0,0,18.92699
C:\myData\IMG\center_2025_06_02_16_51_27_860.jpg,C:\myData\IMG\left_2025_06_02_16_51_27_860.jpg,C:\myData\IMG\right_2025_06_02_16_51_27_860.jpg,0,0,0,18.59631
C:\myData\IMG\center_2025_06_02_16_51_27_997.jpg,C:\myData\IMG\left_2025_06_02_16_51_27_997.jpg,C:\myData\IMG\right_2025_06_02_16_51_27_997.jpg,0,0,0,18.35956
C:\myData\IMG\center_2025_06_02_16_51_28_134.jpg,C:\myData\IMG\left_2025_06_02_16_51_28_134.jpg,C:\myData\IMG\right_2025_06_02_16_51_28_134.jpg,0,0,0,18.58867
C:\myData\IMG\center_2025_06_02_16_51_28_278.jpg,C:\myData\IMG\left_2025_06_02_16_51_28_278.jpg,C:\myData\IMG\right_2025_06_02_16_51_28_278.jpg,0,0,0,17.82484
C:\myData\IMG\center_2025_06_02_16_51_28_411.jpg,C:\myData\IMG\left_2025_06_02_16_51_28_411.jpg,C:\myData\IMG\right_2025_06_02_16_51_28_411.jpg,-0.35,0,0,18.00594
C:\myData\IMG\center_2025_06_02_16_51_28_543.jpg,C:\myData\IMG\left_2025_06_02_16_51_28_543.jpg,C:\myData\IMG\right_2025_06_02_16_51_28_543.jpg,-0.7,0,0,17.08659
C:\myData\IMG\center_2025_06_02_16_51_28_695.jpg,C:\myData\IMG\left_2025_06_02_16_51_28_695.jpg,C:\myData\IMG\right_2025_06_02_16_51_28_695.jpg,0,0,0,17.26804
C:\myData\IMG\center_2025_06_02_16_51_28_917.jpg,C:\myData\IMG\left_2025_06_02_16_51_28_917.jpg,C:\myData\IMG\right_2025_06_02_16_51_28_917.jpg,0,0,0,16.99256
C:\myData\IMG\center_2025_06_02_16_51_29_047.jpg,C:\myData\IMG\left_2025_06_02_16_51_29_047.jpg,C:\myData\IMG\right_2025_06_02_16_51_29_047.jpg,0,0,0,16.21169
C:\myData\IMG\center_2025_06_02_16_51_29_174.jpg,C:\myData\IMG\left_2025_06_02_16_51_29_174.jpg,C:\myData\IMG\right_2025_06_02_16_51_29_174.jpg,0,0,0,16.59269
C:\myData\IMG\center_2025_06_02_16_51_29_309.jpg,C:\myData\IMG\left_2025_06_02_16_51_29_309.jpg,C:\myData\IMG\right_2025_06_02_16_51_29_309.jpg,0,0,0,16.40001
C:\myData\IMG\center_2025_06_02_16_51_29_438.jpg,C:\myData\IMG\left_2025_06_02_16_51_29_438.jpg,C:\myData\IMG\right_2025_06_02_16_51_29_438.jpg,0,0,0,15.64061
C:\myData\IMG\center_2025_06_02_16_51_29_574.jpg,C:\myData\IMG\left_2025_06_02_16_51_29_574.jpg,C:\myData\IMG\right_2025_06_02_16_51_29_574.jpg,0,0,0,15.46565
C:\myData\IMG\center_2025_06_02_16_51_29_708.jpg,C:\myData\IMG\left_2025_06_02_16_51_29_708.jpg,C:\myData\IMG\right_2025_06_02_16_51_29_708.jpg,0,0,0,15.22372
C:\myData\IMG\center_2025_06_02_16_51_29_841.jpg,C:\myData\IMG\left_2025_06_02_16_51_29_841.jpg,C:\myData\IMG\right_2025_06_02_16_51_29_841.jpg,-0.35,0,0,15.47593
C:\myData\IMG\center_2025_06_02_16_51_29_972.jpg,C:\myData\IMG\left_2025_06_02_16_51_29_972.jpg,C:\myData\IMG\right_2025_06_02_16_51_29_972.jpg,-0.6500001,0,0,15.12906
C:\myData\IMG\center_2025_06_02_16_51_30_099.jpg,C:\myData\IMG\left_2025_06_02_16_51_30_099.jpg,C:\myData\IMG\right_2025_06_02_16_51_30_099.jpg,0,0,0,14.87122
C:\myData\IMG\center_2025_06_02_16_51_30_232.jpg,C:\myData\IMG\left_2025_06_02_16_51_30_232.jpg,C:\myData\IMG\right_2025_06_02_16_51_30_232.jpg,0,0,0,14.70624
C:\myData\IMG\center_2025_06_02_16_51_30_367.jpg,C:\myData\IMG\left_2025_06_02_16_51_30_367.jpg,C:\myData\IMG\right_2025_06_02_16_51_30_367.jpg,0,0,0,14.00811
C:\myData\IMG\center_2025_06_02_16_51_30_499.jpg,C:\myData\IMG\left_2025_06_02_16_51_30_499.jpg,C:\myData\IMG\right_2025_06_02_16_51_30_499.jpg,0,0,0,14.32032
C:\myData\IMG\center_2025_06_02_16_51_30_631.jpg,C:\myData\IMG\left_2025_06_02_16_51_30_631.jpg,C:\myData\IMG\right_2025_06_02_16_51_30_631.jpg,0,0,0,13.64258
C:\myData\IMG\center_2025_06_02_16_51_30_773.jpg,C:\myData\IMG\left_2025_06_02_16_51_30_773.jpg,C:\myData\IMG\right_2025_06_02_16_51_30_773.jpg,0,0,0,13.93297
C:\myData\IMG\center_2025_06_02_16_51_30_904.jpg,C:\myData\IMG\left_2025_06_02_16_51_30_904.jpg,C:\myData\IMG\right_2025_06_02_16_51_30_904.jpg,0,0,0,13.10691
C:\myData\IMG\center_2025_06_02_16_51_31_043.jpg,C:\myData\IMG\left_2025_06_02_16_51_31_043.jpg,C:\myData\IMG\right_2025_06_02_16_51_31_043.jpg,0,0,0,12.93881
C:\myData\IMG\center_2025_06_02_16_51_31_176.jpg,C:\myData\IMG\left_2025_06_02_16_51_31_176.jpg,C:\myData\IMG\right_2025_06_02_16_51_31_176.jpg,0.4,0,0,12.67819
C:\myData\IMG\center_2025_06_02_16_51_31_312.jpg,C:\myData\IMG\left_2025_06_02_16_51_31_312.jpg,C:\myData\IMG\right_2025_06_02_16_51_31_312.jpg,0,0,0,12.48552
C:\myData\IMG\center_2025_06_02_16_51_31_458.jpg,C:\myData\IMG\left_2025_06_02_16_51_31_458.jpg,C:\myData\IMG\right_2025_06_02_16_51_31_458.jpg,0,0,0,12.2713
C:\myData\IMG\center_2025_06_02_16_51_31_592.jpg,C:\myData\IMG\left_2025_06_02_16_51_31_592.jpg,C:\myData\IMG\right_2025_06_02_16_51_31_592.jpg,0,0,0,12.11594
C:\myData\IMG\center_2025_06_02_16_51_31_734.jpg,C:\myData\IMG\left_2025_06_02_16_51_31_734.jpg,C:\myData\IMG\right_2025_06_02_16_51_31_734.jpg,0,0.4347864,0,13.15475
C:\myData\IMG\center_2025_06_02_16_51_31_870.jpg,C:\myData\IMG\left_2025_06_02_16_51_31_870.jpg,C:\myData\IMG\right_2025_06_02_16_51_31_870.jpg,0,0.02615219,0,12.60366
C:\myData\IMG\center_2025_06_02_16_51_32_013.jpg,C:\myData\IMG\left_2025_06_02_16_51_32_013.jpg,C:\myData\IMG\right_2025_06_02_16_51_32_013.jpg,0,0.3946971,0,13.20685
C:\myData\IMG\center_2025_06_02_16_51_32_155.jpg,C:\myData\IMG\left_2025_06_02_16_51_32_155.jpg,C:\myData\IMG\right_2025_06_02_16_51_32_155.jpg,0,0.8427897,0,14.51119
C:\myData\IMG\center_2025_06_02_16_51_32_293.jpg,C:\myData\IMG\left_2025_06_02_16_51_32_293.jpg,C:\myData\IMG\right_2025_06_02_16_51_32_293.jpg,0,1,0,16.18338
C:\myData\IMG\center_2025_06_02_16_51_32_330.jpg,C:\myData\IMG\left_2025_06_02_16_51_32_330.jpg,C:\myData\IMG\right_2025_06_02_16_51_32_330.jpg,0,0.6199243,0,16.88393
C:\myData\IMG\center_2025_06_02_16_51_32_573.jpg,C:\myData\IMG\left_2025_06_02_16_51_32_573.jpg,C:\myData\IMG\right_2025_06_02_16_51_32_573.jpg,0,1,0,18.35136
C:\myData\IMG\center_2025_06_02_16_51_32_614.jpg,C:\myData\IMG\left_2025_06_02_16_51_32_614.jpg,C:\myData\IMG\right_2025_06_02_16_51_32_614.jpg,0,1,0,19.70674
C:\myData\IMG\center_2025_06_02_16_51_32_765.jpg,C:\myData\IMG\left_2025_06_02_16_51_32_765.jpg,C:\myData\IMG\right_2025_06_02_16_51_32_765.jpg,0,1,0,21.33086
C:\myData\IMG\center_2025_06_02_16_51_33_005.jpg,C:\myData\IMG\left_2025_06_02_16_51_33_005.jpg,C:\myData\IMG\right_2025_06_02_16_51_33_005.jpg,0,1,0,22.66633
C:\myData\IMG\center_2025_06_02_16_51_33_139.jpg,C:\myData\IMG\left_2025_06_02_16_51_33_139.jpg,C:\myData\IMG\right_2025_06_02_16_51_33_139.jpg,0,1,0,24.31576
C:\myData\IMG\center_2025_06_02_16_51_33_191.jpg,C:\myData\IMG\left_2025_06_02_16_51_33_191.jpg,C:\myData\IMG\right_2025_06_02_16_51_33_191.jpg,0,1,0,25.48624
C:\myData\IMG\center_2025_06_02_16_51_33_329.jpg,C:\myData\IMG\left_2025_06_02_16_51_33_329.jpg,C:\myData\IMG\right_2025_06_02_16_51_33_329.jpg,0,1,0,26.77798
C:\myData\IMG\center_2025_06_02_16_51_33_479.jpg,C:\myData\IMG\left_2025_06_02_16_51_33_479.jpg,C:\myData\IMG\right_2025_06_02_16_51_33_479.jpg,0,1,0,28.27247
C:\myData\IMG\center_2025_06_02_16_51_33_630.jpg,C:\myData\IMG\left_2025_06_02_16_51_33_630.jpg,C:\myData\IMG\right_2025_06_02_16_51_33_630.jpg,0,1,0,29.56095
C:\myData\IMG\center_2025_06_02_16_51_33_801.jpg,C:\myData\IMG\left_2025_06_02_16_51_33_801.jpg,C:\myData\IMG\right_2025_06_02_16_51_33_801.jpg,0,1,0,30.18991
C:\myData\IMG\center_2025_06_02_16_51_33_945.jpg,C:\myData\IMG\left_2025_06_02_16_51_33_945.jpg,C:\myData\IMG\right_2025_06_02_16_51_33_945.jpg,0,1,0,30.18986
C:\myData\IMG\center_2025_06_02_16_51_34_081.jpg,C:\myData\IMG\left_2025_06_02_16_51_34_081.jpg,C:\myData\IMG\right_2025_06_02_16_51_34_081.jpg,0,1,0,30.18988
C:\myData\IMG\center_2025_06_02_16_51_34_230.jpg,C:\myData\IMG\left_2025_06_02_16_51_34_230.jpg,C:\myData\IMG\right_2025_06_02_16_51_34_230.jpg,0,1,0,30.18989
C:\myData\IMG\center_2025_06_02_16_51_34_378.jpg,C:\myData\IMG\left_2025_06_02_16_51_34_378.jpg,C:\myData\IMG\right_2025_06_02_16_51_34_378.jpg,0,1,0,30.18989
C:\myData\IMG\center_2025_06_02_16_51_34_526.jpg,C:\myData\IMG\left_2025_06_02_16_51_34_526.jpg,C:\myData\IMG\right_2025_06_02_16_51_34_526.jpg,0,1,0,30.18991
C:\myData\IMG\center_2025_06_02_16_51_34_670.jpg,C:\myData\IMG\left_2025_06_02_16_51_34_670.jpg,C:\myData\IMG\right_2025_06_02_16_51_34_670.jpg,0,1,0,30.18989
C:\myData\IMG\center_2025_06_02_16_51_34_821.jpg,C:\myData\IMG\left_2025_06_02_16_51_34_821.jpg,C:\myData\IMG\right_2025_06_02_16_51_34_821.jpg,0,1,0,30.1899
C:\myData\IMG\center_2025_06_02_16_51_34_962.jpg,C:\myData\IMG\left_2025_06_02_16_51_34_962.jpg,C:\myData\IMG\right_2025_06_02_16_51_34_962.jpg,0,0.5780623,0,30.08379
C:\myData\IMG\center_2025_06_02_16_51_35_107.jpg,C:\myData\IMG\left_2025_06_02_16_51_35_107.jpg,C:\myData\IMG\right_2025_06_02_16_51_35_107.jpg,0,0.1423264,0,29.81684
C:\myData\IMG\center_2025_06_02_16_51_35_246.jpg,C:\myData\IMG\left_2025_06_02_16_51_35_246.jpg,C:\myData\IMG\right_2025_06_02_16_51_35_246.jpg,0,0,0,29.42149
C:\myData\IMG\center_2025_06_02_16_51_35_410.jpg,C:\myData\IMG\left_2025_06_02_16_51_35_410.jpg,C:\myData\IMG\right_2025_06_02_16_51_35_410.jpg,0,0,0,28.94713
C:\myData\IMG\center_2025_06_02_16_51_35_561.jpg,C:\myData\IMG\left_2025_06_02_16_51_35_561.jpg,C:\myData\IMG\right_2025_06_02_16_51_35_561.jpg,0,0,0,28.48041
C:\myData\IMG\center_2025_06_02_16_51_35_717.jpg,C:\myData\IMG\left_2025_06_02_16_51_35_717.jpg,C:\myData\IMG\right_2025_06_02_16_51_35_717.jpg,0,0,0,28.07818
C:\myData\IMG\center_2025_06_02_16_51_35_869.jpg,C:\myData\IMG\left_2025_06_02_16_51_35_869.jpg,C:\myData\IMG\right_2025_06_02_16_51_35_869.jpg,0,0,0,27.62539
C:\myData\IMG\center_2025_06_02_16_51_36_016.jpg,C:\myData\IMG\left_2025_06_02_16_51_36_016.jpg,C:\myData\IMG\right_2025_06_02_16_51_36_016.jpg,0,0,0,27.23516
C:\myData\IMG\center_2025_06_02_16_51_36_168.jpg,C:\myData\IMG\left_2025_06_02_16_51_36_168.jpg,C:\myData\IMG\right_2025_06_02_16_51_36_168.jpg,0,0,0,26.79588
C:\myData\IMG\center_2025_06_02_16_51_36_323.jpg,C:\myData\IMG\left_2025_06_02_16_51_36_323.jpg,C:\myData\IMG\right_2025_06_02_16_51_36_323.jpg,0,0,0,26.36365
C:\myData\IMG\center_2025_06_02_16_51_36_470.jpg,C:\myData\IMG\left_2025_06_02_16_51_36_470.jpg,C:\myData\IMG\right_2025_06_02_16_51_36_470.jpg,0,0,0,25.99113
C:\myData\IMG\center_2025_06_02_16_51_36_624.jpg,C:\myData\IMG\left_2025_06_02_16_51_36_624.jpg,C:\myData\IMG\right_2025_06_02_16_51_36_624.jpg,0,0,0,25.57179
C:\myData\IMG\center_2025_06_02_16_51_36_781.jpg,C:\myData\IMG\left_2025_06_02_16_51_36_781.jpg,C:\myData\IMG\right_2025_06_02_16_51_36_781.jpg,0,0,0,25.15918
C:\myData\IMG\center_2025_06_02_16_51_36_936.jpg,C:\myData\IMG\left_2025_06_02_16_51_36_936.jpg,C:\myData\IMG\right_2025_06_02_16_51_36_936.jpg,0,0,0,24.80357
C:\myData\IMG\center_2025_06_02_16_51_37_082.jpg,C:\myData\IMG\left_2025_06_02_16_51_37_082.jpg,C:\myData\IMG\right_2025_06_02_16_51_37_082.jpg,0,0,0,24.40327
C:\myData\IMG\center_2025_06_02_16_51_37_235.jpg,C:\myData\IMG\left_2025_06_02_16_51_37_235.jpg,C:\myData\IMG\right_2025_06_02_16_51_37_235.jpg,0,0,0,24.05827
C:\myData\IMG\center_2025_06_02_16_51_37_387.jpg,C:\myData\IMG\left_2025_06_02_16_51_37_387.jpg,C:\myData\IMG\right_2025_06_02_16_51_37_387.jpg,0,0,0,23.66992
C:\myData\IMG\center_2025_06_02_16_51_37_545.jpg,C:\myData\IMG\left_2025_06_02_16_51_37_545.jpg,C:\myData\IMG\right_2025_06_02_16_51_37_545.jpg,0,0,0,23.28778
C:\myData\IMG\center_2025_06_02_16_51_37_706.jpg,C:\myData\IMG\left_2025_06_02_16_51_37_706.jpg,C:\myData\IMG\right_2025_06_02_16_51_37_706.jpg,0,0,0,22.91177
C:\myData\IMG\center_2025_06_02_16_51_37_860.jpg,C:\myData\IMG\left_2025_06_02_16_51_37_860.jpg,C:\myData\IMG\right_2025_06_02_16_51_37_860.jpg,0,0,0,22.54178
C:\myData\IMG\center_2025_06_02_16_51_38_017.jpg,C:\myData\IMG\left_2025_06_02_16_51_38_017.jpg,C:\myData\IMG\right_2025_06_02_16_51_38_017.jpg,0,0,0,22.22291
C:\myData\IMG\center_2025_06_02_16_51_38_179.jpg,C:\myData\IMG\left_2025_06_02_16_51_38_179.jpg,C:\myData\IMG\right_2025_06_02_16_51_38_179.jpg,0,0,0,21.86397
C:\myData\IMG\center_2025_06_02_16_51_38_343.jpg,C:\myData\IMG\left_2025_06_02_16_51_38_343.jpg,C:\myData\IMG\right_2025_06_02_16_51_38_343.jpg,0,0,0,21.46704
C:\myData\IMG\center_2025_06_02_16_51_38_505.jpg,C:\myData\IMG\left_2025_06_02_16_51_38_505.jpg,C:\myData\IMG\right_2025_06_02_16_51_38_505.jpg,0,0,0,21.12021
C:\myData\IMG\center_2025_06_02_16_51_38_673.jpg,C:\myData\IMG\left_2025_06_02_16_51_38_673.jpg,C:\myData\IMG\right_2025_06_02_16_51_38_673.jpg,0,0,0,20.77894
C:\myData\IMG\center_2025_06_02_16_51_38_823.jpg,C:\myData\IMG\left_2025_06_02_16_51_38_823.jpg,C:\myData\IMG\right_2025_06_02_16_51_38_823.jpg,0,0,0,20.44314
C:\myData\IMG\center_2025_06_02_16_51_38_999.jpg,C:\myData\IMG\left_2025_06_02_16_51_38_999.jpg,C:\myData\IMG\right_2025_06_02_16_51_38_999.jpg,-0.4,0,0,20.02478
C:\myData\IMG\center_2025_06_02_16_51_39_163.jpg,C:\myData\IMG\left_2025_06_02_16_51_39_163.jpg,C:\myData\IMG\right_2025_06_02_16_51_39_163.jpg,0,0,0,19.64346
C:\myData\IMG\center_2025_06_02_16_51_39_345.jpg,C:\myData\IMG\left_2025_06_02_16_51_39_345.jpg,C:\myData\IMG\right_2025_06_02_16_51_39_345.jpg,0,0,0,19.28102
C:\myData\IMG\center_2025_06_02_16_51_39_517.jpg,C:\myData\IMG\left_2025_06_02_16_51_39_517.jpg,C:\myData\IMG\right_2025_06_02_16_51_39_517.jpg,0,0,0,18.94626
C:\myData\IMG\center_2025_06_02_16_51_39_692.jpg,C:\myData\IMG\left_2025_06_02_16_51_39_692.jpg,C:\myData\IMG\right_2025_06_02_16_51_39_692.jpg,0,0,0,18.60265
C:\myData\IMG\center_2025_06_02_16_51_39_863.jpg,C:\myData\IMG\left_2025_06_02_16_51_39_863.jpg,C:\myData\IMG\right_2025_06_02_16_51_39_863.jpg,0,0,0,18.25331
C:\myData\IMG\center_2025_06_02_16_51_40_036.jpg,C:\myData\IMG\left_2025_06_02_16_51_40_036.jpg,C:\myData\IMG\right_2025_06_02_16_51_40_036.jpg,0,0,0,17.951
C:\myData\IMG\center_2025_06_02_16_51_40_213.jpg,C:\myData\IMG\left_2025_06_02_16_51_40_213.jpg,C:\myData\IMG\right_2025_06_02_16_51_40_213.jpg,0,0,0,17.6216
C:\myData\IMG\center_2025_06_02_16_51_40_393.jpg,C:\myData\IMG\left_2025_06_02_16_51_40_393.jpg,C:\myData\IMG\right_2025_06_02_16_51_40_393.jpg,0,0,0,17.29726
C:\myData\IMG\center_2025_06_02_16_51_40_574.jpg,C:\myData\IMG\left_2025_06_02_16_51_40_574.jpg,C:\myData\IMG\right_2025_06_02_16_51_40_574.jpg,0,0,0,16.97898
C:\myData\IMG\center_2025_06_02_16_51_40_746.jpg,C:\myData\IMG\left_2025_06_02_16_51_40_746.jpg,C:\myData\IMG\right_2025_06_02_16_51_40_746.jpg,0,0,0,16.66629
C:\myData\IMG\center_2025_06_02_16_51_40_927.jpg,C:\myData\IMG\left_2025_06_02_16_51_40_927.jpg,C:\myData\IMG\right_2025_06_02_16_51_40_927.jpg,0,0,0,16.35927
C:\myData\IMG\center_2025_06_02_16_51_41_113.jpg,C:\myData\IMG\left_2025_06_02_16_51_41_113.jpg,C:\myData\IMG\right_2025_06_02_16_51_41_113.jpg,0,0,0,16.05753
C:\myData\IMG\center_2025_06_02_16_51_41_286.jpg,C:\myData\IMG\left_2025_06_02_16_51_41_286.jpg,C:\myData\IMG\right_2025_06_02_16_51_41_286.jpg,0,0,0,15.76076
C:\myData\IMG\center_2025_06_02_16_51_41_471.jpg,C:\myData\IMG\left_2025_06_02_16_51_41_471.jpg,C:\myData\IMG\right_2025_06_02_16_51_41_471.jpg,0,0,0,15.46896
C:\myData\IMG\center_2025_06_02_16_51_41_660.jpg,C:\myData\IMG\left_2025_06_02_16_51_41_660.jpg,C:\myData\IMG\right_2025_06_02_16_51_41_660.jpg,0,0,0,15.18226
C:\myData\IMG\center_2025_06_02_16_51_41_936.jpg,C:\myData\IMG\left_2025_06_02_16_51_41_936.jpg,C:\myData\IMG\right_2025_06_02_16_51_41_936.jpg,0,0,0,14.90076
C:\myData\IMG\center_2025_06_02_16_51_42_117.jpg,C:\myData\IMG\left_2025_06_02_16_51_42_117.jpg,C:\myData\IMG\right_2025_06_02_16_51_42_117.jpg,0,0,0,14.59326
C:\myData\IMG\center_2025_06_02_16_51_42_305.jpg,C:\myData\IMG\left_2025_06_02_16_51_42_305.jpg,C:\myData\IMG\right_2025_06_02_16_51_42_305.jpg,0,0,0,14.32152
C:\myData\IMG\center_2025_06_02_16_51_42_487.jpg,C:\myData\IMG\left_2025_06_02_16_51_42_487.jpg,C:\myData\IMG\right_2025_06_02_16_51_42_487.jpg,0,0,0,14.05458
C:\myData\IMG\center_2025_06_02_16_51_42_682.jpg,C:\myData\IMG\left_2025_06_02_16_51_42_682.jpg,C:\myData\IMG\right_2025_06_02_16_51_42_682.jpg,0,0,0,13.76374
C:\myData\IMG\center_2025_06_02_16_51_42_868.jpg,C:\myData\IMG\left_2025_06_02_16_51_42_868.jpg,C:\myData\IMG\right_2025_06_02_16_51_42_868.jpg,0,0,0,13.50699
C:\myData\IMG\center_2025_06_02_16_51_43_062.jpg,C:\myData\IMG\left_2025_06_02_16_51_43_062.jpg,C:\myData\IMG\right_2025_06_02_16_51_43_062.jpg,0,0,0,13.25481
C:\myData\IMG\center_2025_06_02_16_51_43_252.jpg,C:\myData\IMG\left_2025_06_02_16_51_43_252.jpg,C:\myData\IMG\right_2025_06_02_16_51_43_252.jpg,0,0,0,12.97943
C:\myData\IMG\center_2025_06_02_16_51_43_436.jpg,C:\myData\IMG\left_2025_06_02_16_51_43_436.jpg,C:\myData\IMG\right_2025_06_02_16_51_43_436.jpg,0,0,0,12.73631
C:\myData\IMG\center_2025_06_02_16_51_43_634.jpg,C:\myData\IMG\left_2025_06_02_16_51_43_634.jpg,C:\myData\IMG\right_2025_06_02_16_51_43_634.jpg,0,0,0,12.47121
C:\myData\IMG\center_2025_06_02_16_51_43_827.jpg,C:\myData\IMG\left_2025_06_02_16_51_43_827.jpg,C:\myData\IMG\right_2025_06_02_16_51_43_827.jpg,0,0,0,12.21141
C:\myData\IMG\center_2025_06_02_16_51_44_011.jpg,C:\myData\IMG\left_2025_06_02_16_51_44_011.jpg,C:\myData\IMG\right_2025_06_02_16_51_44_011.jpg,0,0,0,11.98366
C:\myData\IMG\center_2025_06_02_16_51_44_213.jpg,C:\myData\IMG\left_2025_06_02_16_51_44_213.jpg,C:\myData\IMG\right_2025_06_02_16_51_44_213.jpg,0,0,0,11.72614
C:\myData\IMG\center_2025_06_02_16_51_44_408.jpg,C:\myData\IMG\left_2025_06_02_16_51_44_408.jpg,C:\myData\IMG\right_2025_06_02_16_51_44_408.jpg,0,0,0,11.50964
C:\myData\IMG\center_2025_06_02_16_51_44_595.jpg,C:\myData\IMG\left_2025_06_02_16_51_44_595.jpg,C:\myData\IMG\right_2025_06_02_16_51_44_595.jpg,0,0,0,11.18652
C:\myData\IMG\center_2025_06_02_16_51_44_800.jpg,C:\myData\IMG\left_2025_06_02_16_51_44_800.jpg,C:\myData\IMG\right_2025_06_02_16_51_44_800.jpg,0,0,0,11.12286
C:\myData\IMG\center_2025_06_02_16_51_44_982.jpg,C:\myData\IMG\left_2025_06_02_16_51_44_982.jpg,C:\myData\IMG\right_2025_06_02_16_51_44_982.jpg,0,0,0,10.92429
C:\myData\IMG\center_2025_06_02_16_51_45_073.jpg,C:\myData\IMG\left_2025_06_02_16_51_45_073.jpg,C:\myData\IMG\right_2025_06_02_16_51_45_073.jpg,0,0,0,10.72497
C:\myData\IMG\center_2025_06_02_16_51_45_272.jpg,C:\myData\IMG\left_2025_06_02_16_51_45_272.jpg,C:\myData\IMG\right_2025_06_02_16_51_45_272.jpg,-0.5000001,0,0,10.42556
C:\myData\IMG\center_2025_06_02_16_51_45_467.jpg,C:\myData\IMG\left_2025_06_02_16_51_45_467.jpg,C:\myData\IMG\right_2025_06_02_16_51_45_467.jpg,0,0,0,10.18577
C:\myData\IMG\center_2025_06_02_16_51_45_653.jpg,C:\myData\IMG\left_2025_06_02_16_51_45_653.jpg,C:\myData\IMG\right_2025_06_02_16_51_45_653.jpg,0,0,0,10.00232
C:\myData\IMG\center_2025_06_02_16_51_45_857.jpg,C:\myData\IMG\left_2025_06_02_16_51_45_857.jpg,C:\myData\IMG\right_2025_06_02_16_51_45_857.jpg,0,0,0,9.80253
C:\myData\IMG\center_2025_06_02_16_51_46_054.jpg,C:\myData\IMG\left_2025_06_02_16_51_46_054.jpg,C:\myData\IMG\right_2025_06_02_16_51_46_054.jpg,0,0,0,9.606749
C:\myData\IMG\center_2025_06_02_16_51_46_249.jpg,C:\myData\IMG\left_2025_06_02_16_51_46_249.jpg,C:\myData\IMG\right_2025_06_02_16_51_46_249.jpg,0,0,0,9.41486
C:\myData\IMG\center_2025_06_02_16_51_46_442.jpg,C:\myData\IMG\left_2025_06_02_16_51_46_442.jpg,C:\myData\IMG\right_2025_06_02_16_51_46_442.jpg,0,0,0,9.226806
C:\myData\IMG\center_2025_06_02_16_51_46_640.jpg,C:\myData\IMG\left_2025_06_02_16_51_46_640.jpg,C:\myData\IMG\right_2025_06_02_16_51_46_640.jpg,0,0,0,9.060768
C:\myData\IMG\center_2025_06_02_16_51_46_833.jpg,C:\myData\IMG\left_2025_06_02_16_51_46_833.jpg,C:\myData\IMG\right_2025_06_02_16_51_46_833.jpg,0,0,0,8.879803
C:\myData\IMG\center_2025_06_02_16_51_47_028.jpg,C:\myData\IMG\left_2025_06_02_16_51_47_028.jpg,C:\myData\IMG\right_2025_06_02_16_51_47_028.jpg,0,0,0,8.702449
C:\myData\IMG\center_2025_06_02_16_51_47_230.jpg,C:\myData\IMG\left_2025_06_02_16_51_47_230.jpg,C:\myData\IMG\right_2025_06_02_16_51_47_230.jpg,0,0,0,8.528637
C:\myData\IMG\center_2025_06_02_16_51_47_427.jpg,C:\myData\IMG\left_2025_06_02_16_51_47_427.jpg,C:\myData\IMG\right_2025_06_02_16_51_47_427.jpg,0,0,0,8.358294
C:\myData\IMG\center_2025_06_02_16_51_47_628.jpg,C:\myData\IMG\left_2025_06_02_16_51_47_628.jpg,C:\myData\IMG\right_2025_06_02_16_51_47_628.jpg,0,0,0,8.191357
C:\myData\IMG\center_2025_06_02_16_51_47_825.jpg,C:\myData\IMG\left_2025_06_02_16_51_47_825.jpg,C:\myData\IMG\right_2025_06_02_16_51_47_825.jpg,0,0,0,8.027757
C:\myData\IMG\center_2025_06_02_16_51_48_029.jpg,C:\myData\IMG\left_2025_06_02_16_51_48_029.jpg,C:\myData\IMG\right_2025_06_02_16_51_48_029.jpg,0,0,0,7.86742
C:\myData\IMG\center_2025_06_02_16_51_48_222.jpg,C:\myData\IMG\left_2025_06_02_16_51_48_222.jpg,C:\myData\IMG\right_2025_06_02_16_51_48_222.jpg,0,0,0,7.71029
C:\myData\IMG\center_2025_06_02_16_51_48_421.jpg,C:\myData\IMG\left_2025_06_02_16_51_48_421.jpg,C:\myData\IMG\right_2025_06_02_16_51_48_421.jpg,0,0,0,7.556342
C:\myData\IMG\center_2025_06_02_16_51_48_612.jpg,C:\myData\IMG\left_2025_06_02_16_51_48_612.jpg,C:\myData\IMG\right_2025_06_02_16_51_48_612.jpg,0,0,0,7.420376
C:\myData\IMG\center_2025_06_02_16_51_48_814.jpg,C:\myData\IMG\left_2025_06_02_16_51_48_814.jpg,C:\myData\IMG\right_2025_06_02_16_51_48_814.jpg,0,0,0,7.272175
C:\myData\IMG\center_2025_06_02_16_51_49_007.jpg,C:\myData\IMG\left_2025_06_02_16_51_49_007.jpg,C:\myData\IMG\right_2025_06_02_16_51_49_007.jpg,-0.5000001,0,0,7.068068
C:\myData\IMG\center_2025_06_02_16_51_49_210.jpg,C:\myData\IMG\left_2025_06_02_16_51_49_210.jpg,C:\myData\IMG\right_2025_06_02_16_51_49_210.jpg,0,0,0,6.899398
C:\myData\IMG\center_2025_06_02_16_51_49_410.jpg,C:\myData\IMG\left_2025_06_02_16_51_49_410.jpg,C:\myData\IMG\right_2025_06_02_16_51_49_410.jpg,0,0,0,6.7616
C:\myData\IMG\center_2025_06_02_16_51_49_606.jpg,C:\myData\IMG\left_2025_06_02_16_51_49_606.jpg,C:\myData\IMG\right_2025_06_02_16_51_49_606.jpg,0,0,0,6.626553
C:\myData\IMG\center_2025_06_02_16_51_49_799.jpg,C:\myData\IMG\left_2025_06_02_16_51_49_799.jpg,C:\myData\IMG\right_2025_06_02_16_51_49_799.jpg,0,0,0,6.507321
C:\myData\IMG\center_2025_06_02_16_51_49_993.jpg,C:\myData\IMG\left_2025_06_02_16_51_49_993.jpg,C:\myData\IMG\right_2025_06_02_16_51_49_993.jpg,0,0,0,6.377354
C:\myData\IMG\center_2025_06_02_16_51_50_185.jpg,C:\myData\IMG\left_2025_06_02_16_51_50_185.jpg,C:\myData\IMG\right_2025_06_02_16_51_50_185.jpg,0,0,0,6.249982
C:\myData\IMG\center_2025_06_02_16_51_50_386.jpg,C:\myData\IMG\left_2025_06_02_16_51_50_386.jpg,C:\myData\IMG\right_2025_06_02_16_51_50_386.jpg,0,0,0,6.125154
C:\myData\IMG\center_2025_06_02_16_51_50_582.jpg,C:\myData\IMG\left_2025_06_02_16_51_50_582.jpg,C:\myData\IMG\right_2025_06_02_16_51_50_582.jpg,0,0,0,6.00282
C:\myData\IMG\center_2025_06_02_16_51_50_777.jpg,C:\myData\IMG\left_2025_06_02_16_51_50_777.jpg,C:\myData\IMG\right_2025_06_02_16_51_50_777.jpg,0,0,0,5.894812
C:\myData\IMG\center_2025_06_02_16_51_50_972.jpg,C:\myData\IMG\left_2025_06_02_16_51_50_972.jpg,C:\myData\IMG\right_2025_06_02_16_51_50_972.jpg,0,0,0,5.77708
C:\myData\IMG\center_2025_06_02_16_51_51_161.jpg,C:\myData\IMG\left_2025_06_02_16_51_51_161.jpg,C:\myData\IMG\right_2025_06_02_16_51_51_161.jpg,-0.5000001,0,0,5.615152
C:\myData\IMG\center_2025_06_02_16_51_51_354.jpg,C:\myData\IMG\left_2025_06_02_16_51_51_354.jpg,C:\myData\IMG\right_2025_06_02_16_51_51_354.jpg,0,0,0,5.489803
C:\myData\IMG\center_2025_06_02_16_51_51_548.jpg,C:\myData\IMG\left_2025_06_02_16_51_51_548.jpg,C:\myData\IMG\right_2025_06_02_16_51_51_548.jpg,0,0,0,5.380139
C:\myData\IMG\center_2025_06_02_16_51_51_739.jpg,C:\myData\IMG\left_2025_06_02_16_51_51_739.jpg,C:\myData\IMG\right_2025_06_02_16_51_51_739.jpg,0,0,0,5.283331
C:\myData\IMG\center_2025_06_02_16_51_51_928.jpg,C:\myData\IMG\left_2025_06_02_16_51_51_928.jpg,C:\myData\IMG\right_2025_06_02_16_51_51_928.jpg,0,0,0,5.177335
C:\myData\IMG\center_2025_06_02_16_51_52_117.jpg,C:\myData\IMG\left_2025_06_02_16_51_52_117.jpg,C:\myData\IMG\right_2025_06_02_16_51_52_117.jpg,0,0,0,5.083473
C:\myData\IMG\center_2025_06_02_16_51_52_307.jpg,C:\myData\IMG\left_2025_06_02_16_51_52_307.jpg,C:\myData\IMG\right_2025_06_02_16_51_52_307.jpg,-0.5000001,0,0,4.942156
C:\myData\IMG\center_2025_06_02_16_51_52_489.jpg,C:\myData\IMG\left_2025_06_02_16_51_52_489.jpg,C:\myData\IMG\right_2025_06_02_16_51_52_489.jpg,-0.9500002,0,0,4.755004
C:\myData\IMG\center_2025_06_02_16_51_52_681.jpg,C:\myData\IMG\left_2025_06_02_16_51_52_681.jpg,C:\myData\IMG\right_2025_06_02_16_51_52_681.jpg,-1,0,0,4.590349
C:\myData\IMG\center_2025_06_02_16_51_52_874.jpg,C:\myData\IMG\left_2025_06_02_16_51_52_874.jpg,C:\myData\IMG\right_2025_06_02_16_51_52_874.jpg,0,0,0,4.378827
C:\myData\IMG\center_2025_06_02_16_51_53_060.jpg,C:\myData\IMG\left_2025_06_02_16_51_53_060.jpg,C:\myData\IMG\right_2025_06_02_16_51_53_060.jpg,0,0,0,4.291338
C:\myData\IMG\center_2025_06_02_16_51_53_246.jpg,C:\myData\IMG\left_2025_06_02_16_51_53_246.jpg,C:\myData\IMG\right_2025_06_02_16_51_53_246.jpg,0,0,0,4.21412
C:\myData\IMG\center_2025_06_02_16_51_53_431.jpg,C:\myData\IMG\left_2025_06_02_16_51_53_431.jpg,C:\myData\IMG\right_2025_06_02_16_51_53_431.jpg,0,0,0,4.138294
C:\myData\IMG\center_2025_06_02_16_51_53_616.jpg,C:\myData\IMG\left_2025_06_02_16_51_53_616.jpg,C:\myData\IMG\right_2025_06_02_16_51_53_616.jpg,0,0,0,4.06383
C:\myData\IMG\center_2025_06_02_16_51_53_804.jpg,C:\myData\IMG\left_2025_06_02_16_51_53_804.jpg,C:\myData\IMG\right_2025_06_02_16_51_53_804.jpg,0,0,0,3.982664
C:\myData\IMG\center_2025_06_02_16_51_53_996.jpg,C:\myData\IMG\left_2025_06_02_16_51_53_996.jpg,C:\myData\IMG\right_2025_06_02_16_51_53_996.jpg,0,0,0,3.911
C:\myData\IMG\center_2025_06_02_16_51_54_178.jpg,C:\myData\IMG\left_2025_06_02_16_51_54_178.jpg,C:\myData\IMG\right_2025_06_02_16_51_54_178.jpg,-0.45,0,0,3.815165
C:\myData\IMG\center_2025_06_02_16_51_54_366.jpg,C:\myData\IMG\left_2025_06_02_16_51_54_366.jpg,C:\myData\IMG\right_2025_06_02_16_51_54_366.jpg,-0.9500002,0,0,3.656666
C:\myData\IMG\center_2025_06_02_16_51_54_549.jpg,C:\myData\IMG\left_2025_06_02_16_51_54_549.jpg,C:\myData\IMG\right_2025_06_02_16_51_54_549.jpg,0,0,0,3.511204
C:\myData\IMG\center_2025_06_02_16_51_54_738.jpg,C:\myData\IMG\left_2025_06_02_16_51_54_738.jpg,C:\myData\IMG\right_2025_06_02_16_51_54_738.jpg,0,0,0,3.448018
C:\myData\IMG\center_2025_06_02_16_51_54_924.jpg,C:\myData\IMG\left_2025_06_02_16_51_54_924.jpg,C:\myData\IMG\right_2025_06_02_16_51_54_924.jpg,0,0,0,3.37915
C:\myData\IMG\center_2025_06_02_16_51_55_103.jpg,C:\myData\IMG\left_2025_06_02_16_51_55_103.jpg,C:\myData\IMG\right_2025_06_02_16_51_55_103.jpg,0,0,0,3.318346
C:\myData\IMG\center_2025_06_02_16_51_55_291.jpg,C:\myData\IMG\left_2025_06_02_16_51_55_291.jpg,C:\myData\IMG\right_2025_06_02_16_51_55_291.jpg,0,0.5652027,0,4.468648
C:\myData\IMG\center_2025_06_02_16_51_55_470.jpg,C:\myData\IMG\left_2025_06_02_16_51_55_470.jpg,C:\myData\IMG\right_2025_06_02_16_51_55_470.jpg,0,1,0,6.531322
C:\myData\IMG\center_2025_06_02_16_51_55_662.jpg,C:\myData\IMG\left_2025_06_02_16_51_55_662.jpg,C:\myData\IMG\right_2025_06_02_16_51_55_662.jpg,0,1,0,8.802674
C:\myData\IMG\center_2025_06_02_16_51_55_844.jpg,C:\myData\IMG\left_2025_06_02_16_51_55_844.jpg,C:\myData\IMG\right_2025_06_02_16_51_55_844.jpg,0,1,0,10.80912
C:\myData\IMG\center_2025_06_02_16_51_56_037.jpg,C:\myData\IMG\left_2025_06_02_16_51_56_037.jpg,C:\myData\IMG\right_2025_06_02_16_51_56_037.jpg,0,1,0,12.74866
C:\myData\IMG\center_2025_06_02_16_51_56_304.jpg,C:\myData\IMG\left_2025_06_02_16_51_56_304.jpg,C:\myData\IMG\right_2025_06_02_16_51_56_304.jpg,0,0.4646944,0,13.49098
C:\myData\IMG\center_2025_06_02_16_51_56_479.jpg,C:\myData\IMG\left_2025_06_02_16_51_56_479.jpg,C:\myData\IMG\right_2025_06_02_16_51_56_479.jpg,0,0,0,13.60721
C:\myData\IMG\center_2025_06_02_16_51_56_652.jpg,C:\myData\IMG\left_2025_06_02_16_51_56_652.jpg,C:\myData\IMG\right_2025_06_02_16_51_56_652.jpg,0,0,0,12.79752
C:\myData\IMG\center_2025_06_02_16_51_56_825.jpg,C:\myData\IMG\left_2025_06_02_16_51_56_825.jpg,C:\myData\IMG\right_2025_06_02_16_51_56_825.jpg,-0.45,0,0,13.0293
C:\myData\IMG\center_2025_06_02_16_51_56_997.jpg,C:\myData\IMG\left_2025_06_02_16_51_56_997.jpg,C:\myData\IMG\right_2025_06_02_16_51_56_997.jpg,0,0,0,12.85952
C:\myData\IMG\center_2025_06_02_16_51_57_169.jpg,C:\myData\IMG\left_2025_06_02_16_51_57_169.jpg,C:\myData\IMG\right_2025_06_02_16_51_57_169.jpg,0,0,0,12.13192
C:\myData\IMG\center_2025_06_02_16_51_57_334.jpg,C:\myData\IMG\left_2025_06_02_16_51_57_334.jpg,C:\myData\IMG\right_2025_06_02_16_51_57_334.jpg,0,0,0,11.97005
C:\myData\IMG\center_2025_06_02_16_51_57_503.jpg,C:\myData\IMG\left_2025_06_02_16_51_57_503.jpg,C:\myData\IMG\right_2025_06_02_16_51_57_503.jpg,0,0,0,12.00621
C:\myData\IMG\center_2025_06_02_16_51_57_674.jpg,C:\myData\IMG\left_2025_06_02_16_51_57_674.jpg,C:\myData\IMG\right_2025_06_02_16_51_57_674.jpg,0,0,0,11.81522
C:\myData\IMG\center_2025_06_02_16_51_57_857.jpg,C:\myData\IMG\left_2025_06_02_16_51_57_857.jpg,C:\myData\IMG\right_2025_06_02_16_51_57_857.jpg,-0.45,0,0,11.29474
C:\myData\IMG\center_2025_06_02_16_51_58_030.jpg,C:\myData\IMG\left_2025_06_02_16_51_58_030.jpg,C:\myData\IMG\right_2025_06_02_16_51_58_030.jpg,-0.9000002,0,0,11.05243
C:\myData\IMG\center_2025_06_02_16_51_58_127.jpg,C:\myData\IMG\left_2025_06_02_16_51_58_127.jpg,C:\myData\IMG\right_2025_06_02_16_51_58_127.jpg,-1,0,0,10.66836
C:\myData\IMG\center_2025_06_02_16_51_58_294.jpg,C:\myData\IMG\left_2025_06_02_16_51_58_294.jpg,C:\myData\IMG\right_2025_06_02_16_51_58_294.jpg,0,0,0,10.25512
C:\myData\IMG\center_2025_06_02_16_51_58_488.jpg,C:\myData\IMG\left_2025_06_02_16_51_58_488.jpg,C:\myData\IMG\right_2025_06_02_16_51_58_488.jpg,0,0,0,10.04083
C:\myData\IMG\center_2025_06_02_16_51_58_656.jpg,C:\myData\IMG\left_2025_06_02_16_51_58_656.jpg,C:\myData\IMG\right_2025_06_02_16_51_58_656.jpg,0,0,0,9.877166
C:\myData\IMG\center_2025_06_02_16_51_58_826.jpg,C:\myData\IMG\left_2025_06_02_16_51_58_826.jpg,C:\myData\IMG\right_2025_06_02_16_51_58_826.jpg,0,0,0,9.694095
C:\myData\IMG\center_2025_06_02_16_51_58_978.jpg,C:\myData\IMG\left_2025_06_02_16_51_58_978.jpg,C:\myData\IMG\right_2025_06_02_16_51_58_978.jpg,0,0,0,9.553552
C:\myData\IMG\center_2025_06_02_16_51_59_150.jpg,C:\myData\IMG\left_2025_06_02_16_51_59_150.jpg,C:\myData\IMG\right_2025_06_02_16_51_59_150.jpg,0,0,0,9.377449
C:\myData\IMG\center_2025_06_02_16_51_59_323.jpg,C:\myData\IMG\left_2025_06_02_16_51_59_323.jpg,C:\myData\IMG\right_2025_06_02_16_51_59_323.jpg,0,0,0,9.204943
C:\myData\IMG\center_2025_06_02_16_51_59_478.jpg,C:\myData\IMG\left_2025_06_02_16_51_59_478.jpg,C:\myData\IMG\right_2025_06_02_16_51_59_478.jpg,0,0,0,9.07289
C:\myData\IMG\center_2025_06_02_16_51_59_650.jpg,C:\myData\IMG\left_2025_06_02_16_51_59_650.jpg,C:\myData\IMG\right_2025_06_02_16_51_59_650.jpg,0,0,0,8.905791
C:\myData\IMG\center_2025_06_02_16_51_59_812.jpg,C:\myData\IMG\left_2025_06_02_16_51_59_812.jpg,C:\myData\IMG\right_2025_06_02_16_51_59_812.jpg,0,0,0,8.760754
C:\myData\IMG\center_2025_06_02_16_51_59_988.jpg,C:\myData\IMG\left_2025_06_02_16_51_59_988.jpg,C:\myData\IMG\right_2025_06_02_16_51_59_988.jpg,0,0,0,8.601003
C:\myData\IMG\center_2025_06_02_16_52_00_153.jpg,C:\myData\IMG\left_2025_06_02_16_52_00_153.jpg,C:\myData\IMG\right_2025_06_02_16_52_00_153.jpg,0,0,0,8.461417
C:\myData\IMG\center_2025_06_02_16_52_00_336.jpg,C:\myData\IMG\left_2025_06_02_16_52_00_336.jpg,C:\myData\IMG\right_2025_06_02_16_52_00_336.jpg,0,0,0,8.308822
C:\myData\IMG\center_2025_06_02_16_52_00_500.jpg,C:\myData\IMG\left_2025_06_02_16_52_00_500.jpg,C:\myData\IMG\right_2025_06_02_16_52_00_500.jpg,-0.45,0,0,8.101798
C:\myData\IMG\center_2025_06_02_16_52_00_673.jpg,C:\myData\IMG\left_2025_06_02_16_52_00_673.jpg,C:\myData\IMG\right_2025_06_02_16_52_00_673.jpg,0,0,0,7.950503
C:\myData\IMG\center_2025_06_02_16_52_00_831.jpg,C:\myData\IMG\left_2025_06_02_16_52_00_831.jpg,C:\myData\IMG\right_2025_06_02_16_52_00_831.jpg,0,0,0,7.822711
C:\myData\IMG\center_2025_06_02_16_52_01_010.jpg,C:\myData\IMG\left_2025_06_02_16_52_01_010.jpg,C:\myData\IMG\right_2025_06_02_16_52_01_010.jpg,0,0,0,7.68163
C:\myData\IMG\center_2025_06_02_16_52_01_178.jpg,C:\myData\IMG\left_2025_06_02_16_52_01_178.jpg,C:\myData\IMG\right_2025_06_02_16_52_01_178.jpg,0,0,0,7.559861
C:\myData\IMG\center_2025_06_02_16_52_01_351.jpg,C:\myData\IMG\left_2025_06_02_16_52_01_351.jpg,C:\myData\IMG\right_2025_06_02_16_52_01_351.jpg,0,0,0,7.42531
C:\myData\IMG\center_2025_06_02_16_52_01_521.jpg,C:\myData\IMG\left_2025_06_02_16_52_01_521.jpg,C:\myData\IMG\right_2025_06_02_16_52_01_521.jpg,-0.4,0,0,7.267193
C:\myData\IMG\center_2025_06_02_16_52_01_688.jpg,C:\myData\IMG\left_2025_06_02_16_52_01_688.jpg,C:\myData\IMG\right_2025_06_02_16_52_01_688.jpg,-0.8500001,0,0,7.004189
C:\myData\IMG\center_2025_06_02_16_52_01_858.jpg,C:\myData\IMG\left_2025_06_02_16_52_01_858.jpg,C:\myData\IMG\right_2025_06_02_16_52_01_858.jpg,-1,0,0,6.767121
C:\myData\IMG\center_2025_06_02_16_52_02_024.jpg,C:\myData\IMG\left_2025_06_02_16_52_02_024.jpg,C:\myData\IMG\right_2025_06_02_16_52_02_024.jpg,-1,0,0,6.589844
C:\myData\IMG\center_2025_06_02_16_52_02_192.jpg,C:\myData\IMG\left_2025_06_02_16_52_02_192.jpg,C:\myData\IMG\right_2025_06_02_16_52_02_192.jpg,0,0,0,6.305679
C:\myData\IMG\center_2025_06_02_16_52_02_362.jpg,C:\myData\IMG\left_2025_06_02_16_52_02_362.jpg,C:\myData\IMG\right_2025_06_02_16_52_02_362.jpg,0,0,0,6.188547
C:\myData\IMG\center_2025_06_02_16_52_02_541.jpg,C:\myData\IMG\left_2025_06_02_16_52_02_541.jpg,C:\myData\IMG\right_2025_06_02_16_52_02_541.jpg,0,0,0,6.075195
C:\myData\IMG\center_2025_06_02_16_52_02_710.jpg,C:\myData\IMG\left_2025_06_02_16_52_02_710.jpg,C:\myData\IMG\right_2025_06_02_16_52_02_710.jpg,0,0,0,5.977011
C:\myData\IMG\center_2025_06_02_16_52_02_880.jpg,C:\myData\IMG\left_2025_06_02_16_52_02_880.jpg,C:\myData\IMG\right_2025_06_02_16_52_02_880.jpg,0,0,0,5.868983
C:\myData\IMG\center_2025_06_02_16_52_03_039.jpg,C:\myData\IMG\left_2025_06_02_16_52_03_039.jpg,C:\myData\IMG\right_2025_06_02_16_52_03_039.jpg,0,0,0,5.787977
C:\myData\IMG\center_2025_06_02_16_52_03_212.jpg,C:\myData\IMG\left_2025_06_02_16_52_03_212.jpg,C:\myData\IMG\right_2025_06_02_16_52_03_212.jpg,0,0,0,5.685736
C:\myData\IMG\center_2025_06_02_16_52_03_380.jpg,C:\myData\IMG\left_2025_06_02_16_52_03_380.jpg,C:\myData\IMG\right_2025_06_02_16_52_03_380.jpg,0,0,0,5.585306
C:\myData\IMG\center_2025_06_02_16_52_03_550.jpg,C:\myData\IMG\left_2025_06_02_16_52_03_550.jpg,C:\myData\IMG\right_2025_06_02_16_52_03_550.jpg,0,0,0,5.49753
C:\myData\IMG\center_2025_06_02_16_52_03_707.jpg,C:\myData\IMG\left_2025_06_02_16_52_03_707.jpg,C:\myData\IMG\right_2025_06_02_16_52_03_707.jpg,-0.4,0,0,5.379714
C:\myData\IMG\center_2025_06_02_16_52_03_886.jpg,C:\myData\IMG\left_2025_06_02_16_52_03_886.jpg,C:\myData\IMG\right_2025_06_02_16_52_03_886.jpg,-0.8500001,0,0,5.184785
C:\myData\IMG\center_2025_06_02_16_52_04_052.jpg,C:\myData\IMG\left_2025_06_02_16_52_04_052.jpg,C:\myData\IMG\right_2025_06_02_16_52_04_052.jpg,0,0,0,5.0226
C:\myData\IMG\center_2025_06_02_16_52_04_223.jpg,C:\myData\IMG\left_2025_06_02_16_52_04_223.jpg,C:\myData\IMG\right_2025_06_02_16_52_04_223.jpg,0,0,0,4.934538
C:\myData\IMG\center_2025_06_02_16_52_04_390.jpg,C:\myData\IMG\left_2025_06_02_16_52_04_390.jpg,C:\myData\IMG\right_2025_06_02_16_52_04_390.jpg,0,0,0,4.857754
C:\myData\IMG\center_2025_06_02_16_52_04_566.jpg,C:\myData\IMG\left_2025_06_02_16_52_04_566.jpg,C:\myData\IMG\right_2025_06_02_16_52_04_566.jpg,0,0,0,4.774381
C:\myData\IMG\center_2025_06_02_16_52_04_738.jpg,C:\myData\IMG\left_2025_06_02_16_52_04_738.jpg,C:\myData\IMG\right_2025_06_02_16_52_04_738.jpg,0,0,0,4.702482
C:\myData\IMG\center_2025_06_02_16_52_04_908.jpg,C:\myData\IMG\left_2025_06_02_16_52_04_908.jpg,C:\myData\IMG\right_2025_06_02_16_52_04_908.jpg,0,0,0,4.623268
C:\myData\IMG\center_2025_06_02_16_52_05_071.jpg,C:\myData\IMG\left_2025_06_02_16_52_05_071.jpg,C:\myData\IMG\right_2025_06_02_16_52_05_071.jpg,-0.4,0,0,4.527268
C:\myData\IMG\center_2025_06_02_16_52_05_247.jpg,C:\myData\IMG\left_2025_06_02_16_52_05_247.jpg,C:\myData\IMG\right_2025_06_02_16_52_05_247.jpg,-0.8500001,0,0,4.366553
C:\myData\IMG\center_2025_06_02_16_52_05_418.jpg,C:\myData\IMG\left_2025_06_02_16_52_05_418.jpg,C:\myData\IMG\right_2025_06_02_16_52_05_418.jpg,-1,0,0,4.2181
C:\myData\IMG\center_2025_06_02_16_52_05_585.jpg,C:\myData\IMG\left_2025_06_02_16_52_05_585.jpg,C:\myData\IMG\right_2025_06_02_16_52_05_585.jpg,-1,0,0,4.099121
C:\myData\IMG\center_2025_06_02_16_52_05_759.jpg,C:\myData\IMG\left_2025_06_02_16_52_05_759.jpg,C:\myData\IMG\right_2025_06_02_16_52_05_759.jpg,0,0,0,3.919836
C:\myData\IMG\center_2025_06_02_16_52_05_931.jpg,C:\myData\IMG\left_2025_06_02_16_52_05_931.jpg,C:\myData\IMG\right_2025_06_02_16_52_05_931.jpg,0,0,0,3.85024
C:\myData\IMG\center_2025_06_02_16_52_06_110.jpg,C:\myData\IMG\left_2025_06_02_16_52_06_110.jpg,C:\myData\IMG\right_2025_06_02_16_52_06_110.jpg,0,0,0,3.783215
C:\myData\IMG\center_2025_06_02_16_52_06_272.jpg,C:\myData\IMG\left_2025_06_02_16_52_06_272.jpg,C:\myData\IMG\right_2025_06_02_16_52_06_272.jpg,0,0,0,3.725603
C:\myData\IMG\center_2025_06_02_16_52_06_447.jpg,C:\myData\IMG\left_2025_06_02_16_52_06_447.jpg,C:\myData\IMG\right_2025_06_02_16_52_06_447.jpg,0,0,0,3.661894
C:\myData\IMG\center_2025_06_02_16_52_06_617.jpg,C:\myData\IMG\left_2025_06_02_16_52_06_617.jpg,C:\myData\IMG\right_2025_06_02_16_52_06_617.jpg,0,0,0,3.607206
C:\myData\IMG\center_2025_06_02_16_52_06_789.jpg,C:\myData\IMG\left_2025_06_02_16_52_06_789.jpg,C:\myData\IMG\right_2025_06_02_16_52_06_789.jpg,0,0,0,3.547797
C:\myData\IMG\center_2025_06_02_16_52_06_962.jpg,C:\myData\IMG\left_2025_06_02_16_52_06_962.jpg,C:\myData\IMG\right_2025_06_02_16_52_06_962.jpg,-0.45,0,0,3.464069
C:\myData\IMG\center_2025_06_02_16_52_07_132.jpg,C:\myData\IMG\left_2025_06_02_16_52_07_132.jpg,C:\myData\IMG\right_2025_06_02_16_52_07_132.jpg,-0.8500001,0,0,3.353072
C:\myData\IMG\center_2025_06_02_16_52_07_300.jpg,C:\myData\IMG\left_2025_06_02_16_52_07_300.jpg,C:\myData\IMG\right_2025_06_02_16_52_07_300.jpg,-1,0,0,3.226794
C:\myData\IMG\center_2025_06_02_16_52_07_480.jpg,C:\myData\IMG\left_2025_06_02_16_52_07_480.jpg,C:\myData\IMG\right_2025_06_02_16_52_07_480.jpg,-1,0,0,3.141738
C:\myData\IMG\center_2025_06_02_16_52_07_648.jpg,C:\myData\IMG\left_2025_06_02_16_52_07_648.jpg,C:\myData\IMG\right_2025_06_02_16_52_07_648.jpg,-1,0,0,3.047246
C:\myData\IMG\center_2025_06_02_16_52_07_824.jpg,C:\myData\IMG\left_2025_06_02_16_52_07_824.jpg,C:\myData\IMG\right_2025_06_02_16_52_07_824.jpg,0,0,0,2.908208
C:\myData\IMG\center_2025_06_02_16_52_08_004.jpg,C:\myData\IMG\left_2025_06_02_16_52_08_004.jpg,C:\myData\IMG\right_2025_06_02_16_52_08_004.jpg,0,0,0,2.857478
C:\myData\IMG\center_2025_06_02_16_52_08_175.jpg,C:\myData\IMG\left_2025_06_02_16_52_08_175.jpg,C:\myData\IMG\right_2025_06_02_16_52_08_175.jpg,0,0,0,2.813092
C:\myData\IMG\center_2025_06_02_16_52_08_343.jpg,C:\myData\IMG\left_2025_06_02_16_52_08_343.jpg,C:\myData\IMG\right_2025_06_02_16_52_08_343.jpg,0,0,0,2.76397
C:\myData\IMG\center_2025_06_02_16_52_08_514.jpg,C:\myData\IMG\left_2025_06_02_16_52_08_514.jpg,C:\myData\IMG\right_2025_06_02_16_52_08_514.jpg,0,0,0,2.721043
C:\myData\IMG\center_2025_06_02_16_52_08_695.jpg,C:\myData\IMG\left_2025_06_02_16_52_08_695.jpg,C:\myData\IMG\right_2025_06_02_16_52_08_695.jpg,0,0,0,2.673567
C:\myData\IMG\center_2025_06_02_16_52_08_854.jpg,C:\myData\IMG\left_2025_06_02_16_52_08_854.jpg,C:\myData\IMG\right_2025_06_02_16_52_08_854.jpg,-0.4,0,0,2.617492
C:\myData\IMG\center_2025_06_02_16_52_09_033.jpg,C:\myData\IMG\left_2025_06_02_16_52_09_033.jpg,C:\myData\IMG\right_2025_06_02_16_52_09_033.jpg,-0.8500001,0,0,2.523191
C:\myData\IMG\center_2025_06_02_16_52_09_201.jpg,C:\myData\IMG\left_2025_06_02_16_52_09_201.jpg,C:\myData\IMG\right_2025_06_02_16_52_09_201.jpg,-1,0,0,2.423313
C:\myData\IMG\center_2025_06_02_16_52_09_379.jpg,C:\myData\IMG\left_2025_06_02_16_52_09_379.jpg,C:\myData\IMG\right_2025_06_02_16_52_09_379.jpg,-1,0,0,2.353552
C:\myData\IMG\center_2025_06_02_16_52_09_548.jpg,C:\myData\IMG\left_2025_06_02_16_52_09_548.jpg,C:\myData\IMG\right_2025_06_02_16_52_09_548.jpg,0,0,0,2.245941
C:\myData\IMG\center_2025_06_02_16_52_09_727.jpg,C:\myData\IMG\left_2025_06_02_16_52_09_727.jpg,C:\myData\IMG\right_2025_06_02_16_52_09_727.jpg,0,0,0,2.207468
C:\myData\IMG\center_2025_06_02_16_52_09_897.jpg,C:\myData\IMG\left_2025_06_02_16_52_09_897.jpg,C:\myData\IMG\right_2025_06_02_16_52_09_897.jpg,0,0,0,2.174996
C:\myData\IMG\center_2025_06_02_16_52_10_070.jpg,C:\myData\IMG\left_2025_06_02_16_52_10_070.jpg,C:\myData\IMG\right_2025_06_02_16_52_10_070.jpg,0,0.5176374,0,3.26151
C:\myData\IMG\center_2025_06_02_16_52_10_239.jpg,C:\myData\IMG\left_2025_06_02_16_52_10_239.jpg,C:\myData\IMG\right_2025_06_02_16_52_10_239.jpg,0,1,0,5.111434
C:\myData\IMG\center_2025_06_02_16_52_10_391.jpg,C:\myData\IMG\left_2025_06_02_16_52_10_391.jpg,C:\myData\IMG\right_2025_06_02_16_52_10_391.jpg,0,1,0,6.957345
C:\myData\IMG\center_2025_06_02_16_52_10_579.jpg,C:\myData\IMG\left_2025_06_02_16_52_10_579.jpg,C:\myData\IMG\right_2025_06_02_16_52_10_579.jpg,0,1,0,9.224485
C:\myData\IMG\center_2025_06_02_16_52_10_728.jpg,C:\myData\IMG\left_2025_06_02_16_52_10_728.jpg,C:\myData\IMG\right_2025_06_02_16_52_10_728.jpg,0,1,0,10.78506
C:\myData\IMG\center_2025_06_02_16_52_10_916.jpg,C:\myData\IMG\left_2025_06_02_16_52_10_916.jpg,C:\myData\IMG\right_2025_06_02_16_52_10_916.jpg,0,1,0,12.72999
C:\myData\IMG\center_2025_06_02_16_52_11_162.jpg,C:\myData\IMG\left_2025_06_02_16_52_11_162.jpg,C:\myData\IMG\right_2025_06_02_16_52_11_162.jpg,0,0.5069728,0,13.44087
C:\myData\IMG\center_2025_06_02_16_52_11_342.jpg,C:\myData\IMG\left_2025_06_02_16_52_11_342.jpg,C:\myData\IMG\right_2025_06_02_16_52_11_342.jpg,-0.4,0,0,13.11433
C:\myData\IMG\center_2025_06_02_16_52_11_493.jpg,C:\myData\IMG\left_2025_06_02_16_52_11_493.jpg,C:\myData\IMG\right_2025_06_02_16_52_11_493.jpg,-0.8000001,0,0,12.70649
C:\myData\IMG\center_2025_06_02_16_52_11_669.jpg,C:\myData\IMG\left_2025_06_02_16_52_11_669.jpg,C:\myData\IMG\right_2025_06_02_16_52_11_669.jpg,-1,0,0,12.71801
C:\myData\IMG\center_2025_06_02_16_52_11_837.jpg,C:\myData\IMG\left_2025_06_02_16_52_11_837.jpg,C:\myData\IMG\right_2025_06_02_16_52_11_837.jpg,0,0,0,12.32869
C:\myData\IMG\center_2025_06_02_16_52_12_008.jpg,C:\myData\IMG\left_2025_06_02_16_52_12_008.jpg,C:\myData\IMG\right_2025_06_02_16_52_12_008.jpg,0,0,0,11.61401
C:\myData\IMG\center_2025_06_02_16_52_12_180.jpg,C:\myData\IMG\left_2025_06_02_16_52_12_180.jpg,C:\myData\IMG\right_2025_06_02_16_52_12_180.jpg,0,0,0,11.88102
C:\myData\IMG\center_2025_06_02_16_52_12_356.jpg,C:\myData\IMG\left_2025_06_02_16_52_12_356.jpg,C:\myData\IMG\right_2025_06_02_16_52_12_356.jpg,0,0,0,11.47258
C:\myData\IMG\center_2025_06_02_16_52_12_580.jpg,C:\myData\IMG\left_2025_06_02_16_52_12_580.jpg,C:\myData\IMG\right_2025_06_02_16_52_12_580.jpg,0,0,0,11.27894
C:\myData\IMG\center_2025_06_02_16_52_12_697.jpg,C:\myData\IMG\left_2025_06_02_16_52_12_697.jpg,C:\myData\IMG\right_2025_06_02_16_52_12_697.jpg,0,0,0,11.08235
C:\myData\IMG\center_2025_06_02_16_52_12_786.jpg,C:\myData\IMG\left_2025_06_02_16_52_12_786.jpg,C:\myData\IMG\right_2025_06_02_16_52_12_786.jpg,0,0,0,10.90624
C:\myData\IMG\center_2025_06_02_16_52_12_962.jpg,C:\myData\IMG\left_2025_06_02_16_52_12_962.jpg,C:\myData\IMG\right_2025_06_02_16_52_12_962.jpg,-0.45,0,0,10.64004
C:\myData\IMG\center_2025_06_02_16_52_13_133.jpg,C:\myData\IMG\left_2025_06_02_16_52_13_133.jpg,C:\myData\IMG\right_2025_06_02_16_52_13_133.jpg,-0.8500001,0,0,10.28829
C:\myData\IMG\center_2025_06_02_16_52_13_307.jpg,C:\myData\IMG\left_2025_06_02_16_52_13_307.jpg,C:\myData\IMG\right_2025_06_02_16_52_13_307.jpg,-1,0,0,9.911009
C:\myData\IMG\center_2025_06_02_16_52_13_483.jpg,C:\myData\IMG\left_2025_06_02_16_52_13_483.jpg,C:\myData\IMG\right_2025_06_02_16_52_13_483.jpg,0,0,0,9.502579
C:\myData\IMG\center_2025_06_02_16_52_13_663.jpg,C:\myData\IMG\left_2025_06_02_16_52_13_663.jpg,C:\myData\IMG\right_2025_06_02_16_52_13_663.jpg,0,0,0,9.328527
C:\myData\IMG\center_2025_06_02_16_52_13_841.jpg,C:\myData\IMG\left_2025_06_02_16_52_13_841.jpg,C:\myData\IMG\right_2025_06_02_16_52_13_841.jpg,0,0,0,9.159758
C:\myData\IMG\center_2025_06_02_16_52_14_023.jpg,C:\myData\IMG\left_2025_06_02_16_52_14_023.jpg,C:\myData\IMG\right_2025_06_02_16_52_14_023.jpg,0,0,0,8.994687
C:\myData\IMG\center_2025_06_02_16_52_14_216.jpg,C:\myData\IMG\left_2025_06_02_16_52_14_216.jpg,C:\myData\IMG\right_2025_06_02_16_52_14_216.jpg,0,0,0,8.833044
C:\myData\IMG\center_2025_06_02_16_52_14_402.jpg,C:\myData\IMG\left_2025_06_02_16_52_14_402.jpg,C:\myData\IMG\right_2025_06_02_16_52_14_402.jpg,0,0,0,8.656673
C:\myData\IMG\center_2025_06_02_16_52_14_589.jpg,C:\myData\IMG\left_2025_06_02_16_52_14_589.jpg,C:\myData\IMG\right_2025_06_02_16_52_14_589.jpg,-0.45,0,0,8.440976
C:\myData\IMG\center_2025_06_02_16_52_14_768.jpg,C:\myData\IMG\left_2025_06_02_16_52_14_768.jpg,C:\myData\IMG\right_2025_06_02_16_52_14_768.jpg,-0.9000002,0,0,8.118443
C:\myData\IMG\center_2025_06_02_16_52_14_949.jpg,C:\myData\IMG\left_2025_06_02_16_52_14_949.jpg,C:\myData\IMG\right_2025_06_02_16_52_14_949.jpg,-1,0,0,7.832249
C:\myData\IMG\center_2025_06_02_16_52_15_131.jpg,C:\myData\IMG\left_2025_06_02_16_52_15_131.jpg,C:\myData\IMG\right_2025_06_02_16_52_15_131.jpg,0,0,0,7.489074
C:\myData\IMG\center_2025_06_02_16_52_15_321.jpg,C:\myData\IMG\left_2025_06_02_16_52_15_321.jpg,C:\myData\IMG\right_2025_06_02_16_52_15_321.jpg,0,0,0,7.333433
C:\myData\IMG\center_2025_06_02_16_52_15_503.jpg,C:\myData\IMG\left_2025_06_02_16_52_15_503.jpg,C:\myData\IMG\right_2025_06_02_16_52_15_503.jpg,0,0,0,7.196825
C:\myData\IMG\center_2025_06_02_16_52_15_699.jpg,C:\myData\IMG\left_2025_06_02_16_52_15_699.jpg,C:\myData\IMG\right_2025_06_02_16_52_15_699.jpg,0,0,0,7.063436
C:\myData\IMG\center_2025_06_02_16_52_15_875.jpg,C:\myData\IMG\left_2025_06_02_16_52_15_875.jpg,C:\myData\IMG\right_2025_06_02_16_52_15_875.jpg,0,0,0,6.932429
C:\myData\IMG\center_2025_06_02_16_52_16_069.jpg,C:\myData\IMG\left_2025_06_02_16_52_16_069.jpg,C:\myData\IMG\right_2025_06_02_16_52_16_069.jpg,0,0,0,6.789618
C:\myData\IMG\center_2025_06_02_16_52_16_259.jpg,C:\myData\IMG\left_2025_06_02_16_52_16_259.jpg,C:\myData\IMG\right_2025_06_02_16_52_16_259.jpg,0,0,0,6.663519
C:\myData\IMG\center_2025_06_02_16_52_16_441.jpg,C:\myData\IMG\left_2025_06_02_16_52_16_441.jpg,C:\myData\IMG\right_2025_06_02_16_52_16_441.jpg,0,0.5434791,0,7.805312
C:\myData\IMG\center_2025_06_02_16_52_16_636.jpg,C:\myData\IMG\left_2025_06_02_16_52_16_636.jpg,C:\myData\IMG\right_2025_06_02_16_52_16_636.jpg,0,1,0,9.795371
C:\myData\IMG\center_2025_06_02_16_52_16_837.jpg,C:\myData\IMG\left_2025_06_02_16_52_16_837.jpg,C:\myData\IMG\right_2025_06_02_16_52_16_837.jpg,0,1,0,12.1299
C:\myData\IMG\center_2025_06_02_16_52_17_024.jpg,C:\myData\IMG\left_2025_06_02_16_52_17_024.jpg,C:\myData\IMG\right_2025_06_02_16_52_17_024.jpg,0,1,0,14.17052
C:\myData\IMG\center_2025_06_02_16_52_17_292.jpg,C:\myData\IMG\left_2025_06_02_16_52_17_292.jpg,C:\myData\IMG\right_2025_06_02_16_52_17_292.jpg,0,1,0,16.03294
C:\myData\IMG\center_2025_06_02_16_52_17_480.jpg,C:\myData\IMG\left_2025_06_02_16_52_17_480.jpg,C:\myData\IMG\right_2025_06_02_16_52_17_480.jpg,0,0.4117867,0,16.66877
C:\myData\IMG\center_2025_06_02_16_52_17_662.jpg,C:\myData\IMG\left_2025_06_02_16_52_17_662.jpg,C:\myData\IMG\right_2025_06_02_16_52_17_662.jpg,0,0,0,16.60737
C:\myData\IMG\center_2025_06_02_16_52_17_781.jpg,C:\myData\IMG\left_2025_06_02_16_52_17_781.jpg,C:\myData\IMG\right_2025_06_02_16_52_17_781.jpg,0.45,0,0,15.99472
C:\myData\IMG\center_2025_06_02_16_52_17_953.jpg,C:\myData\IMG\left_2025_06_02_16_52_17_953.jpg,C:\myData\IMG\right_2025_06_02_16_52_17_953.jpg,0,0,0,15.89975
C:\myData\IMG\center_2025_06_02_16_52_18_136.jpg,C:\myData\IMG\left_2025_06_02_16_52_18_136.jpg,C:\myData\IMG\right_2025_06_02_16_52_18_136.jpg,0,0,0,15.37407
C:\myData\IMG\center_2025_06_02_16_52_18_380.jpg,C:\myData\IMG\left_2025_06_02_16_52_18_380.jpg,C:\myData\IMG\right_2025_06_02_16_52_18_380.jpg,0,0,0,15.33241
C:\myData\IMG\center_2025_06_02_16_52_18_557.jpg,C:\myData\IMG\left_2025_06_02_16_52_18_557.jpg,C:\myData\IMG\right_2025_06_02_16_52_18_557.jpg,0,0,0,14.81932
C:\myData\IMG\center_2025_06_02_16_52_18_725.jpg,C:\myData\IMG\left_2025_06_02_16_52_18_725.jpg,C:\myData\IMG\right_2025_06_02_16_52_18_725.jpg,0,0,0,14.61727
C:\myData\IMG\center_2025_06_02_16_52_18_891.jpg,C:\myData\IMG\left_2025_06_02_16_52_18_891.jpg,C:\myData\IMG\right_2025_06_02_16_52_18_891.jpg,0,0,0,14.56697
C:\myData\IMG\center_2025_06_02_16_52_19_058.jpg,C:\myData\IMG\left_2025_06_02_16_52_19_058.jpg,C:\myData\IMG\right_2025_06_02_16_52_19_058.jpg,0,0,0,14.32967
C:\myData\IMG\center_2025_06_02_16_52_19_223.jpg,C:\myData\IMG\left_2025_06_02_16_52_19_223.jpg,C:\myData\IMG\right_2025_06_02_16_52_19_223.jpg,0,0,0,13.93149
C:\myData\IMG\center_2025_06_02_16_52_19_410.jpg,C:\myData\IMG\left_2025_06_02_16_52_19_410.jpg,C:\myData\IMG\right_2025_06_02_16_52_19_410.jpg,0,0,0,13.59305
C:\myData\IMG\center_2025_06_02_16_52_19_596.jpg,C:\myData\IMG\left_2025_06_02_16_52_19_596.jpg,C:\myData\IMG\right_2025_06_02_16_52_19_596.jpg,0,0,0,13.34512
C:\myData\IMG\center_2025_06_02_16_52_19_782.jpg,C:\myData\IMG\left_2025_06_02_16_52_19_782.jpg,C:\myData\IMG\right_2025_06_02_16_52_19_782.jpg,0,0,0,13.07889
C:\myData\IMG\center_2025_06_02_16_52_19_964.jpg,C:\myData\IMG\left_2025_06_02_16_52_19_964.jpg,C:\myData\IMG\right_2025_06_02_16_52_19_964.jpg,0,0,0,13.09093
C:\myData\IMG\center_2025_06_02_16_52_20_140.jpg,C:\myData\IMG\left_2025_06_02_16_52_20_140.jpg,C:\myData\IMG\right_2025_06_02_16_52_20_140.jpg,0,0,0,12.82939
C:\myData\IMG\center_2025_06_02_16_52_20_311.jpg,C:\myData\IMG\left_2025_06_02_16_52_20_311.jpg,C:\myData\IMG\right_2025_06_02_16_52_20_311.jpg,0,0,0,12.6249
C:\myData\IMG\center_2025_06_02_16_52_20_487.jpg,C:\myData\IMG\left_2025_06_02_16_52_20_487.jpg,C:\myData\IMG\right_2025_06_02_16_52_20_487.jpg,0,0,0,12.15677
C:\myData\IMG\center_2025_06_02_16_52_20_678.jpg,C:\myData\IMG\left_2025_06_02_16_52_20_678.jpg,C:\myData\IMG\right_2025_06_02_16_52_20_678.jpg,0,0,0,12.1812
C:\myData\IMG\center_2025_06_02_16_52_20_842.jpg,C:\myData\IMG\left_2025_06_02_16_52_20_842.jpg,C:\myData\IMG\right_2025_06_02_16_52_20_842.jpg,0,0,0,11.72885
C:\myData\IMG\center_2025_06_02_16_52_21_021.jpg,C:\myData\IMG\left_2025_06_02_16_52_21_021.jpg,C:\myData\IMG\right_2025_06_02_16_52_21_021.jpg,0,0.4699575,0,12.37825
C:\myData\IMG\center_2025_06_02_16_52_21_202.jpg,C:\myData\IMG\left_2025_06_02_16_52_21_202.jpg,C:\myData\IMG\right_2025_06_02_16_52_21_202.jpg,0,0,0,12.67888
C:\myData\IMG\center_2025_06_02_16_52_21_386.jpg,C:\myData\IMG\left_2025_06_02_16_52_21_386.jpg,C:\myData\IMG\right_2025_06_02_16_52_21_386.jpg,0,0.4517538,0,12.7948
C:\myData\IMG\center_2025_06_02_16_52_21_570.jpg,C:\myData\IMG\left_2025_06_02_16_52_21_570.jpg,C:\myData\IMG\right_2025_06_02_16_52_21_570.jpg,0,0.9859491,0,14.84054
C:\myData\IMG\center_2025_06_02_16_52_21_760.jpg,C:\myData\IMG\left_2025_06_02_16_52_21_760.jpg,C:\myData\IMG\right_2025_06_02_16_52_21_760.jpg,0,0.3985269,0,15.55092
C:\myData\IMG\center_2025_06_02_16_52_21_942.jpg,C:\myData\IMG\left_2025_06_02_16_52_21_942.jpg,C:\myData\IMG\right_2025_06_02_16_52_21_942.jpg,0,0,0,15.27337
C:\myData\IMG\center_2025_06_02_16_52_22_126.jpg,C:\myData\IMG\left_2025_06_02_16_52_22_126.jpg,C:\myData\IMG\right_2025_06_02_16_52_22_126.jpg,0,0,0,14.97596
C:\myData\IMG\center_2025_06_02_16_52_22_309.jpg,C:\myData\IMG\left_2025_06_02_16_52_22_309.jpg,C:\myData\IMG\right_2025_06_02_16_52_22_309.jpg,0,0,0,14.70632
C:\myData\IMG\center_2025_06_02_16_52_22_480.jpg,C:\myData\IMG\left_2025_06_02_16_52_22_480.jpg,C:\myData\IMG\right_2025_06_02_16_52_22_480.jpg,0,0,0,14.47336
C:\myData\IMG\center_2025_06_02_16_52_22_657.jpg,C:\myData\IMG\left_2025_06_02_16_52_22_657.jpg,C:\myData\IMG\right_2025_06_02_16_52_22_657.jpg,-0.4,0,0,14.17648
C:\myData\IMG\center_2025_06_02_16_52_22_841.jpg,C:\myData\IMG\left_2025_06_02_16_52_22_841.jpg,C:\myData\IMG\right_2025_06_02_16_52_22_841.jpg,0,0,0,13.88444
C:\myData\IMG\center_2025_06_02_16_52_23_017.jpg,C:\myData\IMG\left_2025_06_02_16_52_23_017.jpg,C:\myData\IMG\right_2025_06_02_16_52_23_017.jpg,0,0,0,13.48596
C:\myData\IMG\center_2025_06_02_16_52_23_196.jpg,C:\myData\IMG\left_2025_06_02_16_52_23_196.jpg,C:\myData\IMG\right_2025_06_02_16_52_23_196.jpg,0,0,0,13.30202
C:\myData\IMG\center_2025_06_02_16_52_23_366.jpg,C:\myData\IMG\left_2025_06_02_16_52_23_366.jpg,C:\myData\IMG\right_2025_06_02_16_52_23_366.jpg,0,0,0,13.00319
C:\myData\IMG\center_2025_06_02_16_52_23_534.jpg,C:\myData\IMG\left_2025_06_02_16_52_23_534.jpg,C:\myData\IMG\right_2025_06_02_16_52_23_534.jpg,0,0,0,12.84737
C:\myData\IMG\center_2025_06_02_16_52_23_706.jpg,C:\myData\IMG\left_2025_06_02_16_52_23_706.jpg,C:\myData\IMG\right_2025_06_02_16_52_23_706.jpg,0,0,0,12.63589
C:\myData\IMG\center_2025_06_02_16_52_23_878.jpg,C:\myData\IMG\left_2025_06_02_16_52_23_878.jpg,C:\myData\IMG\right_2025_06_02_16_52_23_878.jpg,0,0,0,12.4045
C:\myData\IMG\center_2025_06_02_16_52_24_045.jpg,C:\myData\IMG\left_2025_06_02_16_52_24_045.jpg,C:\myData\IMG\right_2025_06_02_16_52_24_045.jpg,0,0,0,12.1784
C:\myData\IMG\center_2025_06_02_16_52_24_214.jpg,C:\myData\IMG\left_2025_06_02_16_52_24_214.jpg,C:\myData\IMG\right_2025_06_02_16_52_24_214.jpg,0,0,0,11.97929
C:\myData\IMG\center_2025_06_02_16_52_24_378.jpg,C:\myData\IMG\left_2025_06_02_16_52_24_378.jpg,C:\myData\IMG\right_2025_06_02_16_52_24_378.jpg,0,0.489504,0,12.8199
C:\myData\IMG\center_2025_06_02_16_52_24_541.jpg,C:\myData\IMG\left_2025_06_02_16_52_24_541.jpg,C:\myData\IMG\right_2025_06_02_16_52_24_541.jpg,0,0,0,12.62931
C:\myData\IMG\center_2025_06_02_16_52_24_699.jpg,C:\myData\IMG\left_2025_06_02_16_52_24_699.jpg,C:\myData\IMG\right_2025_06_02_16_52_24_699.jpg,0,0,0,12.39284
C:\myData\IMG\center_2025_06_02_16_52_24_868.jpg,C:\myData\IMG\left_2025_06_02_16_52_24_868.jpg,C:\myData\IMG\right_2025_06_02_16_52_24_868.jpg,0,0,0,12.25972
C:\myData\IMG\center_2025_06_02_16_52_25_035.jpg,C:\myData\IMG\left_2025_06_02_16_52_25_035.jpg,C:\myData\IMG\right_2025_06_02_16_52_25_035.jpg,0,0,0,12.029
C:\myData\IMG\center_2025_06_02_16_52_25_197.jpg,C:\myData\IMG\left_2025_06_02_16_52_25_197.jpg,C:\myData\IMG\right_2025_06_02_16_52_25_197.jpg,0,0,0,11.6944
C:\myData\IMG\center_2025_06_02_16_52_25_361.jpg,C:\myData\IMG\left_2025_06_02_16_52_25_361.jpg,C:\myData\IMG\right_2025_06_02_16_52_25_361.jpg,0,0,0,11.50549
C:\myData\IMG\center_2025_06_02_16_52_25_522.jpg,C:\myData\IMG\left_2025_06_02_16_52_25_522.jpg,C:\myData\IMG\right_2025_06_02_16_52_25_522.jpg,0,0,0,11.35544
C:\myData\IMG\center_2025_06_02_16_52_25_674.jpg,C:\myData\IMG\left_2025_06_02_16_52_25_674.jpg,C:\myData\IMG\right_2025_06_02_16_52_25_674.jpg,0,0,0,11.21586
C:\myData\IMG\center_2025_06_02_16_52_25_725.jpg,C:\myData\IMG\left_2025_06_02_16_52_25_725.jpg,C:\myData\IMG\right_2025_06_02_16_52_25_725.jpg,0,0,0,11.0359
C:\myData\IMG\center_2025_06_02_16_52_25_877.jpg,C:\myData\IMG\left_2025_06_02_16_52_25_877.jpg,C:\myData\IMG\right_2025_06_02_16_52_25_877.jpg,0,0,0,10.8788
C:\myData\IMG\center_2025_06_02_16_52_26_026.jpg,C:\myData\IMG\left_2025_06_02_16_52_26_026.jpg,C:\myData\IMG\right_2025_06_02_16_52_26_026.jpg,0,0,0,10.70193
C:\myData\IMG\center_2025_06_02_16_52_26_182.jpg,C:\myData\IMG\left_2025_06_02_16_52_26_182.jpg,C:\myData\IMG\right_2025_06_02_16_52_26_182.jpg,0,0,0,10.52789
C:\myData\IMG\center_2025_06_02_16_52_26_355.jpg,C:\myData\IMG\left_2025_06_02_16_52_26_355.jpg,C:\myData\IMG\right_2025_06_02_16_52_26_355.jpg,0,0,0,10.35663
C:\myData\IMG\center_2025_06_02_16_52_26_511.jpg,C:\myData\IMG\left_2025_06_02_16_52_26_511.jpg,C:\myData\IMG\right_2025_06_02_16_52_26_511.jpg,0,0,0,10.18817
C:\myData\IMG\center_2025_06_02_16_52_26_678.jpg,C:\myData\IMG\left_2025_06_02_16_52_26_678.jpg,C:\myData\IMG\right_2025_06_02_16_52_26_678.jpg,0,0,0,10.02286
C:\myData\IMG\center_2025_06_02_16_52_26_829.jpg,C:\myData\IMG\left_2025_06_02_16_52_26_829.jpg,C:\myData\IMG\right_2025_06_02_16_52_26_829.jpg,0,0,0,9.860173
C:\myData\IMG\center_2025_06_02_16_52_26_977.jpg,C:\myData\IMG\left_2025_06_02_16_52_26_977.jpg,C:\myData\IMG\right_2025_06_02_16_52_26_977.jpg,0,0,0,9.71995
C:\myData\IMG\center_2025_06_02_16_52_27_127.jpg,C:\myData\IMG\left_2025_06_02_16_52_27_127.jpg,C:\myData\IMG\right_2025_06_02_16_52_27_127.jpg,0,0,0,9.562098
C:\myData\IMG\center_2025_06_02_16_52_27_262.jpg,C:\myData\IMG\left_2025_06_02_16_52_27_262.jpg,C:\myData\IMG\right_2025_06_02_16_52_27_262.jpg,0,0,0,9.426346
C:\myData\IMG\center_2025_06_02_16_52_27_426.jpg,C:\myData\IMG\left_2025_06_02_16_52_27_426.jpg,C:\myData\IMG\right_2025_06_02_16_52_27_426.jpg,0,0,0,9.273552
C:\myData\IMG\center_2025_06_02_16_52_27_583.jpg,C:\myData\IMG\left_2025_06_02_16_52_27_583.jpg,C:\myData\IMG\right_2025_06_02_16_52_27_583.jpg,0,0,0,9.123199
C:\myData\IMG\center_2025_06_02_16_52_27_722.jpg,C:\myData\IMG\left_2025_06_02_16_52_27_722.jpg,C:\myData\IMG\right_2025_06_02_16_52_27_722.jpg,0,0,0,8.993616
C:\myData\IMG\center_2025_06_02_16_52_27_870.jpg,C:\myData\IMG\left_2025_06_02_16_52_27_870.jpg,C:\myData\IMG\right_2025_06_02_16_52_27_870.jpg,0,0,0,8.865853
C:\myData\IMG\center_2025_06_02_16_52_28_018.jpg,C:\myData\IMG\left_2025_06_02_16_52_28_018.jpg,C:\myData\IMG\right_2025_06_02_16_52_28_018.jpg,0,0,0,8.739886
C:\myData\IMG\center_2025_06_02_16_52_28_168.jpg,C:\myData\IMG\left_2025_06_02_16_52_28_168.jpg,C:\myData\IMG\right_2025_06_02_16_52_28_168.jpg,0,0.4468089,0,9.429925
C:\myData\IMG\center_2025_06_02_16_52_28_324.jpg,C:\myData\IMG\left_2025_06_02_16_52_28_324.jpg,C:\myData\IMG\right_2025_06_02_16_52_28_324.jpg,0,0.9220992,0,11.01787
C:\myData\IMG\center_2025_06_02_16_52_28_580.jpg,C:\myData\IMG\left_2025_06_02_16_52_28_580.jpg,C:\myData\IMG\right_2025_06_02_16_52_28_580.jpg,0,0.4856223,0,11.71694
C:\myData\IMG\center_2025_06_02_16_52_28_741.jpg,C:\myData\IMG\left_2025_06_02_16_52_28_741.jpg,C:\myData\IMG\right_2025_06_02_16_52_28_741.jpg,0,0.9356292,0,13.4366
C:\myData\IMG\center_2025_06_02_16_52_28_901.jpg,C:\myData\IMG\left_2025_06_02_16_52_28_901.jpg,C:\myData\IMG\right_2025_06_02_16_52_28_901.jpg,0,1,0,14.91234
C:\myData\IMG\center_2025_06_02_16_52_29_048.jpg,C:\myData\IMG\left_2025_06_02_16_52_29_048.jpg,C:\myData\IMG\right_2025_06_02_16_52_29_048.jpg,0,0.5415889,0,15.75804
C:\myData\IMG\center_2025_06_02_16_52_29_088.jpg,C:\myData\IMG\left_2025_06_02_16_52_29_088.jpg,C:\myData\IMG\right_2025_06_02_16_52_29_088.jpg,0,0.971968,0,17.32719
C:\myData\IMG\center_2025_06_02_16_52_29_221.jpg,C:\myData\IMG\left_2025_06_02_16_52_29_221.jpg,C:\myData\IMG\right_2025_06_02_16_52_29_221.jpg,0,0.568885,0,17.83966
C:\myData\IMG\center_2025_06_02_16_52_29_373.jpg,C:\myData\IMG\left_2025_06_02_16_52_29_373.jpg,C:\myData\IMG\right_2025_06_02_16_52_29_373.jpg,0,0.1155736,0,18.18069
C:\myData\IMG\center_2025_06_02_16_52_29_517.jpg,C:\myData\IMG\left_2025_06_02_16_52_29_517.jpg,C:\myData\IMG\right_2025_06_02_16_52_29_517.jpg,0,0,0,17.44981
C:\myData\IMG\center_2025_06_02_16_52_29_664.jpg,C:\myData\IMG\left_2025_06_02_16_52_29_664.jpg,C:\myData\IMG\right_2025_06_02_16_52_29_664.jpg,0,0,0,17.16046
C:\myData\IMG\center_2025_06_02_16_52_29_810.jpg,C:\myData\IMG\left_2025_06_02_16_52_29_810.jpg,C:\myData\IMG\right_2025_06_02_16_52_29_810.jpg,0,0,0,17.44646
C:\myData\IMG\center_2025_06_02_16_52_29_954.jpg,C:\myData\IMG\left_2025_06_02_16_52_29_954.jpg,C:\myData\IMG\right_2025_06_02_16_52_29_954.jpg,0.35,0,0,16.63503
C:\myData\IMG\center_2025_06_02_16_52_30_200.jpg,C:\myData\IMG\left_2025_06_02_16_52_30_200.jpg,C:\myData\IMG\right_2025_06_02_16_52_30_200.jpg,0,0,0,16.91448
C:\myData\IMG\center_2025_06_02_16_52_30_343.jpg,C:\myData\IMG\left_2025_06_02_16_52_30_343.jpg,C:\myData\IMG\right_2025_06_02_16_52_30_343.jpg,0,0,0,16.13441
C:\myData\IMG\center_2025_06_02_16_52_30_486.jpg,C:\myData\IMG\left_2025_06_02_16_52_30_486.jpg,C:\myData\IMG\right_2025_06_02_16_52_30_486.jpg,0,0,0,15.874
C:\myData\IMG\center_2025_06_02_16_52_30_614.jpg,C:\myData\IMG\left_2025_06_02_16_52_30_614.jpg,C:\myData\IMG\right_2025_06_02_16_52_30_614.jpg,0,0,0,16.2085
C:\myData\IMG\center_2025_06_02_16_52_30_742.jpg,C:\myData\IMG\left_2025_06_02_16_52_30_742.jpg,C:\myData\IMG\right_2025_06_02_16_52_30_742.jpg,0,0,0,16.02529
C:\myData\IMG\center_2025_06_02_16_52_30_887.jpg,C:\myData\IMG\left_2025_06_02_16_52_30_887.jpg,C:\myData\IMG\right_2025_06_02_16_52_30_887.jpg,0,0,0,15.28749
C:\myData\IMG\center_2025_06_02_16_52_31_029.jpg,C:\myData\IMG\left_2025_06_02_16_52_31_029.jpg,C:\myData\IMG\right_2025_06_02_16_52_31_029.jpg,0.35,0,0,15.54268
C:\myData\IMG\center_2025_06_02_16_52_31_178.jpg,C:\myData\IMG\left_2025_06_02_16_52_31_178.jpg,C:\myData\IMG\right_2025_06_02_16_52_31_178.jpg,0.7,0,0,14.63183
C:\myData\IMG\center_2025_06_02_16_52_31_306.jpg,C:\myData\IMG\left_2025_06_02_16_52_31_306.jpg,C:\myData\IMG\right_2025_06_02_16_52_31_306.jpg,1,0,0,14.62294
C:\myData\IMG\center_2025_06_02_16_52_31_427.jpg,C:\myData\IMG\left_2025_06_02_16_52_31_427.jpg,C:\myData\IMG\right_2025_06_02_16_52_31_427.jpg,1,0,0,14.30922
C:\myData\IMG\center_2025_06_02_16_52_31_548.jpg,C:\myData\IMG\left_2025_06_02_16_52_31_548.jpg,C:\myData\IMG\right_2025_06_02_16_52_31_548.jpg,0,0,0,13.43225
C:\myData\IMG\center_2025_06_02_16_52_31_665.jpg,C:\myData\IMG\left_2025_06_02_16_52_31_665.jpg,C:\myData\IMG\right_2025_06_02_16_52_31_665.jpg,0,0,0,13.19527
C:\myData\IMG\center_2025_06_02_16_52_31_780.jpg,C:\myData\IMG\left_2025_06_02_16_52_31_780.jpg,C:\myData\IMG\right_2025_06_02_16_52_31_780.jpg,0,0,0,13.61071
C:\myData\IMG\center_2025_06_02_16_52_31_858.jpg,C:\myData\IMG\left_2025_06_02_16_52_31_858.jpg,C:\myData\IMG\right_2025_06_02_16_52_31_858.jpg,0,0,0,13.36532
C:\myData\IMG\center_2025_06_02_16_52_31_970.jpg,C:\myData\IMG\left_2025_06_02_16_52_31_970.jpg,C:\myData\IMG\right_2025_06_02_16_52_31_970.jpg,0,0,0,13.20029
C:\myData\IMG\center_2025_06_02_16_52_32_086.jpg,C:\myData\IMG\left_2025_06_02_16_52_32_086.jpg,C:\myData\IMG\right_2025_06_02_16_52_32_086.jpg,0,0,0,13.04241
C:\myData\IMG\center_2025_06_02_16_52_32_202.jpg,C:\myData\IMG\left_2025_06_02_16_52_32_202.jpg,C:\myData\IMG\right_2025_06_02_16_52_32_202.jpg,0,0,0,12.88399
C:\myData\IMG\center_2025_06_02_16_52_32_319.jpg,C:\myData\IMG\left_2025_06_02_16_52_32_319.jpg,C:\myData\IMG\right_2025_06_02_16_52_32_319.jpg,0,0,0,12.19919
C:\myData\IMG\center_2025_06_02_16_52_32_435.jpg,C:\myData\IMG\left_2025_06_02_16_52_32_435.jpg,C:\myData\IMG\right_2025_06_02_16_52_32_435.jpg,0,0,0,12.04575
C:\myData\IMG\center_2025_06_02_16_52_32_551.jpg,C:\myData\IMG\left_2025_06_02_16_52_32_551.jpg,C:\myData\IMG\right_2025_06_02_16_52_32_551.jpg,0.3,0,0,11.86933
C:\myData\IMG\center_2025_06_02_16_52_32_690.jpg,C:\myData\IMG\left_2025_06_02_16_52_32_690.jpg,C:\myData\IMG\right_2025_06_02_16_52_32_690.jpg,0.6000001,0,0,11.62578
C:\myData\IMG\center_2025_06_02_16_52_32_842.jpg,C:\myData\IMG\left_2025_06_02_16_52_32_842.jpg,C:\myData\IMG\right_2025_06_02_16_52_32_842.jpg,0.9000002,0,0,11.32332
C:\myData\IMG\center_2025_06_02_16_52_32_874.jpg,C:\myData\IMG\left_2025_06_02_16_52_32_874.jpg,C:\myData\IMG\right_2025_06_02_16_52_32_874.jpg,1,0,0,11.35827
C:\myData\IMG\center_2025_06_02_16_52_32_992.jpg,C:\myData\IMG\left_2025_06_02_16_52_32_992.jpg,C:\myData\IMG\right_2025_06_02_16_52_32_992.jpg,0,0,0,11.01433
C:\myData\IMG\center_2025_06_02_16_52_33_109.jpg,C:\myData\IMG\left_2025_06_02_16_52_33_109.jpg,C:\myData\IMG\right_2025_06_02_16_52_33_109.jpg,0,0,0,10.86672
C:\myData\IMG\center_2025_06_02_16_52_33_221.jpg,C:\myData\IMG\left_2025_06_02_16_52_33_221.jpg,C:\myData\IMG\right_2025_06_02_16_52_33_221.jpg,0,0,0,10.7358
C:\myData\IMG\center_2025_06_02_16_52_33_344.jpg,C:\myData\IMG\left_2025_06_02_16_52_33_344.jpg,C:\myData\IMG\right_2025_06_02_16_52_33_344.jpg,0,0,0,10.60633
C:\myData\IMG\center_2025_06_02_16_52_33_474.jpg,C:\myData\IMG\left_2025_06_02_16_52_33_474.jpg,C:\myData\IMG\right_2025_06_02_16_52_33_474.jpg,0,0,0,10.47843
C:\myData\IMG\center_2025_06_02_16_52_33_589.jpg,C:\myData\IMG\left_2025_06_02_16_52_33_589.jpg,C:\myData\IMG\right_2025_06_02_16_52_33_589.jpg,0,0,0,10.35241
C:\myData\IMG\center_2025_06_02_16_52_33_746.jpg,C:\myData\IMG\left_2025_06_02_16_52_33_746.jpg,C:\myData\IMG\right_2025_06_02_16_52_33_746.jpg,0,0,0,10.18862
C:\myData\IMG\center_2025_06_02_16_52_33_872.jpg,C:\myData\IMG\left_2025_06_02_16_52_33_872.jpg,C:\myData\IMG\right_2025_06_02_16_52_33_872.jpg,0,0,0,10.06618
C:\myData\IMG\center_2025_06_02_16_52_33_985.jpg,C:\myData\IMG\left_2025_06_02_16_52_33_985.jpg,C:\myData\IMG\right_2025_06_02_16_52_33_985.jpg,0.3,0,0,9.917238
C:\myData\IMG\center_2025_06_02_16_52_34_127.jpg,C:\myData\IMG\left_2025_06_02_16_52_34_127.jpg,C:\myData\IMG\right_2025_06_02_16_52_34_127.jpg,0.6500001,0,0,9.669309
C:\myData\IMG\center_2025_06_02_16_52_34_246.jpg,C:\myData\IMG\left_2025_06_02_16_52_34_246.jpg,C:\myData\IMG\right_2025_06_02_16_52_34_246.jpg,0.9500002,0,0,9.40098
C:\myData\IMG\center_2025_06_02_16_52_34_369.jpg,C:\myData\IMG\left_2025_06_02_16_52_34_369.jpg,C:\myData\IMG\right_2025_06_02_16_52_34_369.jpg,1,0,0,9.17719
C:\myData\IMG\center_2025_06_02_16_52_34_485.jpg,C:\myData\IMG\left_2025_06_02_16_52_34_485.jpg,C:\myData\IMG\right_2025_06_02_16_52_34_485.jpg,1,0,0,9.023997
C:\myData\IMG\center_2025_06_02_16_52_34_616.jpg,C:\myData\IMG\left_2025_06_02_16_52_34_616.jpg,C:\myData\IMG\right_2025_06_02_16_52_34_616.jpg,1,0,0,8.882524
C:\myData\IMG\center_2025_06_02_16_52_34_749.jpg,C:\myData\IMG\left_2025_06_02_16_52_34_749.jpg,C:\myData\IMG\right_2025_06_02_16_52_34_749.jpg,0,0,0,8.534146
C:\myData\IMG\center_2025_06_02_16_52_34_872.jpg,C:\myData\IMG\left_2025_06_02_16_52_34_872.jpg,C:\myData\IMG\right_2025_06_02_16_52_34_872.jpg,0,0,0,8.425546
C:\myData\IMG\center_2025_06_02_16_52_35_022.jpg,C:\myData\IMG\left_2025_06_02_16_52_35_022.jpg,C:\myData\IMG\right_2025_06_02_16_52_35_022.jpg,0,0,0,8.290515
C:\myData\IMG\center_2025_06_02_16_52_35_157.jpg,C:\myData\IMG\left_2025_06_02_16_52_35_157.jpg,C:\myData\IMG\right_2025_06_02_16_52_35_157.jpg,0,0,0,8.190772
C:\myData\IMG\center_2025_06_02_16_52_35_299.jpg,C:\myData\IMG\left_2025_06_02_16_52_35_299.jpg,C:\myData\IMG\right_2025_06_02_16_52_35_299.jpg,0,0,0,8.075925
C:\myData\IMG\center_2025_06_02_16_52_35_429.jpg,C:\myData\IMG\left_2025_06_02_16_52_35_429.jpg,C:\myData\IMG\right_2025_06_02_16_52_35_429.jpg,0,0,0,7.962686
C:\myData\IMG\center_2025_06_02_16_52_35_564.jpg,C:\myData\IMG\left_2025_06_02_16_52_35_564.jpg,C:\myData\IMG\right_2025_06_02_16_52_35_564.jpg,0,0,0,7.851036
C:\myData\IMG\center_2025_06_02_16_52_35_701.jpg,C:\myData\IMG\left_2025_06_02_16_52_35_701.jpg,C:\myData\IMG\right_2025_06_02_16_52_35_701.jpg,0,0,0,7.740945
C:\myData\IMG\center_2025_06_02_16_52_35_849.jpg,C:\myData\IMG\left_2025_06_02_16_52_35_849.jpg,C:\myData\IMG\right_2025_06_02_16_52_35_849.jpg,0.35,0,0,7.601496
C:\myData\IMG\center_2025_06_02_16_52_35_979.jpg,C:\myData\IMG\left_2025_06_02_16_52_35_979.jpg,C:\myData\IMG\right_2025_06_02_16_52_35_979.jpg,0.6500001,0,0,7.43644
C:\myData\IMG\center_2025_06_02_16_52_36_105.jpg,C:\myData\IMG\left_2025_06_02_16_52_36_105.jpg,C:\myData\IMG\right_2025_06_02_16_52_36_105.jpg,1,0,0,7.194018
C:\myData\IMG\center_2025_06_02_16_52_36_252.jpg,C:\myData\IMG\left_2025_06_02_16_52_36_252.jpg,C:\myData\IMG\right_2025_06_02_16_52_36_252.jpg,1,0,0,7.023038
C:\myData\IMG\center_2025_06_02_16_52_36_401.jpg,C:\myData\IMG\left_2025_06_02_16_52_36_401.jpg,C:\myData\IMG\right_2025_06_02_16_52_36_401.jpg,1,0,0,6.870065
C:\myData\IMG\center_2025_06_02_16_52_36_545.jpg,C:\myData\IMG\left_2025_06_02_16_52_36_545.jpg,C:\myData\IMG\right_2025_06_02_16_52_36_545.jpg,1,0,0,6.73999
C:\myData\IMG\center_2025_06_02_16_52_36_688.jpg,C:\myData\IMG\left_2025_06_02_16_52_36_688.jpg,C:\myData\IMG\right_2025_06_02_16_52_36_688.jpg,0,0,0,6.463313
C:\myData\IMG\center_2025_06_02_16_52_36_823.jpg,C:\myData\IMG\left_2025_06_02_16_52_36_823.jpg,C:\myData\IMG\right_2025_06_02_16_52_36_823.jpg,0,0,0,6.371177
C:\myData\IMG\center_2025_06_02_16_52_36_987.jpg,C:\myData\IMG\left_2025_06_02_16_52_36_987.jpg,C:\myData\IMG\right_2025_06_02_16_52_36_987.jpg,0,0,0,6.269191
C:\myData\IMG\center_2025_06_02_16_52_37_134.jpg,C:\myData\IMG\left_2025_06_02_16_52_37_134.jpg,C:\myData\IMG\right_2025_06_02_16_52_37_134.jpg,0,0,0,6.181302
C:\myData\IMG\center_2025_06_02_16_52_37_277.jpg,C:\myData\IMG\left_2025_06_02_16_52_37_277.jpg,C:\myData\IMG\right_2025_06_02_16_52_37_277.jpg,0,0,0,6.094646
C:\myData\IMG\center_2025_06_02_16_52_37_433.jpg,C:\myData\IMG\left_2025_06_02_16_52_37_433.jpg,C:\myData\IMG\right_2025_06_02_16_52_37_433.jpg,0,0,0,5.997097
C:\myData\IMG\center_2025_06_02_16_52_37_606.jpg,C:\myData\IMG\left_2025_06_02_16_52_37_606.jpg,C:\myData\IMG\right_2025_06_02_16_52_37_606.jpg,0,0,0,5.889221
C:\myData\IMG\center_2025_06_02_16_52_37_725.jpg,C:\myData\IMG\left_2025_06_02_16_52_37_725.jpg,C:\myData\IMG\right_2025_06_02_16_52_37_725.jpg,0,0,0,5.81827
C:\myData\IMG\center_2025_06_02_16_52_37_875.jpg,C:\myData\IMG\left_2025_06_02_16_52_37_875.jpg,C:\myData\IMG\right_2025_06_02_16_52_37_875.jpg,0,0,0,5.736495
C:\myData\IMG\center_2025_06_02_16_52_38_011.jpg,C:\myData\IMG\left_2025_06_02_16_52_38_011.jpg,C:\myData\IMG\right_2025_06_02_16_52_38_011.jpg,0,0,0,5.65608
C:\myData\IMG\center_2025_06_02_16_52_38_156.jpg,C:\myData\IMG\left_2025_06_02_16_52_38_156.jpg,C:\myData\IMG\right_2025_06_02_16_52_38_156.jpg,0,0,0,5.576791
C:\myData\IMG\center_2025_06_02_16_52_38_307.jpg,C:\myData\IMG\left_2025_06_02_16_52_38_307.jpg,C:\myData\IMG\right_2025_06_02_16_52_38_307.jpg,0,0,0,5.487535
C:\myData\IMG\center_2025_06_02_16_52_38_454.jpg,C:\myData\IMG\left_2025_06_02_16_52_38_454.jpg,C:\myData\IMG\right_2025_06_02_16_52_38_454.jpg,0,0,0,5.410608
C:\myData\IMG\center_2025_06_02_16_52_38_607.jpg,C:\myData\IMG\left_2025_06_02_16_52_38_607.jpg,C:\myData\IMG\right_2025_06_02_16_52_38_607.jpg,0,0,0,5.324012
C:\myData\IMG\center_2025_06_02_16_52_38_749.jpg,C:\myData\IMG\left_2025_06_02_16_52_38_749.jpg,C:\myData\IMG\right_2025_06_02_16_52_38_749.jpg,0,0,0,5.249377
C:\myData\IMG\center_2025_06_02_16_52_38_912.jpg,C:\myData\IMG\left_2025_06_02_16_52_38_912.jpg,C:\myData\IMG\right_2025_06_02_16_52_38_912.jpg,0,0,0,5.165274
C:\myData\IMG\center_2025_06_02_16_52_39_053.jpg,C:\myData\IMG\left_2025_06_02_16_52_39_053.jpg,C:\myData\IMG\right_2025_06_02_16_52_39_053.jpg,0,0,0,5.092702
C:\myData\IMG\center_2025_06_02_16_52_39_183.jpg,C:\myData\IMG\left_2025_06_02_16_52_39_183.jpg,C:\myData\IMG\right_2025_06_02_16_52_39_183.jpg,0,0,0,5.021314
C:\myData\IMG\center_2025_06_02_16_52_39_332.jpg,C:\myData\IMG\left_2025_06_02_16_52_39_332.jpg,C:\myData\IMG\right_2025_06_02_16_52_39_332.jpg,0.35,0,0,4.930383
C:\myData\IMG\center_2025_06_02_16_52_39_479.jpg,C:\myData\IMG\left_2025_06_02_16_52_39_479.jpg,C:\myData\IMG\right_2025_06_02_16_52_39_479.jpg,0.7500002,0,0,4.785077
C:\myData\IMG\center_2025_06_02_16_52_39_622.jpg,C:\myData\IMG\left_2025_06_02_16_52_39_622.jpg,C:\myData\IMG\right_2025_06_02_16_52_39_622.jpg,1,0,0,4.630497
C:\myData\IMG\center_2025_06_02_16_52_39_778.jpg,C:\myData\IMG\left_2025_06_02_16_52_39_778.jpg,C:\myData\IMG\right_2025_06_02_16_52_39_778.jpg,0,0,0,4.443638
C:\myData\IMG\center_2025_06_02_16_52_39_919.jpg,C:\myData\IMG\left_2025_06_02_16_52_39_919.jpg,C:\myData\IMG\right_2025_06_02_16_52_39_919.jpg,0,0,0,4.372346
C:\myData\IMG\center_2025_06_02_16_52_40_074.jpg,C:\myData\IMG\left_2025_06_02_16_52_40_074.jpg,C:\myData\IMG\right_2025_06_02_16_52_40_074.jpg,0,0,0,4.31106
C:\myData\IMG\center_2025_06_02_16_52_40_217.jpg,C:\myData\IMG\left_2025_06_02_16_52_40_217.jpg,C:\myData\IMG\right_2025_06_02_16_52_40_217.jpg,0,0,0,4.250634
C:\myData\IMG\center_2025_06_02_16_52_40_373.jpg,C:\myData\IMG\left_2025_06_02_16_52_40_373.jpg,C:\myData\IMG\right_2025_06_02_16_52_40_373.jpg,0,0,0,4.182612
C:\myData\IMG\center_2025_06_02_16_52_40_519.jpg,C:\myData\IMG\left_2025_06_02_16_52_40_519.jpg,C:\myData\IMG\right_2025_06_02_16_52_40_519.jpg,0,0,0,4.123989
C:\myData\IMG\center_2025_06_02_16_52_40_663.jpg,C:\myData\IMG\left_2025_06_02_16_52_40_663.jpg,C:\myData\IMG\right_2025_06_02_16_52_40_663.jpg,0,0,0,4.057995
C:\myData\IMG\center_2025_06_02_16_52_40_833.jpg,C:\myData\IMG\left_2025_06_02_16_52_40_833.jpg,C:\myData\IMG\right_2025_06_02_16_52_40_833.jpg,0.4,0,0,3.971751
C:\myData\IMG\center_2025_06_02_16_52_40_968.jpg,C:\myData\IMG\left_2025_06_02_16_52_40_968.jpg,C:\myData\IMG\right_2025_06_02_16_52_40_968.jpg,0.7500002,0,0,3.86767
C:\myData\IMG\center_2025_06_02_16_52_41_112.jpg,C:\myData\IMG\left_2025_06_02_16_52_41_112.jpg,C:\myData\IMG\right_2025_06_02_16_52_41_112.jpg,1,0,0,3.742205
C:\myData\IMG\center_2025_06_02_16_52_41_267.jpg,C:\myData\IMG\left_2025_06_02_16_52_41_267.jpg,C:\myData\IMG\right_2025_06_02_16_52_41_267.jpg,1,0,0,3.648406
C:\myData\IMG\center_2025_06_02_16_52_41_413.jpg,C:\myData\IMG\left_2025_06_02_16_52_41_413.jpg,C:\myData\IMG\right_2025_06_02_16_52_41_413.jpg,0,0,0,3.492867
C:\myData\IMG\center_2025_06_02_16_52_41_568.jpg,C:\myData\IMG\left_2025_06_02_16_52_41_568.jpg,C:\myData\IMG\right_2025_06_02_16_52_41_568.jpg,0,0,0,3.436929
C:\myData\IMG\center_2025_06_02_16_52_41_721.jpg,C:\myData\IMG\left_2025_06_02_16_52_41_721.jpg,C:\myData\IMG\right_2025_06_02_16_52_41_721.jpg,0,0,0,3.381936
C:\myData\IMG\center_2025_06_02_16_52_41_893.jpg,C:\myData\IMG\left_2025_06_02_16_52_41_893.jpg,C:\myData\IMG\right_2025_06_02_16_52_41_893.jpg,0,0,0,3.327823
C:\myData\IMG\center_2025_06_02_16_52_42_024.jpg,C:\myData\IMG\left_2025_06_02_16_52_42_024.jpg,C:\myData\IMG\right_2025_06_02_16_52_42_024.jpg,0,0,0,3.281185
C:\myData\IMG\center_2025_06_02_16_52_42_174.jpg,C:\myData\IMG\left_2025_06_02_16_52_42_174.jpg,C:\myData\IMG\right_2025_06_02_16_52_42_174.jpg,0,0,0,3.235201
C:\myData\IMG\center_2025_06_02_16_52_42_316.jpg,C:\myData\IMG\left_2025_06_02_16_52_42_316.jpg,C:\myData\IMG\right_2025_06_02_16_52_42_316.jpg,0,0,0,3.189861
C:\myData\IMG\center_2025_06_02_16_52_42_472.jpg,C:\myData\IMG\left_2025_06_02_16_52_42_472.jpg,C:\myData\IMG\right_2025_06_02_16_52_42_472.jpg,0.4,0,0,3.122219
C:\myData\IMG\center_2025_06_02_16_52_42_620.jpg,C:\myData\IMG\left_2025_06_02_16_52_42_620.jpg,C:\myData\IMG\right_2025_06_02_16_52_42_620.jpg,0.8000001,0,0,3.027353
C:\myData\IMG\center_2025_06_02_16_52_42_769.jpg,C:\myData\IMG\left_2025_06_02_16_52_42_769.jpg,C:\myData\IMG\right_2025_06_02_16_52_42_769.jpg,1,0,0,2.931255
C:\myData\IMG\center_2025_06_02_16_52_42_916.jpg,C:\myData\IMG\left_2025_06_02_16_52_42_916.jpg,C:\myData\IMG\right_2025_06_02_16_52_42_916.jpg,0,0,0,2.806839
C:\myData\IMG\center_2025_06_02_16_52_43_066.jpg,C:\myData\IMG\left_2025_06_02_16_52_43_066.jpg,C:\myData\IMG\right_2025_06_02_16_52_43_066.jpg,0,0,0,2.761693
C:\myData\IMG\center_2025_06_02_16_52_43_213.jpg,C:\myData\IMG\left_2025_06_02_16_52_43_213.jpg,C:\myData\IMG\right_2025_06_02_16_52_43_213.jpg,0,0,0,2.722992
C:\myData\IMG\center_2025_06_02_16_52_43_357.jpg,C:\myData\IMG\left_2025_06_02_16_52_43_357.jpg,C:\myData\IMG\right_2025_06_02_16_52_43_357.jpg,0,0,0,2.684824
C:\myData\IMG\center_2025_06_02_16_52_43_497.jpg,C:\myData\IMG\left_2025_06_02_16_52_43_497.jpg,C:\myData\IMG\right_2025_06_02_16_52_43_497.jpg,0,0,0,2.647198
C:\myData\IMG\center_2025_06_02_16_52_43_643.jpg,C:\myData\IMG\left_2025_06_02_16_52_43_643.jpg,C:\myData\IMG\right_2025_06_02_16_52_43_643.jpg,0,0,0,2.604844
C:\myData\IMG\center_2025_06_02_16_52_43_807.jpg,C:\myData\IMG\left_2025_06_02_16_52_43_807.jpg,C:\myData\IMG\right_2025_06_02_16_52_43_807.jpg,0,0,0,2.563169
C:\myData\IMG\center_2025_06_02_16_52_43_954.jpg,C:\myData\IMG\left_2025_06_02_16_52_43_954.jpg,C:\myData\IMG\right_2025_06_02_16_52_43_954.jpg,0,0,0,2.52725
C:\myData\IMG\center_2025_06_02_16_52_44_108.jpg,C:\myData\IMG\left_2025_06_02_16_52_44_108.jpg,C:\myData\IMG\right_2025_06_02_16_52_44_108.jpg,0,0.459348,0,3.355874
C:\myData\IMG\center_2025_06_02_16_52_44_247.jpg,C:\myData\IMG\left_2025_06_02_16_52_44_247.jpg,C:\myData\IMG\right_2025_06_02_16_52_44_247.jpg,0,0.03964561,0,3.400756
C:\myData\IMG\center_2025_06_02_16_52_44_397.jpg,C:\myData\IMG\left_2025_06_02_16_52_44_397.jpg,C:\myData\IMG\right_2025_06_02_16_52_44_397.jpg,0,0.4878912,0,4.162024
C:\myData\IMG\center_2025_06_02_16_52_44_548.jpg,C:\myData\IMG\left_2025_06_02_16_52_44_548.jpg,C:\myData\IMG\right_2025_06_02_16_52_44_548.jpg,0,0.03511798,0,4.178758
C:\myData\IMG\center_2025_06_02_16_52_44_692.jpg,C:\myData\IMG\left_2025_06_02_16_52_44_692.jpg,C:\myData\IMG\right_2025_06_02_16_52_44_692.jpg,0.35,0,0,4.104507
C:\myData\IMG\center_2025_06_02_16_52_44_854.jpg,C:\myData\IMG\left_2025_06_02_16_52_44_854.jpg,C:\myData\IMG\right_2025_06_02_16_52_44_854.jpg,0,0,0,4.030393
C:\myData\IMG\center_2025_06_02_16_52_44_992.jpg,C:\myData\IMG\left_2025_06_02_16_52_44_992.jpg,C:\myData\IMG\right_2025_06_02_16_52_44_992.jpg,0,0,0,3.973897
C:\myData\IMG\center_2025_06_02_16_52_45_150.jpg,C:\myData\IMG\left_2025_06_02_16_52_45_150.jpg,C:\myData\IMG\right_2025_06_02_16_52_45_150.jpg,0,0,0,3.910303
C:\myData\IMG\center_2025_06_02_16_52_45_290.jpg,C:\myData\IMG\left_2025_06_02_16_52_45_290.jpg,C:\myData\IMG\right_2025_06_02_16_52_45_290.jpg,0,0,0,3.85549
C:\myData\IMG\center_2025_06_02_16_52_45_433.jpg,C:\myData\IMG\left_2025_06_02_16_52_45_433.jpg,C:\myData\IMG\right_2025_06_02_16_52_45_433.jpg,0,0,0,3.80145
C:\myData\IMG\center_2025_06_02_16_52_45_579.jpg,C:\myData\IMG\left_2025_06_02_16_52_45_579.jpg,C:\myData\IMG\right_2025_06_02_16_52_45_579.jpg,0,0,0,3.748169
C:\myData\IMG\center_2025_06_02_16_52_45_727.jpg,C:\myData\IMG\left_2025_06_02_16_52_45_727.jpg,C:\myData\IMG\right_2025_06_02_16_52_45_727.jpg,0,0,0,3.688191
C:\myData\IMG\center_2025_06_02_16_52_45_879.jpg,C:\myData\IMG\left_2025_06_02_16_52_45_879.jpg,C:\myData\IMG\right_2025_06_02_16_52_45_879.jpg,0,0,0,3.636422
C:\myData\IMG\center_2025_06_02_16_52_46_020.jpg,C:\myData\IMG\left_2025_06_02_16_52_46_020.jpg,C:\myData\IMG\right_2025_06_02_16_52_46_020.jpg,0.35,0,0,3.570442
C:\myData\IMG\center_2025_06_02_16_52_46_168.jpg,C:\myData\IMG\left_2025_06_02_16_52_46_168.jpg,C:\myData\IMG\right_2025_06_02_16_52_46_168.jpg,0.7500002,0,0,3.466305
C:\myData\IMG\center_2025_06_02_16_52_46_315.jpg,C:\myData\IMG\left_2025_06_02_16_52_46_315.jpg,C:\myData\IMG\right_2025_06_02_16_52_46_315.jpg,0,0,0,3.372925
C:\myData\IMG\center_2025_06_02_16_52_46_463.jpg,C:\myData\IMG\left_2025_06_02_16_52_46_463.jpg,C:\myData\IMG\right_2025_06_02_16_52_46_463.jpg,0,0,0,3.318935
C:\myData\IMG\center_2025_06_02_16_52_46_604.jpg,C:\myData\IMG\left_2025_06_02_16_52_46_604.jpg,C:\myData\IMG\right_2025_06_02_16_52_46_604.jpg,0,0,0,3.272417
C:\myData\IMG\center_2025_06_02_16_52_46_753.jpg,C:\myData\IMG\left_2025_06_02_16_52_46_753.jpg,C:\myData\IMG\right_2025_06_02_16_52_46_753.jpg,0,0,0,3.226551
C:\myData\IMG\center_2025_06_02_16_52_46_899.jpg,C:\myData\IMG\left_2025_06_02_16_52_46_899.jpg,C:\myData\IMG\right_2025_06_02_16_52_46_899.jpg,0,0,0,3.181328
C:\myData\IMG\center_2025_06_02_16_52_47_057.jpg,C:\myData\IMG\left_2025_06_02_16_52_47_057.jpg,C:\myData\IMG\right_2025_06_02_16_52_47_057.jpg,0,0,0,3.13042
C:\myData\IMG\center_2025_06_02_16_52_47_201.jpg,C:\myData\IMG\left_2025_06_02_16_52_47_201.jpg,C:\myData\IMG\right_2025_06_02_16_52_47_201.jpg,0,0.4355127,0,3.912616
C:\myData\IMG\center_2025_06_02_16_52_47_352.jpg,C:\myData\IMG\left_2025_06_02_16_52_47_352.jpg,C:\myData\IMG\right_2025_06_02_16_52_47_352.jpg,0,0.88818,0,5.335905
C:\myData\IMG\center_2025_06_02_16_52_47_498.jpg,C:\myData\IMG\left_2025_06_02_16_52_47_498.jpg,C:\myData\IMG\right_2025_06_02_16_52_47_498.jpg,0,1,0,6.940782
C:\myData\IMG\center_2025_06_02_16_52_47_648.jpg,C:\myData\IMG\left_2025_06_02_16_52_47_648.jpg,C:\myData\IMG\right_2025_06_02_16_52_47_648.jpg,0,1,0,8.754966
C:\myData\IMG\center_2025_06_02_16_52_47_800.jpg,C:\myData\IMG\left_2025_06_02_16_52_47_800.jpg,C:\myData\IMG\right_2025_06_02_16_52_47_800.jpg,0,1,0,10.541
C:\myData\IMG\center_2025_06_02_16_52_47_944.jpg,C:\myData\IMG\left_2025_06_02_16_52_47_944.jpg,C:\myData\IMG\right_2025_06_02_16_52_47_944.jpg,0,1,0,11.83272
C:\myData\IMG\center_2025_06_02_16_52_48_095.jpg,C:\myData\IMG\left_2025_06_02_16_52_48_095.jpg,C:\myData\IMG\right_2025_06_02_16_52_48_095.jpg,0,1,0,13.6924
C:\myData\IMG\center_2025_06_02_16_52_48_345.jpg,C:\myData\IMG\left_2025_06_02_16_52_48_345.jpg,C:\myData\IMG\right_2025_06_02_16_52_48_345.jpg,0,1,0,15.43103
C:\myData\IMG\center_2025_06_02_16_52_48_392.jpg,C:\myData\IMG\left_2025_06_02_16_52_48_392.jpg,C:\myData\IMG\right_2025_06_02_16_52_48_392.jpg,0,1,0,16.65976
C:\myData\IMG\center_2025_06_02_16_52_48_546.jpg,C:\myData\IMG\left_2025_06_02_16_52_48_546.jpg,C:\myData\IMG\right_2025_06_02_16_52_48_546.jpg,0,1,0,18.35842
C:\myData\IMG\center_2025_06_02_16_52_48_692.jpg,C:\myData\IMG\left_2025_06_02_16_52_48_692.jpg,C:\myData\IMG\right_2025_06_02_16_52_48_692.jpg,0,1,0,19.93644
C:\myData\IMG\center_2025_06_02_16_52_48_832.jpg,C:\myData\IMG\left_2025_06_02_16_52_48_832.jpg,C:\myData\IMG\right_2025_06_02_16_52_48_832.jpg,0,1,0,21.2555
C:\myData\IMG\center_2025_06_02_16_52_48_978.jpg,C:\myData\IMG\left_2025_06_02_16_52_48_978.jpg,C:\myData\IMG\right_2025_06_02_16_52_48_978.jpg,0,1,0,22.69383
C:\myData\IMG\center_2025_06_02_16_52_49_134.jpg,C:\myData\IMG\left_2025_06_02_16_52_49_134.jpg,C:\myData\IMG\right_2025_06_02_16_52_49_134.jpg,0,0.5347693,0,23.40076
C:\myData\IMG\center_2025_06_02_16_52_49_275.jpg,C:\myData\IMG\left_2025_06_02_16_52_49_275.jpg,C:\myData\IMG\right_2025_06_02_16_52_49_275.jpg,0,0.1100326,0,23.35545
C:\myData\IMG\center_2025_06_02_16_52_49_431.jpg,C:\myData\IMG\left_2025_06_02_16_52_49_431.jpg,C:\myData\IMG\right_2025_06_02_16_52_49_431.jpg,0,0,0,22.97837
C:\myData\IMG\center_2025_06_02_16_52_49_579.jpg,C:\myData\IMG\left_2025_06_02_16_52_49_579.jpg,C:\myData\IMG\right_2025_06_02_16_52_49_579.jpg,0.4,0,0,22.51125
C:\myData\IMG\center_2025_06_02_16_52_49_735.jpg,C:\myData\IMG\left_2025_06_02_16_52_49_735.jpg,C:\myData\IMG\right_2025_06_02_16_52_49_735.jpg,0,0,0,22.17695
C:\myData\IMG\center_2025_06_02_16_52_49_878.jpg,C:\myData\IMG\left_2025_06_02_16_52_49_878.jpg,C:\myData\IMG\right_2025_06_02_16_52_49_878.jpg,0,0,0,21.86592
C:\myData\IMG\center_2025_06_02_16_52_50_034.jpg,C:\myData\IMG\left_2025_06_02_16_52_50_034.jpg,C:\myData\IMG\right_2025_06_02_16_52_50_034.jpg,0,0,0,21.5155
C:\myData\IMG\center_2025_06_02_16_52_50_180.jpg,C:\myData\IMG\left_2025_06_02_16_52_50_180.jpg,C:\myData\IMG\right_2025_06_02_16_52_50_180.jpg,0,0,0,21.17088
C:\myData\IMG\center_2025_06_02_16_52_50_330.jpg,C:\myData\IMG\left_2025_06_02_16_52_50_330.jpg,C:\myData\IMG\right_2025_06_02_16_52_50_330.jpg,0,0,0,20.87375
C:\myData\IMG\center_2025_06_02_16_52_50_486.jpg,C:\myData\IMG\left_2025_06_02_16_52_50_486.jpg,C:\myData\IMG\right_2025_06_02_16_52_50_486.jpg,0,0,0,20.53947
C:\myData\IMG\center_2025_06_02_16_52_50_638.jpg,C:\myData\IMG\left_2025_06_02_16_52_50_638.jpg,C:\myData\IMG\right_2025_06_02_16_52_50_638.jpg,0,0,0,20.25154
C:\myData\IMG\center_2025_06_02_16_52_50_787.jpg,C:\myData\IMG\left_2025_06_02_16_52_50_787.jpg,C:\myData\IMG\right_2025_06_02_16_52_50_787.jpg,0,0,0,19.92728
C:\myData\IMG\center_2025_06_02_16_52_50_946.jpg,C:\myData\IMG\left_2025_06_02_16_52_50_946.jpg,C:\myData\IMG\right_2025_06_02_16_52_50_946.jpg,-0.4,0,0,19.52048
C:\myData\IMG\center_2025_06_02_16_52_51_082.jpg,C:\myData\IMG\left_2025_06_02_16_52_51_082.jpg,C:\myData\IMG\right_2025_06_02_16_52_51_082.jpg,0,0,0,19.2279
C:\myData\IMG\center_2025_06_02_16_52_51_232.jpg,C:\myData\IMG\left_2025_06_02_16_52_51_232.jpg,C:\myData\IMG\right_2025_06_02_16_52_51_232.jpg,0,0,0,18.96137
C:\myData\IMG\center_2025_06_02_16_52_51_388.jpg,C:\myData\IMG\left_2025_06_02_16_52_51_388.jpg,C:\myData\IMG\right_2025_06_02_16_52_51_388.jpg,0,0,0,18.62647
C:\myData\IMG\center_2025_06_02_16_52_51_534.jpg,C:\myData\IMG\left_2025_06_02_16_52_51_534.jpg,C:\myData\IMG\right_2025_06_02_16_52_51_534.jpg,0,0,0,18.36025
C:\myData\IMG\center_2025_06_02_16_52_51_683.jpg,C:\myData\IMG\left_2025_06_02_16_52_51_683.jpg,C:\myData\IMG\right_2025_06_02_16_52_51_683.jpg,0,0,0,18.05737
C:\myData\IMG\center_2025_06_02_16_52_51_824.jpg,C:\myData\IMG\left_2025_06_02_16_52_51_824.jpg,C:\myData\IMG\right_2025_06_02_16_52_51_824.jpg,0,0,0,17.80114
C:\myData\IMG\center_2025_06_02_16_52_51_984.jpg,C:\myData\IMG\left_2025_06_02_16_52_51_984.jpg,C:\myData\IMG\right_2025_06_02_16_52_51_984.jpg,0,0,0,17.50935
C:\myData\IMG\center_2025_06_02_16_52_52_133.jpg,C:\myData\IMG\left_2025_06_02_16_52_52_133.jpg,C:\myData\IMG\right_2025_06_02_16_52_52_133.jpg,0,0,0,17.25996
C:\myData\IMG\center_2025_06_02_16_52_52_288.jpg,C:\myData\IMG\left_2025_06_02_16_52_52_288.jpg,C:\myData\IMG\right_2025_06_02_16_52_52_288.jpg,0,0,0,16.9797
C:\myData\IMG\center_2025_06_02_16_52_52_443.jpg,C:\myData\IMG\left_2025_06_02_16_52_52_443.jpg,C:\myData\IMG\right_2025_06_02_16_52_52_443.jpg,0,0,0,16.70425
C:\myData\IMG\center_2025_06_02_16_52_52_612.jpg,C:\myData\IMG\left_2025_06_02_16_52_52_612.jpg,C:\myData\IMG\right_2025_06_02_16_52_52_612.jpg,0,0,0,16.43294
C:\myData\IMG\center_2025_06_02_16_52_52_766.jpg,C:\myData\IMG\left_2025_06_02_16_52_52_766.jpg,C:\myData\IMG\right_2025_06_02_16_52_52_766.jpg,0,0,0,16.16593
C:\myData\IMG\center_2025_06_02_16_52_52_910.jpg,C:\myData\IMG\left_2025_06_02_16_52_52_910.jpg,C:\myData\IMG\right_2025_06_02_16_52_52_910.jpg,0,0,0,15.93558
C:\myData\IMG\center_2025_06_02_16_52_53_044.jpg,C:\myData\IMG\left_2025_06_02_16_52_53_044.jpg,C:\myData\IMG\right_2025_06_02_16_52_53_044.jpg,0,0,0,15.70802
C:\myData\IMG\center_2025_06_02_16_52_53_189.jpg,C:\myData\IMG\left_2025_06_02_16_52_53_189.jpg,C:\myData\IMG\right_2025_06_02_16_52_53_189.jpg,0,0,0,15.48345
C:\myData\IMG\center_2025_06_02_16_52_53_337.jpg,C:\myData\IMG\left_2025_06_02_16_52_53_337.jpg,C:\myData\IMG\right_2025_06_02_16_52_53_337.jpg,0,0,0,15.26207
C:\myData\IMG\center_2025_06_02_16_52_53_577.jpg,C:\myData\IMG\left_2025_06_02_16_52_53_577.jpg,C:\myData\IMG\right_2025_06_02_16_52_53_577.jpg,0,0,0,15.0128
C:\myData\IMG\center_2025_06_02_16_52_53_721.jpg,C:\myData\IMG\left_2025_06_02_16_52_53_721.jpg,C:\myData\IMG\right_2025_06_02_16_52_53_721.jpg,0,0,0,14.79772
C:\myData\IMG\center_2025_06_02_17_02_48_938.jpg,C:\myData\IMG\left_2025_06_02_17_02_48_938.jpg,C:\myData\IMG\right_2025_06_02_17_02_48_938.jpg,0,0,0,0.9022899
C:\myData\IMG\center_2025_06_02_17_02_49_106.jpg,C:\myData\IMG\left_2025_06_02_17_02_49_106.jpg,C:\myData\IMG\right_2025_06_02_17_02_49_106.jpg,0,0,0,0.8860596
C:\myData\IMG\center_2025_06_02_17_02_49_283.jpg,C:\myData\IMG\left_2025_06_02_17_02_49_283.jpg,C:\myData\IMG\right_2025_06_02_17_02_49_283.jpg,0,0,0,0.8701212
C:\myData\IMG\center_2025_06_02_17_02_49_460.jpg,C:\myData\IMG\left_2025_06_02_17_02_49_460.jpg,C:\myData\IMG\right_2025_06_02_17_02_49_460.jpg,0,0,0,0.8544697
C:\myData\IMG\center_2025_06_02_17_02_49_625.jpg,C:\myData\IMG\left_2025_06_02_17_02_49_625.jpg,C:\myData\IMG\right_2025_06_02_17_02_49_625.jpg,0,0,0,0.8407938
C:\myData\IMG\center_2025_06_02_17_02_49_776.jpg,C:\myData\IMG\left_2025_06_02_17_02_49_776.jpg,C:\myData\IMG\right_2025_06_02_17_02_49_776.jpg,0,0,0,0.829007
C:\myData\IMG\center_2025_06_02_17_02_49_931.jpg,C:\myData\IMG\left_2025_06_02_17_02_49_931.jpg,C:\myData\IMG\right_2025_06_02_17_02_49_931.jpg,0,0,0,0.8157386
C:\myData\IMG\center_2025_06_02_17_02_50_091.jpg,C:\myData\IMG\left_2025_06_02_17_02_50_091.jpg,C:\myData\IMG\right_2025_06_02_17_02_50_091.jpg,0,0.4732929,0,1.703004
C:\myData\IMG\center_2025_06_02_17_02_50_359.jpg,C:\myData\IMG\left_2025_06_02_17_02_50_359.jpg,C:\myData\IMG\right_2025_06_02_17_02_50_359.jpg,0,0.9566835,0,3.515121
C:\myData\IMG\center_2025_06_02_17_02_50_407.jpg,C:\myData\IMG\left_2025_06_02_17_02_50_407.jpg,C:\myData\IMG\right_2025_06_02_17_02_50_407.jpg,0,1,0,5.381365
C:\myData\IMG\center_2025_06_02_17_02_50_572.jpg,C:\myData\IMG\left_2025_06_02_17_02_50_572.jpg,C:\myData\IMG\right_2025_06_02_17_02_50_572.jpg,0,1,0,7.219777
C:\myData\IMG\center_2025_06_02_17_02_50_736.jpg,C:\myData\IMG\left_2025_06_02_17_02_50_736.jpg,C:\myData\IMG\right_2025_06_02_17_02_50_736.jpg,0,1,0,9.007042
C:\myData\IMG\center_2025_06_02_17_02_50_898.jpg,C:\myData\IMG\left_2025_06_02_17_02_50_898.jpg,C:\myData\IMG\right_2025_06_02_17_02_50_898.jpg,0,1,0,10.81244
C:\myData\IMG\center_2025_06_02_17_02_51_167.jpg,C:\myData\IMG\left_2025_06_02_17_02_51_167.jpg,C:\myData\IMG\right_2025_06_02_17_02_51_167.jpg,0,1,0,12.59731
C:\myData\IMG\center_2025_06_02_17_02_51_329.jpg,C:\myData\IMG\left_2025_06_02_17_02_51_329.jpg,C:\myData\IMG\right_2025_06_02_17_02_51_329.jpg,0,1,0,14.80307
C:\myData\IMG\center_2025_06_02_17_02_51_481.jpg,C:\myData\IMG\left_2025_06_02_17_02_51_481.jpg,C:\myData\IMG\right_2025_06_02_17_02_51_481.jpg,0,0.5827705,0,15.3123
C:\myData\IMG\center_2025_06_02_17_02_51_643.jpg,C:\myData\IMG\left_2025_06_02_17_02_51_643.jpg,C:\myData\IMG\right_2025_06_02_17_02_51_643.jpg,0,0.08851564,0,15.14477
C:\myData\IMG\center_2025_06_02_17_02_51_811.jpg,C:\myData\IMG\left_2025_06_02_17_02_51_811.jpg,C:\myData\IMG\right_2025_06_02_17_02_51_811.jpg,0,0,0,14.90984
C:\myData\IMG\center_2025_06_02_17_02_51_974.jpg,C:\myData\IMG\left_2025_06_02_17_02_51_974.jpg,C:\myData\IMG\right_2025_06_02_17_02_51_974.jpg,0,0,0,14.66869
C:\myData\IMG\center_2025_06_02_17_02_52_156.jpg,C:\myData\IMG\left_2025_06_02_17_02_52_156.jpg,C:\myData\IMG\right_2025_06_02_17_02_52_156.jpg,0,0,0,14.64643
C:\myData\IMG\center_2025_06_02_17_02_52_321.jpg,C:\myData\IMG\left_2025_06_02_17_02_52_321.jpg,C:\myData\IMG\right_2025_06_02_17_02_52_321.jpg,0,0,0,14.41357
C:\myData\IMG\center_2025_06_02_17_02_52_482.jpg,C:\myData\IMG\left_2025_06_02_17_02_52_482.jpg,C:\myData\IMG\right_2025_06_02_17_02_52_482.jpg,0,0,0,14.1396
C:\myData\IMG\center_2025_06_02_17_02_52_643.jpg,C:\myData\IMG\left_2025_06_02_17_02_52_643.jpg,C:\myData\IMG\right_2025_06_02_17_02_52_643.jpg,0,0,0,13.97996
C:\myData\IMG\center_2025_06_02_17_02_52_804.jpg,C:\myData\IMG\left_2025_06_02_17_02_52_804.jpg,C:\myData\IMG\right_2025_06_02_17_02_52_804.jpg,0,0,0,13.46383
C:\myData\IMG\center_2025_06_02_17_02_52_961.jpg,C:\myData\IMG\left_2025_06_02_17_02_52_961.jpg,C:\myData\IMG\right_2025_06_02_17_02_52_961.jpg,0,0,0,13.31169
C:\myData\IMG\center_2025_06_02_17_02_53_123.jpg,C:\myData\IMG\left_2025_06_02_17_02_53_123.jpg,C:\myData\IMG\right_2025_06_02_17_02_53_123.jpg,0,0,0,13.0095
C:\myData\IMG\center_2025_06_02_17_02_53_269.jpg,C:\myData\IMG\left_2025_06_02_17_02_53_269.jpg,C:\myData\IMG\right_2025_06_02_17_02_53_269.jpg,0,0,0,12.79616
C:\myData\IMG\center_2025_06_02_17_02_53_427.jpg,C:\myData\IMG\left_2025_06_02_17_02_53_427.jpg,C:\myData\IMG\right_2025_06_02_17_02_53_427.jpg,0.35,0,0,12.82508
C:\myData\IMG\center_2025_06_02_17_02_53_613.jpg,C:\myData\IMG\left_2025_06_02_17_02_53_613.jpg,C:\myData\IMG\right_2025_06_02_17_02_53_613.jpg,0,0,0,12.32668
C:\myData\IMG\center_2025_06_02_17_02_53_774.jpg,C:\myData\IMG\left_2025_06_02_17_02_53_774.jpg,C:\myData\IMG\right_2025_06_02_17_02_53_774.jpg,0,0,0,12.13426
C:\myData\IMG\center_2025_06_02_17_02_53_941.jpg,C:\myData\IMG\left_2025_06_02_17_02_53_941.jpg,C:\myData\IMG\right_2025_06_02_17_02_53_941.jpg,0,0,0,12.15415
C:\myData\IMG\center_2025_06_02_17_02_54_084.jpg,C:\myData\IMG\left_2025_06_02_17_02_54_084.jpg,C:\myData\IMG\right_2025_06_02_17_02_54_084.jpg,0,0,0,11.74908
C:\myData\IMG\center_2025_06_02_17_02_54_243.jpg,C:\myData\IMG\left_2025_06_02_17_02_54_243.jpg,C:\myData\IMG\right_2025_06_02_17_02_54_243.jpg,0,0,0,11.56058
C:\myData\IMG\center_2025_06_02_17_02_54_406.jpg,C:\myData\IMG\left_2025_06_02_17_02_54_406.jpg,C:\myData\IMG\right_2025_06_02_17_02_54_406.jpg,0,0,0,11.38204
C:\myData\IMG\center_2025_06_02_17_02_54_568.jpg,C:\myData\IMG\left_2025_06_02_17_02_54_568.jpg,C:\myData\IMG\right_2025_06_02_17_02_54_568.jpg,0,0,0,11.2106
C:\myData\IMG\center_2025_06_02_17_02_54_719.jpg,C:\myData\IMG\left_2025_06_02_17_02_54_719.jpg,C:\myData\IMG\right_2025_06_02_17_02_54_719.jpg,0,0,0,11.20268
C:\myData\IMG\center_2025_06_02_17_02_54_766.jpg,C:\myData\IMG\left_2025_06_02_17_02_54_766.jpg,C:\myData\IMG\right_2025_06_02_17_02_54_766.jpg,0,0,0,11.03006
C:\myData\IMG\center_2025_06_02_17_02_54_934.jpg,C:\myData\IMG\left_2025_06_02_17_02_54_934.jpg,C:\myData\IMG\right_2025_06_02_17_02_54_934.jpg,0,0,0,10.85588
C:\myData\IMG\center_2025_06_02_17_02_55_093.jpg,C:\myData\IMG\left_2025_06_02_17_02_55_093.jpg,C:\myData\IMG\right_2025_06_02_17_02_55_093.jpg,0,0,0,10.68447
C:\myData\IMG\center_2025_06_02_17_02_55_261.jpg,C:\myData\IMG\left_2025_06_02_17_02_55_261.jpg,C:\myData\IMG\right_2025_06_02_17_02_55_261.jpg,0,0,0,10.49493
C:\myData\IMG\center_2025_06_02_17_02_55_432.jpg,C:\myData\IMG\left_2025_06_02_17_02_55_432.jpg,C:\myData\IMG\right_2025_06_02_17_02_55_432.jpg,0,0,0,10.32931
C:\myData\IMG\center_2025_06_02_17_02_55_591.jpg,C:\myData\IMG\left_2025_06_02_17_02_55_591.jpg,C:\myData\IMG\right_2025_06_02_17_02_55_591.jpg,0,0,0,10.16634
C:\myData\IMG\center_2025_06_02_17_02_55_759.jpg,C:\myData\IMG\left_2025_06_02_17_02_55_759.jpg,C:\myData\IMG\right_2025_06_02_17_02_55_759.jpg,0,0,0,10.00598
C:\myData\IMG\center_2025_06_02_17_02_55_926.jpg,C:\myData\IMG\left_2025_06_02_17_02_55_926.jpg,C:\myData\IMG\right_2025_06_02_17_02_55_926.jpg,0,0,0,9.828646
C:\myData\IMG\center_2025_06_02_17_02_56_093.jpg,C:\myData\IMG\left_2025_06_02_17_02_56_093.jpg,C:\myData\IMG\right_2025_06_02_17_02_56_093.jpg,0,0,0,9.673699
C:\myData\IMG\center_2025_06_02_17_02_56_265.jpg,C:\myData\IMG\left_2025_06_02_17_02_56_265.jpg,C:\myData\IMG\right_2025_06_02_17_02_56_265.jpg,0,0.5163876,0,10.5839
C:\myData\IMG\center_2025_06_02_17_02_56_451.jpg,C:\myData\IMG\left_2025_06_02_17_02_56_451.jpg,C:\myData\IMG\right_2025_06_02_17_02_56_451.jpg,0,0,0,10.43921
C:\myData\IMG\center_2025_06_02_17_02_56_613.jpg,C:\myData\IMG\left_2025_06_02_17_02_56_613.jpg,C:\myData\IMG\right_2025_06_02_17_02_56_613.jpg,0,0,0,10.27449
C:\myData\IMG\center_2025_06_02_17_02_56_767.jpg,C:\myData\IMG\left_2025_06_02_17_02_56_767.jpg,C:\myData\IMG\right_2025_06_02_17_02_56_767.jpg,0,0,0,10.11239
C:\myData\IMG\center_2025_06_02_17_02_56_931.jpg,C:\myData\IMG\left_2025_06_02_17_02_56_931.jpg,C:\myData\IMG\right_2025_06_02_17_02_56_931.jpg,0,0,0,9.9529
C:\myData\IMG\center_2025_06_02_17_02_57_108.jpg,C:\myData\IMG\left_2025_06_02_17_02_57_108.jpg,C:\myData\IMG\right_2025_06_02_17_02_57_108.jpg,0,0,0,9.776521
C:\myData\IMG\center_2025_06_02_17_02_57_284.jpg,C:\myData\IMG\left_2025_06_02_17_02_57_284.jpg,C:\myData\IMG\right_2025_06_02_17_02_57_284.jpg,0,0,0,9.603316
C:\myData\IMG\center_2025_06_02_17_02_57_447.jpg,C:\myData\IMG\left_2025_06_02_17_02_57_447.jpg,C:\myData\IMG\right_2025_06_02_17_02_57_447.jpg,0,0,0,9.451979
C:\myData\IMG\center_2025_06_02_17_02_57_612.jpg,C:\myData\IMG\left_2025_06_02_17_02_57_612.jpg,C:\myData\IMG\right_2025_06_02_17_02_57_612.jpg,0,0,0,9.303061
C:\myData\IMG\center_2025_06_02_17_02_57_771.jpg,C:\myData\IMG\left_2025_06_02_17_02_57_771.jpg,C:\myData\IMG\right_2025_06_02_17_02_57_771.jpg,0,0,0,9.156533
C:\myData\IMG\center_2025_06_02_17_02_57_934.jpg,C:\myData\IMG\left_2025_06_02_17_02_57_934.jpg,C:\myData\IMG\right_2025_06_02_17_02_57_934.jpg,0,0,0,9.012348
C:\myData\IMG\center_2025_06_02_17_02_58_103.jpg,C:\myData\IMG\left_2025_06_02_17_02_58_103.jpg,C:\myData\IMG\right_2025_06_02_17_02_58_103.jpg,0,0,0,8.8529
C:\myData\IMG\center_2025_06_02_17_02_58_271.jpg,C:\myData\IMG\left_2025_06_02_17_02_58_271.jpg,C:\myData\IMG\right_2025_06_02_17_02_58_271.jpg,0,0,0,8.713582
C:\myData\IMG\center_2025_06_02_17_02_58_427.jpg,C:\myData\IMG\left_2025_06_02_17_02_58_427.jpg,C:\myData\IMG\right_2025_06_02_17_02_58_427.jpg,0,0,0,8.576494
C:\myData\IMG\center_2025_06_02_17_02_58_571.jpg,C:\myData\IMG\left_2025_06_02_17_02_58_571.jpg,C:\myData\IMG\right_2025_06_02_17_02_58_571.jpg,0,0,0,8.458348
C:\myData\IMG\center_2025_06_02_17_02_58_736.jpg,C:\myData\IMG\left_2025_06_02_17_02_58_736.jpg,C:\myData\IMG\right_2025_06_02_17_02_58_736.jpg,0,0,0,8.325348
C:\myData\IMG\center_2025_06_02_17_02_58_906.jpg,C:\myData\IMG\left_2025_06_02_17_02_58_906.jpg,C:\myData\IMG\right_2025_06_02_17_02_58_906.jpg,0,0,0,8.178268
C:\myData\IMG\center_2025_06_02_17_02_59_067.jpg,C:\myData\IMG\left_2025_06_02_17_02_59_067.jpg,C:\myData\IMG\right_2025_06_02_17_02_59_067.jpg,0,0,0,8.049753
C:\myData\IMG\center_2025_06_02_17_02_59_222.jpg,C:\myData\IMG\left_2025_06_02_17_02_59_222.jpg,C:\myData\IMG\right_2025_06_02_17_02_59_222.jpg,0,0,0,7.923296
C:\myData\IMG\center_2025_06_02_17_02_59_390.jpg,C:\myData\IMG\left_2025_06_02_17_02_59_390.jpg,C:\myData\IMG\right_2025_06_02_17_02_59_390.jpg,0,0,0,7.798863
C:\myData\IMG\center_2025_06_02_17_02_59_547.jpg,C:\myData\IMG\left_2025_06_02_17_02_59_547.jpg,C:\myData\IMG\right_2025_06_02_17_02_59_547.jpg,0,0,0,7.676424
C:\myData\IMG\center_2025_06_02_17_02_59_712.jpg,C:\myData\IMG\left_2025_06_02_17_02_59_712.jpg,C:\myData\IMG\right_2025_06_02_17_02_59_712.jpg,0,0,0,7.555946
C:\myData\IMG\center_2025_06_02_17_02_59_868.jpg,C:\myData\IMG\left_2025_06_02_17_02_59_868.jpg,C:\myData\IMG\right_2025_06_02_17_02_59_868.jpg,0,0,0,7.437397
C:\myData\IMG\center_2025_06_02_17_03_00_036.jpg,C:\myData\IMG\left_2025_06_02_17_03_00_036.jpg,C:\myData\IMG\right_2025_06_02_17_03_00_036.jpg,0,0.4922427,0,8.241326
C:\myData\IMG\center_2025_06_02_17_03_00_171.jpg,C:\myData\IMG\left_2025_06_02_17_03_00_171.jpg,C:\myData\IMG\right_2025_06_02_17_03_00_171.jpg,0,0.9090606,0,9.633289
C:\myData\IMG\center_2025_06_02_17_03_00_332.jpg,C:\myData\IMG\left_2025_06_02_17_03_00_332.jpg,C:\myData\IMG\right_2025_06_02_17_03_00_332.jpg,0,0.4300923,0,10.35054
C:\myData\IMG\center_2025_06_02_17_03_00_500.jpg,C:\myData\IMG\left_2025_06_02_17_03_00_500.jpg,C:\myData\IMG\right_2025_06_02_17_03_00_500.jpg,0,0.9343437,0,11.85045
C:\myData\IMG\center_2025_06_02_17_03_00_659.jpg,C:\myData\IMG\left_2025_06_02_17_03_00_659.jpg,C:\myData\IMG\right_2025_06_02_17_03_00_659.jpg,0,1,0,13.78381
C:\myData\IMG\center_2025_06_02_17_03_00_820.jpg,C:\myData\IMG\left_2025_06_02_17_03_00_820.jpg,C:\myData\IMG\right_2025_06_02_17_03_00_820.jpg,0,1,0,15.45331
C:\myData\IMG\center_2025_06_02_17_03_01_102.jpg,C:\myData\IMG\left_2025_06_02_17_03_01_102.jpg,C:\myData\IMG\right_2025_06_02_17_03_01_102.jpg,0,0.4709485,0,16.04562
C:\myData\IMG\center_2025_06_02_17_03_01_147.jpg,C:\myData\IMG\left_2025_06_02_17_03_01_147.jpg,C:\myData\IMG\right_2025_06_02_17_03_01_147.jpg,0,0.01769707,0,15.80337
C:\myData\IMG\center_2025_06_02_17_03_01_422.jpg,C:\myData\IMG\left_2025_06_02_17_03_01_422.jpg,C:\myData\IMG\right_2025_06_02_17_03_01_422.jpg,0,0,0,15.55697
C:\myData\IMG\center_2025_06_02_17_03_01_592.jpg,C:\myData\IMG\left_2025_06_02_17_03_01_592.jpg,C:\myData\IMG\right_2025_06_02_17_03_01_592.jpg,0,0,0,15.34216
C:\myData\IMG\center_2025_06_02_17_03_01_752.jpg,C:\myData\IMG\left_2025_06_02_17_03_01_752.jpg,C:\myData\IMG\right_2025_06_02_17_03_01_752.jpg,0,0,0,15.60513
C:\myData\IMG\center_2025_06_02_17_03_01_911.jpg,C:\myData\IMG\left_2025_06_02_17_03_01_911.jpg,C:\myData\IMG\right_2025_06_02_17_03_01_911.jpg,0,0,0,15.36284
C:\myData\IMG\center_2025_06_02_17_03_02_071.jpg,C:\myData\IMG\left_2025_06_02_17_03_02_071.jpg,C:\myData\IMG\right_2025_06_02_17_03_02_071.jpg,0,0,0,14.63911
C:\myData\IMG\center_2025_06_02_17_03_02_234.jpg,C:\myData\IMG\left_2025_06_02_17_03_02_234.jpg,C:\myData\IMG\right_2025_06_02_17_03_02_234.jpg,0,0,0,14.88876
C:\myData\IMG\center_2025_06_02_17_03_02_394.jpg,C:\myData\IMG\left_2025_06_02_17_03_02_394.jpg,C:\myData\IMG\right_2025_06_02_17_03_02_394.jpg,0,0,0,14.6572
C:\myData\IMG\center_2025_06_02_17_03_02_558.jpg,C:\myData\IMG\left_2025_06_02_17_03_02_558.jpg,C:\myData\IMG\right_2025_06_02_17_03_02_558.jpg,0,0,0,14.43179
C:\myData\IMG\center_2025_06_02_17_03_02_729.jpg,C:\myData\IMG\left_2025_06_02_17_03_02_729.jpg,C:\myData\IMG\right_2025_06_02_17_03_02_729.jpg,0,0,0,14.18378
C:\myData\IMG\center_2025_06_02_17_03_02_891.jpg,C:\myData\IMG\left_2025_06_02_17_03_02_891.jpg,C:\myData\IMG\right_2025_06_02_17_03_02_891.jpg,0,0,0,13.98165
C:\myData\IMG\center_2025_06_02_17_03_03_050.jpg,C:\myData\IMG\left_2025_06_02_17_03_03_050.jpg,C:\myData\IMG\right_2025_06_02_17_03_03_050.jpg,0,0,0,13.70263
C:\myData\IMG\center_2025_06_02_17_03_03_211.jpg,C:\myData\IMG\left_2025_06_02_17_03_03_211.jpg,C:\myData\IMG\right_2025_06_02_17_03_03_211.jpg,0,0,0,13.48295
C:\myData\IMG\center_2025_06_02_17_03_03_373.jpg,C:\myData\IMG\left_2025_06_02_17_03_03_373.jpg,C:\myData\IMG\right_2025_06_02_17_03_03_373.jpg,0,0,0,13.26724
C:\myData\IMG\center_2025_06_02_17_03_03_546.jpg,C:\myData\IMG\left_2025_06_02_17_03_03_546.jpg,C:\myData\IMG\right_2025_06_02_17_03_03_546.jpg,0,0,0,12.47066
C:\myData\IMG\center_2025_06_02_17_03_03_701.jpg,C:\myData\IMG\left_2025_06_02_17_03_03_701.jpg,C:\myData\IMG\right_2025_06_02_17_03_03_701.jpg,0,0,0,12.26393
C:\myData\IMG\center_2025_06_02_17_03_03_872.jpg,C:\myData\IMG\left_2025_06_02_17_03_03_872.jpg,C:\myData\IMG\right_2025_06_02_17_03_03_872.jpg,0,0,0,12.06029
C:\myData\IMG\center_2025_06_02_17_03_04_032.jpg,C:\myData\IMG\left_2025_06_02_17_03_04_032.jpg,C:\myData\IMG\right_2025_06_02_17_03_04_032.jpg,0,0,0,11.85985
C:\myData\IMG\center_2025_06_02_17_03_04_195.jpg,C:\myData\IMG\left_2025_06_02_17_03_04_195.jpg,C:\myData\IMG\right_2025_06_02_17_03_04_195.jpg,0,0,0,11.66269
C:\myData\IMG\center_2025_06_02_17_03_04_358.jpg,C:\myData\IMG\left_2025_06_02_17_03_04_358.jpg,C:\myData\IMG\right_2025_06_02_17_03_04_358.jpg,0,0,0,11.99073
C:\myData\IMG\center_2025_06_02_17_03_04_526.jpg,C:\myData\IMG\left_2025_06_02_17_03_04_526.jpg,C:\myData\IMG\right_2025_06_02_17_03_04_526.jpg,0,0,0,11.80839
C:\myData\IMG\center_2025_06_02_17_03_04_690.jpg,C:\myData\IMG\left_2025_06_02_17_03_04_690.jpg,C:\myData\IMG\right_2025_06_02_17_03_04_690.jpg,0.45,0,0,11.5658
C:\myData\IMG\center_2025_06_02_17_03_04_854.jpg,C:\myData\IMG\left_2025_06_02_17_03_04_854.jpg,C:\myData\IMG\right_2025_06_02_17_03_04_854.jpg,0,0,0,11.15097
C:\myData\IMG\center_2025_06_02_17_03_04_919.jpg,C:\myData\IMG\left_2025_06_02_17_03_04_919.jpg,C:\myData\IMG\right_2025_06_02_17_03_04_919.jpg,0,0,0,10.97481
C:\myData\IMG\center_2025_06_02_17_03_05_086.jpg,C:\myData\IMG\left_2025_06_02_17_03_05_086.jpg,C:\myData\IMG\right_2025_06_02_17_03_05_086.jpg,0,0,0,10.78048
C:\myData\IMG\center_2025_06_02_17_03_05_239.jpg,C:\myData\IMG\left_2025_06_02_17_03_05_239.jpg,C:\myData\IMG\right_2025_06_02_17_03_05_239.jpg,0,0,0,10.63177
C:\myData\IMG\center_2025_06_02_17_03_05_414.jpg,C:\myData\IMG\left_2025_06_02_17_03_05_414.jpg,C:\myData\IMG\right_2025_06_02_17_03_05_414.jpg,0,0,0,10.44364
C:\myData\IMG\center_2025_06_02_17_03_05_576.jpg,C:\myData\IMG\left_2025_06_02_17_03_05_576.jpg,C:\myData\IMG\right_2025_06_02_17_03_05_576.jpg,0,0,0,10.27925
C:\myData\IMG\center_2025_06_02_17_03_05_756.jpg,C:\myData\IMG\left_2025_06_02_17_03_05_756.jpg,C:\myData\IMG\right_2025_06_02_17_03_05_756.jpg,0,0,0,10.09746
C:\myData\IMG\center_2025_06_02_17_03_05_914.jpg,C:\myData\IMG\left_2025_06_02_17_03_05_914.jpg,C:\myData\IMG\right_2025_06_02_17_03_05_914.jpg,0,0,0,9.938617
C:\myData\IMG\center_2025_06_02_17_03_06_080.jpg,C:\myData\IMG\left_2025_06_02_17_03_06_080.jpg,C:\myData\IMG\right_2025_06_02_17_03_06_080.jpg,0,0,0,9.762958
C:\myData\IMG\center_2025_06_02_17_03_06_243.jpg,C:\myData\IMG\left_2025_06_02_17_03_06_243.jpg,C:\myData\IMG\right_2025_06_02_17_03_06_243.jpg,0,0,0,9.609473
C:\myData\IMG\center_2025_06_02_17_03_06_408.jpg,C:\myData\IMG\left_2025_06_02_17_03_06_408.jpg,C:\myData\IMG\right_2025_06_02_17_03_06_408.jpg,0,0,0,9.458444
C:\myData\IMG\center_2025_06_02_17_03_06_575.jpg,C:\myData\IMG\left_2025_06_02_17_03_06_575.jpg,C:\myData\IMG\right_2025_06_02_17_03_06_575.jpg,0,0.4992195,0,10.23665
C:\myData\IMG\center_2025_06_02_17_03_06_739.jpg,C:\myData\IMG\left_2025_06_02_17_03_06_739.jpg,C:\myData\IMG\right_2025_06_02_17_03_06_739.jpg,0,0.006275058,0,10.12781
C:\myData\IMG\center_2025_06_02_17_03_06_906.jpg,C:\myData\IMG\left_2025_06_02_17_03_06_906.jpg,C:\myData\IMG\right_2025_06_02_17_03_06_906.jpg,0,0.5054808,0,11.00658
C:\myData\IMG\center_2025_06_02_17_03_07_074.jpg,C:\myData\IMG\left_2025_06_02_17_03_07_074.jpg,C:\myData\IMG\right_2025_06_02_17_03_07_074.jpg,0,0,0,10.87676
C:\myData\IMG\center_2025_06_02_17_03_07_247.jpg,C:\myData\IMG\left_2025_06_02_17_03_07_247.jpg,C:\myData\IMG\right_2025_06_02_17_03_07_247.jpg,0,0,0,10.68422
C:\myData\IMG\center_2025_06_02_17_03_07_407.jpg,C:\myData\IMG\left_2025_06_02_17_03_07_407.jpg,C:\myData\IMG\right_2025_06_02_17_03_07_407.jpg,0,0,0,10.51598
C:\myData\IMG\center_2025_06_02_17_03_07_584.jpg,C:\myData\IMG\left_2025_06_02_17_03_07_584.jpg,C:\myData\IMG\right_2025_06_02_17_03_07_584.jpg,0,0,0,10.32993
C:\myData\IMG\center_2025_06_02_17_03_07_750.jpg,C:\myData\IMG\left_2025_06_02_17_03_07_750.jpg,C:\myData\IMG\right_2025_06_02_17_03_07_750.jpg,0,0,0,10.16737
C:\myData\IMG\center_2025_06_02_17_03_07_909.jpg,C:\myData\IMG\left_2025_06_02_17_03_07_909.jpg,C:\myData\IMG\right_2025_06_02_17_03_07_909.jpg,0,0,0,10.00741
C:\myData\IMG\center_2025_06_02_17_03_08_070.jpg,C:\myData\IMG\left_2025_06_02_17_03_08_070.jpg,C:\myData\IMG\right_2025_06_02_17_03_08_070.jpg,0,0,0,9.850011
C:\myData\IMG\center_2025_06_02_17_03_08_255.jpg,C:\myData\IMG\left_2025_06_02_17_03_08_255.jpg,C:\myData\IMG\right_2025_06_02_17_03_08_255.jpg,0,0,0,9.675951
C:\myData\IMG\center_2025_06_02_17_03_08_414.jpg,C:\myData\IMG\left_2025_06_02_17_03_08_414.jpg,C:\myData\IMG\right_2025_06_02_17_03_08_414.jpg,0,0,0,9.523859
C:\myData\IMG\center_2025_06_02_17_03_08_589.jpg,C:\myData\IMG\left_2025_06_02_17_03_08_589.jpg,C:\myData\IMG\right_2025_06_02_17_03_08_589.jpg,0,0,0,9.355662
C:\myData\IMG\center_2025_06_02_17_03_08_749.jpg,C:\myData\IMG\left_2025_06_02_17_03_08_749.jpg,C:\myData\IMG\right_2025_06_02_17_03_08_749.jpg,0,0,0,9.208704
C:\myData\IMG\center_2025_06_02_17_03_08_920.jpg,C:\myData\IMG\left_2025_06_02_17_03_08_920.jpg,C:\myData\IMG\right_2025_06_02_17_03_08_920.jpg,0,0,0,9.046185
C:\myData\IMG\center_2025_06_02_17_03_09_087.jpg,C:\myData\IMG\left_2025_06_02_17_03_09_087.jpg,C:\myData\IMG\right_2025_06_02_17_03_09_087.jpg,0,0,0,8.904183
C:\myData\IMG\center_2025_06_02_17_03_09_257.jpg,C:\myData\IMG\left_2025_06_02_17_03_09_257.jpg,C:\myData\IMG\right_2025_06_02_17_03_09_257.jpg,0,0,0,8.764464
C:\myData\IMG\center_2025_06_02_17_03_09_437.jpg,C:\myData\IMG\left_2025_06_02_17_03_09_437.jpg,C:\myData\IMG\right_2025_06_02_17_03_09_437.jpg,0,0,0,8.609948
C:\myData\IMG\center_2025_06_02_17_03_09_607.jpg,C:\myData\IMG\left_2025_06_02_17_03_09_607.jpg,C:\myData\IMG\right_2025_06_02_17_03_09_607.jpg,0,0,0,8.458215
C:\myData\IMG\center_2025_06_02_17_03_09_773.jpg,C:\myData\IMG\left_2025_06_02_17_03_09_773.jpg,C:\myData\IMG\right_2025_06_02_17_03_09_773.jpg,0,0,0,8.325636
C:\myData\IMG\center_2025_06_02_17_03_09_942.jpg,C:\myData\IMG\left_2025_06_02_17_03_09_942.jpg,C:\myData\IMG\right_2025_06_02_17_03_09_942.jpg,0,0,0,8.17902
C:\myData\IMG\center_2025_06_02_17_03_10_115.jpg,C:\myData\IMG\left_2025_06_02_17_03_10_115.jpg,C:\myData\IMG\right_2025_06_02_17_03_10_115.jpg,0,0,0,8.050911
C:\myData\IMG\center_2025_06_02_17_03_10_283.jpg,C:\myData\IMG\left_2025_06_02_17_03_10_283.jpg,C:\myData\IMG\right_2025_06_02_17_03_10_283.jpg,0,0,0,7.909238
C:\myData\IMG\center_2025_06_02_17_03_10_461.jpg,C:\myData\IMG\left_2025_06_02_17_03_10_461.jpg,C:\myData\IMG\right_2025_06_02_17_03_10_461.jpg,0,0,0,7.770116
C:\myData\IMG\center_2025_06_02_17_03_10_642.jpg,C:\myData\IMG\left_2025_06_02_17_03_10_642.jpg,C:\myData\IMG\right_2025_06_02_17_03_10_642.jpg,0,0,0,7.633497
C:\myData\IMG\center_2025_06_02_17_03_10_822.jpg,C:\myData\IMG\left_2025_06_02_17_03_10_822.jpg,C:\myData\IMG\right_2025_06_02_17_03_10_822.jpg,0,0,0,7.499336
C:\myData\IMG\center_2025_06_02_17_03_10_990.jpg,C:\myData\IMG\left_2025_06_02_17_03_10_990.jpg,C:\myData\IMG\right_2025_06_02_17_03_10_990.jpg,0,0,0,7.38211
C:\myData\IMG\center_2025_06_02_17_03_11_159.jpg,C:\myData\IMG\left_2025_06_02_17_03_11_159.jpg,C:\myData\IMG\right_2025_06_02_17_03_11_159.jpg,0,0.5039907,0,8.209439
C:\myData\IMG\center_2025_06_02_17_03_11_327.jpg,C:\myData\IMG\left_2025_06_02_17_03_11_327.jpg,C:\myData\IMG\right_2025_06_02_17_03_11_327.jpg,0,0,0,8.09897
C:\myData\IMG\center_2025_06_02_17_03_11_509.jpg,C:\myData\IMG\left_2025_06_02_17_03_11_509.jpg,C:\myData\IMG\right_2025_06_02_17_03_11_509.jpg,0,0,0,7.956437
C:\myData\IMG\center_2025_06_02_17_03_11_675.jpg,C:\myData\IMG\left_2025_06_02_17_03_11_675.jpg,C:\myData\IMG\right_2025_06_02_17_03_11_675.jpg,0,0,0,7.831892
C:\myData\IMG\center_2025_06_02_17_03_11_848.jpg,C:\myData\IMG\left_2025_06_02_17_03_11_848.jpg,C:\myData\IMG\right_2025_06_02_17_03_11_848.jpg,0,0,0,7.694161
C:\myData\IMG\center_2025_06_02_17_03_12_020.jpg,C:\myData\IMG\left_2025_06_02_17_03_12_020.jpg,C:\myData\IMG\right_2025_06_02_17_03_12_020.jpg,0,0,0,7.558908
C:\myData\IMG\center_2025_06_02_17_03_12_188.jpg,C:\myData\IMG\left_2025_06_02_17_03_12_188.jpg,C:\myData\IMG\right_2025_06_02_17_03_12_188.jpg,0,0,0,7.440728
C:\myData\IMG\center_2025_06_02_17_03_12_356.jpg,C:\myData\IMG\left_2025_06_02_17_03_12_356.jpg,C:\myData\IMG\right_2025_06_02_17_03_12_356.jpg,0,0,0,7.324441
C:\myData\IMG\center_2025_06_02_17_03_12_535.jpg,C:\myData\IMG\left_2025_06_02_17_03_12_535.jpg,C:\myData\IMG\right_2025_06_02_17_03_12_535.jpg,0,0,0,7.195843
C:\myData\IMG\center_2025_06_02_17_03_12_716.jpg,C:\myData\IMG\left_2025_06_02_17_03_12_716.jpg,C:\myData\IMG\right_2025_06_02_17_03_12_716.jpg,0,0,0,7.06956
C:\myData\IMG\center_2025_06_02_17_03_12_880.jpg,C:\myData\IMG\left_2025_06_02_17_03_12_880.jpg,C:\myData\IMG\right_2025_06_02_17_03_12_880.jpg,0,0,0,6.945551
C:\myData\IMG\center_2025_06_02_17_03_13_054.jpg,C:\myData\IMG\left_2025_06_02_17_03_13_054.jpg,C:\myData\IMG\right_2025_06_02_17_03_13_054.jpg,0.4,0,0,6.801852
C:\myData\IMG\center_2025_06_02_17_03_13_226.jpg,C:\myData\IMG\left_2025_06_02_17_03_13_226.jpg,C:\myData\IMG\right_2025_06_02_17_03_13_226.jpg,0,0,0,6.667273
C:\myData\IMG\center_2025_06_02_17_03_13_400.jpg,C:\myData\IMG\left_2025_06_02_17_03_13_400.jpg,C:\myData\IMG\right_2025_06_02_17_03_13_400.jpg,0,0,0,6.550676
C:\myData\IMG\center_2025_06_02_17_03_13_577.jpg,C:\myData\IMG\left_2025_06_02_17_03_13_577.jpg,C:\myData\IMG\right_2025_06_02_17_03_13_577.jpg,0,0,0,6.460214
C:\myData\IMG\center_2025_06_02_17_03_13_761.jpg,C:\myData\IMG\left_2025_06_02_17_03_13_761.jpg,C:\myData\IMG\right_2025_06_02_17_03_13_761.jpg,0,0,0,6.320875
C:\myData\IMG\center_2025_06_02_17_03_13_938.jpg,C:\myData\IMG\left_2025_06_02_17_03_13_938.jpg,C:\myData\IMG\right_2025_06_02_17_03_13_938.jpg,0,0,0,6.221296
C:\myData\IMG\center_2025_06_02_17_03_14_107.jpg,C:\myData\IMG\left_2025_06_02_17_03_14_107.jpg,C:\myData\IMG\right_2025_06_02_17_03_14_107.jpg,0,0,0,6.110706
C:\myData\IMG\center_2025_06_02_17_03_14_277.jpg,C:\myData\IMG\left_2025_06_02_17_03_14_277.jpg,C:\myData\IMG\right_2025_06_02_17_03_14_277.jpg,0,0,0,6.014159
C:\myData\IMG\center_2025_06_02_17_03_14_456.jpg,C:\myData\IMG\left_2025_06_02_17_03_14_456.jpg,C:\myData\IMG\right_2025_06_02_17_03_14_456.jpg,0,0.5306835,0,7.032156
C:\myData\IMG\center_2025_06_02_17_03_14_621.jpg,C:\myData\IMG\left_2025_06_02_17_03_14_621.jpg,C:\myData\IMG\right_2025_06_02_17_03_14_621.jpg,0,1,0,8.89864
C:\myData\IMG\center_2025_06_02_17_03_14_910.jpg,C:\myData\IMG\left_2025_06_02_17_03_14_910.jpg,C:\myData\IMG\right_2025_06_02_17_03_14_910.jpg,0,0.4643557,0,9.921306
C:\myData\IMG\center_2025_06_02_17_03_14_960.jpg,C:\myData\IMG\left_2025_06_02_17_03_14_960.jpg,C:\myData\IMG\right_2025_06_02_17_03_14_960.jpg,0,0.9454462,0,11.63552
C:\myData\IMG\center_2025_06_02_17_03_15_250.jpg,C:\myData\IMG\left_2025_06_02_17_03_15_250.jpg,C:\myData\IMG\right_2025_06_02_17_03_15_250.jpg,0,0.4203739,0,12.2111
C:\myData\IMG\center_2025_06_02_17_03_15_425.jpg,C:\myData\IMG\left_2025_06_02_17_03_15_425.jpg,C:\myData\IMG\right_2025_06_02_17_03_15_425.jpg,0,0,0,11.86553
C:\myData\IMG\center_2025_06_02_17_03_15_599.jpg,C:\myData\IMG\left_2025_06_02_17_03_15_599.jpg,C:\myData\IMG\right_2025_06_02_17_03_15_599.jpg,0,0.5499927,0,13.01253
C:\myData\IMG\center_2025_06_02_17_03_15_768.jpg,C:\myData\IMG\left_2025_06_02_17_03_15_768.jpg,C:\myData\IMG\right_2025_06_02_17_03_15_768.jpg,0,1,0,14.56194
C:\myData\IMG\center_2025_06_02_17_03_15_945.jpg,C:\myData\IMG\left_2025_06_02_17_03_15_945.jpg,C:\myData\IMG\right_2025_06_02_17_03_15_945.jpg,0,0.5002474,0,15.68108
C:\myData\IMG\center_2025_06_02_17_03_16_113.jpg,C:\myData\IMG\left_2025_06_02_17_03_16_113.jpg,C:\myData\IMG\right_2025_06_02_17_03_16_113.jpg,0.45,0,0,14.90935
C:\myData\IMG\center_2025_06_02_17_03_16_285.jpg,C:\myData\IMG\left_2025_06_02_17_03_16_285.jpg,C:\myData\IMG\right_2025_06_02_17_03_16_285.jpg,0,0,0,14.62689
C:\myData\IMG\center_2025_06_02_17_03_16_460.jpg,C:\myData\IMG\left_2025_06_02_17_03_16_460.jpg,C:\myData\IMG\right_2025_06_02_17_03_16_460.jpg,0,0,0,14.91096
C:\myData\IMG\center_2025_06_02_17_03_16_634.jpg,C:\myData\IMG\left_2025_06_02_17_03_16_634.jpg,C:\myData\IMG\right_2025_06_02_17_03_16_634.jpg,0,0,0,14.12924
C:\myData\IMG\center_2025_06_02_17_03_16_821.jpg,C:\myData\IMG\left_2025_06_02_17_03_16_821.jpg,C:\myData\IMG\right_2025_06_02_17_03_16_821.jpg,0,0,0,13.89897
C:\myData\IMG\center_2025_06_02_17_03_17_000.jpg,C:\myData\IMG\left_2025_06_02_17_03_17_000.jpg,C:\myData\IMG\right_2025_06_02_17_03_17_000.jpg,0,0,0,14.14052
C:\myData\IMG\center_2025_06_02_17_03_17_172.jpg,C:\myData\IMG\left_2025_06_02_17_03_17_172.jpg,C:\myData\IMG\right_2025_06_02_17_03_17_172.jpg,0,0,0,13.33632
C:\myData\IMG\center_2025_06_02_17_03_17_351.jpg,C:\myData\IMG\left_2025_06_02_17_03_17_351.jpg,C:\myData\IMG\right_2025_06_02_17_03_17_351.jpg,0,0,0,13.60716
C:\myData\IMG\center_2025_06_02_17_03_17_529.jpg,C:\myData\IMG\left_2025_06_02_17_03_17_529.jpg,C:\myData\IMG\right_2025_06_02_17_03_17_529.jpg,0.45,0,0,12.74473
C:\myData\IMG\center_2025_06_02_17_03_17_736.jpg,C:\myData\IMG\left_2025_06_02_17_03_17_736.jpg,C:\myData\IMG\right_2025_06_02_17_03_17_736.jpg,0,0,0,13.04654
C:\myData\IMG\center_2025_06_02_17_03_17_916.jpg,C:\myData\IMG\left_2025_06_02_17_03_17_916.jpg,C:\myData\IMG\right_2025_06_02_17_03_17_916.jpg,0,0,0,12.71397
C:\myData\IMG\center_2025_06_02_17_03_18_101.jpg,C:\myData\IMG\left_2025_06_02_17_03_18_101.jpg,C:\myData\IMG\right_2025_06_02_17_03_18_101.jpg,0,0,0,11.95418
C:\myData\IMG\center_2025_06_02_17_03_18_292.jpg,C:\myData\IMG\left_2025_06_02_17_03_18_292.jpg,C:\myData\IMG\right_2025_06_02_17_03_18_292.jpg,0,0,0,12.27354
C:\myData\IMG\center_2025_06_02_17_03_18_481.jpg,C:\myData\IMG\left_2025_06_02_17_03_18_481.jpg,C:\myData\IMG\right_2025_06_02_17_03_18_481.jpg,0,0,0,12.04034
C:\myData\IMG\center_2025_06_02_17_03_18_665.jpg,C:\myData\IMG\left_2025_06_02_17_03_18_665.jpg,C:\myData\IMG\right_2025_06_02_17_03_18_665.jpg,0,0,0,11.25899
C:\myData\IMG\center_2025_06_02_17_03_18_849.jpg,C:\myData\IMG\left_2025_06_02_17_03_18_849.jpg,C:\myData\IMG\right_2025_06_02_17_03_18_849.jpg,0,0,0,11.32473
C:\myData\IMG\center_2025_06_02_17_03_19_033.jpg,C:\myData\IMG\left_2025_06_02_17_03_19_033.jpg,C:\myData\IMG\right_2025_06_02_17_03_19_033.jpg,0.45,0,0,11.16146
C:\myData\IMG\center_2025_06_02_17_03_19_079.jpg,C:\myData\IMG\left_2025_06_02_17_03_19_079.jpg,C:\myData\IMG\right_2025_06_02_17_03_19_079.jpg,0,0,0,10.9126
C:\myData\IMG\center_2025_06_02_17_03_19_278.jpg,C:\myData\IMG\left_2025_06_02_17_03_19_278.jpg,C:\myData\IMG\right_2025_06_02_17_03_19_278.jpg,0,0,0,10.71622
C:\myData\IMG\center_2025_06_02_17_03_19_468.jpg,C:\myData\IMG\left_2025_06_02_17_03_19_468.jpg,C:\myData\IMG\right_2025_06_02_17_03_19_468.jpg,0,0,0,10.50242
C:\myData\IMG\center_2025_06_02_17_03_19_648.jpg,C:\myData\IMG\left_2025_06_02_17_03_19_648.jpg,C:\myData\IMG\right_2025_06_02_17_03_19_648.jpg,0,0,0,10.31366
C:\myData\IMG\center_2025_06_02_17_03_19_841.jpg,C:\myData\IMG\left_2025_06_02_17_03_19_841.jpg,C:\myData\IMG\right_2025_06_02_17_03_19_841.jpg,0,0,0,10.10792
C:\myData\IMG\center_2025_06_02_17_03_20_028.jpg,C:\myData\IMG\left_2025_06_02_17_03_20_028.jpg,C:\myData\IMG\right_2025_06_02_17_03_20_028.jpg,0,0,0,9.92627
C:\myData\IMG\center_2025_06_02_17_03_20_217.jpg,C:\myData\IMG\left_2025_06_02_17_03_20_217.jpg,C:\myData\IMG\right_2025_06_02_17_03_20_217.jpg,0,0,0,9.747849
C:\myData\IMG\center_2025_06_02_17_03_20_412.jpg,C:\myData\IMG\left_2025_06_02_17_03_20_412.jpg,C:\myData\IMG\right_2025_06_02_17_03_20_412.jpg,0.5000001,0,0,9.478368
C:\myData\IMG\center_2025_06_02_17_03_20_607.jpg,C:\myData\IMG\left_2025_06_02_17_03_20_607.jpg,C:\myData\IMG\right_2025_06_02_17_03_20_607.jpg,0,0,0,9.257683
C:\myData\IMG\center_2025_06_02_17_03_20_799.jpg,C:\myData\IMG\left_2025_06_02_17_03_20_799.jpg,C:\myData\IMG\right_2025_06_02_17_03_20_799.jpg,0,0,0,9.091593
C:\myData\IMG\center_2025_06_02_17_03_20_989.jpg,C:\myData\IMG\left_2025_06_02_17_03_20_989.jpg,C:\myData\IMG\right_2025_06_02_17_03_20_989.jpg,0,0,0,8.910393
C:\myData\IMG\center_2025_06_02_17_03_21_182.jpg,C:\myData\IMG\left_2025_06_02_17_03_21_182.jpg,C:\myData\IMG\right_2025_06_02_17_03_21_182.jpg,0,0,0,8.732512
C:\myData\IMG\center_2025_06_02_17_03_21_371.jpg,C:\myData\IMG\left_2025_06_02_17_03_21_371.jpg,C:\myData\IMG\right_2025_06_02_17_03_21_371.jpg,0,0,0,8.575461
C:\myData\IMG\center_2025_06_02_17_03_21_569.jpg,C:\myData\IMG\left_2025_06_02_17_03_21_569.jpg,C:\myData\IMG\right_2025_06_02_17_03_21_569.jpg,0,0,0,8.404277
C:\myData\IMG\center_2025_06_02_17_03_21_763.jpg,C:\myData\IMG\left_2025_06_02_17_03_21_763.jpg,C:\myData\IMG\right_2025_06_02_17_03_21_763.jpg,0.5000001,0,0,8.172688
C:\myData\IMG\center_2025_06_02_17_03_21_955.jpg,C:\myData\IMG\left_2025_06_02_17_03_21_955.jpg,C:\myData\IMG\right_2025_06_02_17_03_21_955.jpg,0.9500002,0,0,7.865452
C:\myData\IMG\center_2025_06_02_17_03_22_149.jpg,C:\myData\IMG\left_2025_06_02_17_03_22_149.jpg,C:\myData\IMG\right_2025_06_02_17_03_22_149.jpg,0,0,0,7.572109
C:\myData\IMG\center_2025_06_02_17_03_22_341.jpg,C:\myData\IMG\left_2025_06_02_17_03_22_341.jpg,C:\myData\IMG\right_2025_06_02_17_03_22_341.jpg,0,0,0,7.424429
C:\myData\IMG\center_2025_06_02_17_03_22_557.jpg,C:\myData\IMG\left_2025_06_02_17_03_22_557.jpg,C:\myData\IMG\right_2025_06_02_17_03_22_557.jpg,0,0,0,7.279922
C:\myData\IMG\center_2025_06_02_17_03_22_754.jpg,C:\myData\IMG\left_2025_06_02_17_03_22_754.jpg,C:\myData\IMG\right_2025_06_02_17_03_22_754.jpg,0,0,0,7.136795
C:\myData\IMG\center_2025_06_02_17_03_22_962.jpg,C:\myData\IMG\left_2025_06_02_17_03_22_962.jpg,C:\myData\IMG\right_2025_06_02_17_03_22_962.jpg,0,0,0,6.982008
C:\myData\IMG\center_2025_06_02_17_03_23_164.jpg,C:\myData\IMG\left_2025_06_02_17_03_23_164.jpg,C:\myData\IMG\right_2025_06_02_17_03_23_164.jpg,0,0,0,6.844268
C:\myData\IMG\center_2025_06_02_17_03_23_368.jpg,C:\myData\IMG\left_2025_06_02_17_03_23_368.jpg,C:\myData\IMG\right_2025_06_02_17_03_23_368.jpg,0,0,0,6.709299
C:\myData\IMG\center_2025_06_02_17_03_23_576.jpg,C:\myData\IMG\left_2025_06_02_17_03_23_576.jpg,C:\myData\IMG\right_2025_06_02_17_03_23_576.jpg,0,0.6215871,0,8.038304
C:\myData\IMG\center_2025_06_02_17_03_23_790.jpg,C:\myData\IMG\left_2025_06_02_17_03_23_790.jpg,C:\myData\IMG\right_2025_06_02_17_03_23_790.jpg,0,0,0,7.902905
C:\myData\IMG\center_2025_06_02_17_03_23_995.jpg,C:\myData\IMG\left_2025_06_02_17_03_23_995.jpg,C:\myData\IMG\right_2025_06_02_17_03_23_995.jpg,0,0,0,7.745069
C:\myData\IMG\center_2025_06_02_17_03_24_204.jpg,C:\myData\IMG\left_2025_06_02_17_03_24_204.jpg,C:\myData\IMG\right_2025_06_02_17_03_24_204.jpg,0,0,0,7.575082
C:\myData\IMG\center_2025_06_02_17_03_24_409.jpg,C:\myData\IMG\left_2025_06_02_17_03_24_409.jpg,C:\myData\IMG\right_2025_06_02_17_03_24_409.jpg,0.5000001,0,0,7.362561
C:\myData\IMG\center_2025_06_02_17_03_24_617.jpg,C:\myData\IMG\left_2025_06_02_17_03_24_617.jpg,C:\myData\IMG\right_2025_06_02_17_03_24_617.jpg,0,0,0,7.187512
C:\myData\IMG\center_2025_06_02_17_03_24_822.jpg,C:\myData\IMG\left_2025_06_02_17_03_24_822.jpg,C:\myData\IMG\right_2025_06_02_17_03_24_822.jpg,0,0,0,7.029734
C:\myData\IMG\center_2025_06_02_17_03_25_033.jpg,C:\myData\IMG\left_2025_06_02_17_03_25_033.jpg,C:\myData\IMG\right_2025_06_02_17_03_25_033.jpg,0,0,0,6.889336
C:\myData\IMG\center_2025_06_02_17_03_25_244.jpg,C:\myData\IMG\left_2025_06_02_17_03_25_244.jpg,C:\myData\IMG\right_2025_06_02_17_03_25_244.jpg,0,0,0,6.738136
C:\myData\IMG\center_2025_06_02_17_03_25_455.jpg,C:\myData\IMG\left_2025_06_02_17_03_25_455.jpg,C:\myData\IMG\right_2025_06_02_17_03_25_455.jpg,0,0,0,6.60356
C:\myData\IMG\center_2025_06_02_17_03_25_666.jpg,C:\myData\IMG\left_2025_06_02_17_03_25_666.jpg,C:\myData\IMG\right_2025_06_02_17_03_25_666.jpg,0,0,0,6.458631
C:\myData\IMG\center_2025_06_02_17_03_25_878.jpg,C:\myData\IMG\left_2025_06_02_17_03_25_878.jpg,C:\myData\IMG\right_2025_06_02_17_03_25_878.jpg,0,0,0,6.329639
C:\myData\IMG\center_2025_06_02_17_03_26_095.jpg,C:\myData\IMG\left_2025_06_02_17_03_26_095.jpg,C:\myData\IMG\right_2025_06_02_17_03_26_095.jpg,0,0,0,6.190722
C:\myData\IMG\center_2025_06_02_17_03_26_303.jpg,C:\myData\IMG\left_2025_06_02_17_03_26_303.jpg,C:\myData\IMG\right_2025_06_02_17_03_26_303.jpg,0,0,0,6.054855
C:\myData\IMG\center_2025_06_02_17_03_26_518.jpg,C:\myData\IMG\left_2025_06_02_17_03_26_518.jpg,C:\myData\IMG\right_2025_06_02_17_03_26_518.jpg,0,0,0,5.933927
C:\myData\IMG\center_2025_06_02_17_03_26_730.jpg,C:\myData\IMG\left_2025_06_02_17_03_26_730.jpg,C:\myData\IMG\right_2025_06_02_17_03_26_730.jpg,0,0,0,5.803695
C:\myData\IMG\center_2025_06_02_17_03_26_946.jpg,C:\myData\IMG\left_2025_06_02_17_03_26_946.jpg,C:\myData\IMG\right_2025_06_02_17_03_26_946.jpg,0,0,0,5.67632
C:\myData\IMG\center_2025_06_02_17_03_27_156.jpg,C:\myData\IMG\left_2025_06_02_17_03_27_156.jpg,C:\myData\IMG\right_2025_06_02_17_03_27_156.jpg,0,0,0,5.562979
C:\myData\IMG\center_2025_06_02_17_03_27_367.jpg,C:\myData\IMG\left_2025_06_02_17_03_27_367.jpg,C:\myData\IMG\right_2025_06_02_17_03_27_367.jpg,0,0,0,5.440891
C:\myData\IMG\center_2025_06_02_17_03_27_577.jpg,C:\myData\IMG\left_2025_06_02_17_03_27_577.jpg,C:\myData\IMG\right_2025_06_02_17_03_27_577.jpg,0,0,0,5.332228
C:\myData\IMG\center_2025_06_02_17_03_27_781.jpg,C:\myData\IMG\left_2025_06_02_17_03_27_781.jpg,C:\myData\IMG\right_2025_06_02_17_03_27_781.jpg,0,0,0,5.215203
C:\myData\IMG\center_2025_06_02_17_03_27_999.jpg,C:\myData\IMG\left_2025_06_02_17_03_27_999.jpg,C:\myData\IMG\right_2025_06_02_17_03_27_999.jpg,0,0,0,5.111049
C:\myData\IMG\center_2025_06_02_17_03_28_203.jpg,C:\myData\IMG\left_2025_06_02_17_03_28_203.jpg,C:\myData\IMG\right_2025_06_02_17_03_28_203.jpg,0,0,0,4.99888
C:\myData\IMG\center_2025_06_02_17_03_28_411.jpg,C:\myData\IMG\left_2025_06_02_17_03_28_411.jpg,C:\myData\IMG\right_2025_06_02_17_03_28_411.jpg,0,0,0,4.899082
C:\myData\IMG\center_2025_06_02_17_03_28_617.jpg,C:\myData\IMG\left_2025_06_02_17_03_28_617.jpg,C:\myData\IMG\right_2025_06_02_17_03_28_617.jpg,0,0.6127428,0,6.250339
C:\myData\IMG\center_2025_06_02_17_03_28_822.jpg,C:\myData\IMG\left_2025_06_02_17_03_28_822.jpg,C:\myData\IMG\right_2025_06_02_17_03_28_822.jpg,0,1,0,8.730411
C:\myData\IMG\center_2025_06_02_17_03_29_042.jpg,C:\myData\IMG\left_2025_06_02_17_03_29_042.jpg,C:\myData\IMG\right_2025_06_02_17_03_29_042.jpg,0,1,0,10.95903
C:\myData\IMG\center_2025_06_02_17_03_29_235.jpg,C:\myData\IMG\left_2025_06_02_17_03_29_235.jpg,C:\myData\IMG\right_2025_06_02_17_03_29_235.jpg,0,0.4117705,0,11.46333
C:\myData\IMG\center_2025_06_02_17_03_29_599.jpg,C:\myData\IMG\left_2025_06_02_17_03_29_599.jpg,C:\myData\IMG\right_2025_06_02_17_03_29_599.jpg,0,0,0,11.55765
C:\myData\IMG\center_2025_06_02_17_03_29_801.jpg,C:\myData\IMG\left_2025_06_02_17_03_29_801.jpg,C:\myData\IMG\right_2025_06_02_17_03_29_801.jpg,0.5500001,0,0,11.22015
C:\myData\IMG\center_2025_06_02_17_03_29_849.jpg,C:\myData\IMG\left_2025_06_02_17_03_29_849.jpg,C:\myData\IMG\right_2025_06_02_17_03_29_849.jpg,0,0,0,10.95654
C:\myData\IMG\center_2025_06_02_17_03_30_042.jpg,C:\myData\IMG\left_2025_06_02_17_03_30_042.jpg,C:\myData\IMG\right_2025_06_02_17_03_30_042.jpg,0,0,0,10.73746
C:\myData\IMG\center_2025_06_02_17_03_30_249.jpg,C:\myData\IMG\left_2025_06_02_17_03_30_249.jpg,C:\myData\IMG\right_2025_06_02_17_03_30_249.jpg,0,0,0,10.52301
C:\myData\IMG\center_2025_06_02_17_03_30_452.jpg,C:\myData\IMG\left_2025_06_02_17_03_30_452.jpg,C:\myData\IMG\right_2025_06_02_17_03_30_452.jpg,0,0,0,10.31282
C:\myData\IMG\center_2025_06_02_17_03_30_653.jpg,C:\myData\IMG\left_2025_06_02_17_03_30_653.jpg,C:\myData\IMG\right_2025_06_02_17_03_30_653.jpg,0,0,0,10.10682
C:\myData\IMG\center_2025_06_02_17_03_30_855.jpg,C:\myData\IMG\left_2025_06_02_17_03_30_855.jpg,C:\myData\IMG\right_2025_06_02_17_03_30_855.jpg,0,0,0,9.904962
C:\myData\IMG\center_2025_06_02_17_03_31_055.jpg,C:\myData\IMG\left_2025_06_02_17_03_31_055.jpg,C:\myData\IMG\right_2025_06_02_17_03_31_055.jpg,0,0,0,9.707112
C:\myData\IMG\center_2025_06_02_17_03_31_266.jpg,C:\myData\IMG\left_2025_06_02_17_03_31_266.jpg,C:\myData\IMG\right_2025_06_02_17_03_31_266.jpg,0,0,0,9.49404
C:\myData\IMG\center_2025_06_02_17_03_31_468.jpg,C:\myData\IMG\left_2025_06_02_17_03_31_468.jpg,C:\myData\IMG\right_2025_06_02_17_03_31_468.jpg,0,0,0,9.304352
C:\myData\IMG\center_2025_06_02_17_03_31_674.jpg,C:\myData\IMG\left_2025_06_02_17_03_31_674.jpg,C:\myData\IMG\right_2025_06_02_17_03_31_674.jpg,0,0,0,9.118256
C:\myData\IMG\center_2025_06_02_17_03_31_884.jpg,C:\myData\IMG\left_2025_06_02_17_03_31_884.jpg,C:\myData\IMG\right_2025_06_02_17_03_31_884.jpg,0,0,0,8.917818
C:\myData\IMG\center_2025_06_02_17_03_32_078.jpg,C:\myData\IMG\left_2025_06_02_17_03_32_078.jpg,C:\myData\IMG\right_2025_06_02_17_03_32_078.jpg,0,0,0,8.756986
C:\myData\IMG\center_2025_06_02_17_03_32_280.jpg,C:\myData\IMG\left_2025_06_02_17_03_32_280.jpg,C:\myData\IMG\right_2025_06_02_17_03_32_280.jpg,0,0,0,8.58158
C:\myData\IMG\center_2025_06_02_17_03_32_511.jpg,C:\myData\IMG\left_2025_06_02_17_03_32_511.jpg,C:\myData\IMG\right_2025_06_02_17_03_32_511.jpg,0,0,0,8.375632
C:\myData\IMG\center_2025_06_02_17_03_32_740.jpg,C:\myData\IMG\left_2025_06_02_17_03_32_740.jpg,C:\myData\IMG\right_2025_06_02_17_03_32_740.jpg,0,0,0,8.176126
C:\myData\IMG\center_2025_06_02_17_03_32_931.jpg,C:\myData\IMG\left_2025_06_02_17_03_32_931.jpg,C:\myData\IMG\right_2025_06_02_17_03_32_931.jpg,0.45,0,0,7.972677
C:\myData\IMG\center_2025_06_02_17_03_33_125.jpg,C:\myData\IMG\left_2025_06_02_17_03_33_125.jpg,C:\myData\IMG\right_2025_06_02_17_03_33_125.jpg,0,0,0,7.792367
C:\myData\IMG\center_2025_06_02_17_03_33_341.jpg,C:\myData\IMG\left_2025_06_02_17_03_33_341.jpg,C:\myData\IMG\right_2025_06_02_17_03_33_341.jpg,0,0,0,7.621237
C:\myData\IMG\center_2025_06_02_17_03_33_534.jpg,C:\myData\IMG\left_2025_06_02_17_03_33_534.jpg,C:\myData\IMG\right_2025_06_02_17_03_33_534.jpg,0,0,0,7.484798
C:\myData\IMG\center_2025_06_02_17_03_33_710.jpg,C:\myData\IMG\left_2025_06_02_17_03_33_710.jpg,C:\myData\IMG\right_2025_06_02_17_03_33_710.jpg,0,0,0,7.350612
C:\myData\IMG\center_2025_06_02_17_03_33_914.jpg,C:\myData\IMG\left_2025_06_02_17_03_33_914.jpg,C:\myData\IMG\right_2025_06_02_17_03_33_914.jpg,0.5000001,0,0,7.143872
C:\myData\IMG\center_2025_06_02_17_03_34_121.jpg,C:\myData\IMG\left_2025_06_02_17_03_34_121.jpg,C:\myData\IMG\right_2025_06_02_17_03_34_121.jpg,0,0,0,6.960409
C:\myData\IMG\center_2025_06_02_17_03_34_365.jpg,C:\myData\IMG\left_2025_06_02_17_03_34_365.jpg,C:\myData\IMG\right_2025_06_02_17_03_34_365.jpg,0,0,0,6.794108
C:\myData\IMG\center_2025_06_02_17_03_34_591.jpg,C:\myData\IMG\left_2025_06_02_17_03_34_591.jpg,C:\myData\IMG\right_2025_06_02_17_03_34_591.jpg,0,0,0,6.645151
C:\myData\IMG\center_2025_06_02_17_03_34_796.jpg,C:\myData\IMG\left_2025_06_02_17_03_34_796.jpg,C:\myData\IMG\right_2025_06_02_17_03_34_796.jpg,0,0,0,6.512573
C:\myData\IMG\center_2025_06_02_17_03_35_006.jpg,C:\myData\IMG\left_2025_06_02_17_03_35_006.jpg,C:\myData\IMG\right_2025_06_02_17_03_35_006.jpg,0,0,0,6.36975
C:\myData\IMG\center_2025_06_02_17_03_35_216.jpg,C:\myData\IMG\left_2025_06_02_17_03_35_216.jpg,C:\myData\IMG\right_2025_06_02_17_03_35_216.jpg,0,0,0,6.242631
C:\myData\IMG\center_2025_06_02_17_03_35_417.jpg,C:\myData\IMG\left_2025_06_02_17_03_35_417.jpg,C:\myData\IMG\right_2025_06_02_17_03_35_417.jpg,0,0,0,6.118047
C:\myData\IMG\center_2025_06_02_17_03_35_637.jpg,C:\myData\IMG\left_2025_06_02_17_03_35_637.jpg,C:\myData\IMG\right_2025_06_02_17_03_35_637.jpg,0,0,0,5.983856
C:\myData\IMG\center_2025_06_02_17_03_35_774.jpg,C:\myData\IMG\left_2025_06_02_17_03_35_774.jpg,C:\myData\IMG\right_2025_06_02_17_03_35_774.jpg,0,0,0,5.900551
C:\myData\IMG\center_2025_06_02_17_03_35_965.jpg,C:\myData\IMG\left_2025_06_02_17_03_35_965.jpg,C:\myData\IMG\right_2025_06_02_17_03_35_965.jpg,0,0,0,5.782791
C:\myData\IMG\center_2025_06_02_17_03_36_169.jpg,C:\myData\IMG\left_2025_06_02_17_03_36_169.jpg,C:\myData\IMG\right_2025_06_02_17_03_36_169.jpg,0.5000001,0,0,5.62042
C:\myData\IMG\center_2025_06_02_17_03_36_370.jpg,C:\myData\IMG\left_2025_06_02_17_03_36_370.jpg,C:\myData\IMG\right_2025_06_02_17_03_36_370.jpg,0,0,0,5.483893
C:\myData\IMG\center_2025_06_02_17_03_36_576.jpg,C:\myData\IMG\left_2025_06_02_17_03_36_576.jpg,C:\myData\IMG\right_2025_06_02_17_03_36_576.jpg,0,0,0,5.374064
C:\myData\IMG\center_2025_06_02_17_03_36_786.jpg,C:\myData\IMG\left_2025_06_02_17_03_36_786.jpg,C:\myData\IMG\right_2025_06_02_17_03_36_786.jpg,0,0,0,5.25577
C:\myData\IMG\center_2025_06_02_17_03_36_988.jpg,C:\myData\IMG\left_2025_06_02_17_03_36_988.jpg,C:\myData\IMG\right_2025_06_02_17_03_36_988.jpg,0,0,0,5.151177
C:\myData\IMG\center_2025_06_02_17_03_37_192.jpg,C:\myData\IMG\left_2025_06_02_17_03_37_192.jpg,C:\myData\IMG\right_2025_06_02_17_03_37_192.jpg,0,0,0,5.04918
C:\myData\IMG\center_2025_06_02_17_03_37_394.jpg,C:\myData\IMG\left_2025_06_02_17_03_37_394.jpg,C:\myData\IMG\right_2025_06_02_17_03_37_394.jpg,0,0,0,4.948339
C:\myData\IMG\center_2025_06_02_17_03_37_597.jpg,C:\myData\IMG\left_2025_06_02_17_03_37_597.jpg,C:\myData\IMG\right_2025_06_02_17_03_37_597.jpg,0,0,0,4.849511
C:\myData\IMG\center_2025_06_02_17_03_37_814.jpg,C:\myData\IMG\left_2025_06_02_17_03_37_814.jpg,C:\myData\IMG\right_2025_06_02_17_03_37_814.jpg,0.5500001,0,0,4.696733
C:\myData\IMG\center_2025_06_02_17_03_38_007.jpg,C:\myData\IMG\left_2025_06_02_17_03_38_007.jpg,C:\myData\IMG\right_2025_06_02_17_03_38_007.jpg,0,0,0,4.575533
C:\myData\IMG\center_2025_06_02_17_03_38_211.jpg,C:\myData\IMG\left_2025_06_02_17_03_38_211.jpg,C:\myData\IMG\right_2025_06_02_17_03_38_211.jpg,0,0,0,4.484148
C:\myData\IMG\center_2025_06_02_17_03_38_419.jpg,C:\myData\IMG\left_2025_06_02_17_03_38_419.jpg,C:\myData\IMG\right_2025_06_02_17_03_38_419.jpg,0,0,0,4.39459
C:\myData\IMG\center_2025_06_02_17_03_38_625.jpg,C:\myData\IMG\left_2025_06_02_17_03_38_625.jpg,C:\myData\IMG\right_2025_06_02_17_03_38_625.jpg,0,0,0,4.298141
C:\myData\IMG\center_2025_06_02_17_03_38_829.jpg,C:\myData\IMG\left_2025_06_02_17_03_38_829.jpg,C:\myData\IMG\right_2025_06_02_17_03_38_829.jpg,0,0,0,4.212298
C:\myData\IMG\center_2025_06_02_17_03_39_041.jpg,C:\myData\IMG\left_2025_06_02_17_03_39_041.jpg,C:\myData\IMG\right_2025_06_02_17_03_39_041.jpg,0,0,0,4.128171
C:\myData\IMG\center_2025_06_02_17_03_39_258.jpg,C:\myData\IMG\left_2025_06_02_17_03_39_258.jpg,C:\myData\IMG\right_2025_06_02_17_03_39_258.jpg,0.5500001,0,0,3.998448
C:\myData\IMG\center_2025_06_02_17_03_39_513.jpg,C:\myData\IMG\left_2025_06_02_17_03_39_513.jpg,C:\myData\IMG\right_2025_06_02_17_03_39_513.jpg,1,0,0,3.781814
C:\myData\IMG\center_2025_06_02_17_03_39_718.jpg,C:\myData\IMG\left_2025_06_02_17_03_39_718.jpg,C:\myData\IMG\right_2025_06_02_17_03_39_718.jpg,0,0,0,3.600542
C:\myData\IMG\center_2025_06_02_17_03_39_958.jpg,C:\myData\IMG\left_2025_06_02_17_03_39_958.jpg,C:\myData\IMG\right_2025_06_02_17_03_39_958.jpg,0,0,0,3.51442
C:\myData\IMG\center_2025_06_02_17_03_40_173.jpg,C:\myData\IMG\left_2025_06_02_17_03_40_173.jpg,C:\myData\IMG\right_2025_06_02_17_03_40_173.jpg,0,0,0,3.437288
C:\myData\IMG\center_2025_06_02_17_03_40_386.jpg,C:\myData\IMG\left_2025_06_02_17_03_40_386.jpg,C:\myData\IMG\right_2025_06_02_17_03_40_386.jpg,0,0,0,3.361851
C:\myData\IMG\center_2025_06_02_17_03_40_590.jpg,C:\myData\IMG\left_2025_06_02_17_03_40_590.jpg,C:\myData\IMG\right_2025_06_02_17_03_40_590.jpg,0,0,0,3.295115
C:\myData\IMG\center_2025_06_02_17_03_40_732.jpg,C:\myData\IMG\left_2025_06_02_17_03_40_732.jpg,C:\myData\IMG\right_2025_06_02_17_03_40_732.jpg,0,0,0,3.248905
C:\myData\IMG\center_2025_06_02_17_03_40_941.jpg,C:\myData\IMG\left_2025_06_02_17_03_40_941.jpg,C:\myData\IMG\right_2025_06_02_17_03_40_941.jpg,0,0.6320019,0,4.830824
C:\myData\IMG\center_2025_06_02_17_03_41_158.jpg,C:\myData\IMG\left_2025_06_02_17_03_41_158.jpg,C:\myData\IMG\right_2025_06_02_17_03_41_158.jpg,0,1,0,7.117733
C:\myData\IMG\center_2025_06_02_17_03_41_373.jpg,C:\myData\IMG\left_2025_06_02_17_03_41_373.jpg,C:\myData\IMG\right_2025_06_02_17_03_41_373.jpg,0,0.3704968,0,7.982466
C:\myData\IMG\center_2025_06_02_17_03_41_590.jpg,C:\myData\IMG\left_2025_06_02_17_03_41_590.jpg,C:\myData\IMG\right_2025_06_02_17_03_41_590.jpg,0,0,0,7.831762
C:\myData\IMG\center_2025_06_02_17_03_41_792.jpg,C:\myData\IMG\left_2025_06_02_17_03_41_792.jpg,C:\myData\IMG\right_2025_06_02_17_03_41_792.jpg,0,0,0,7.67544
C:\myData\IMG\center_2025_06_02_17_03_42_017.jpg,C:\myData\IMG\left_2025_06_02_17_03_42_017.jpg,C:\myData\IMG\right_2025_06_02_17_03_42_017.jpg,0,0,0,7.506977
C:\myData\IMG\center_2025_06_02_17_03_42_233.jpg,C:\myData\IMG\left_2025_06_02_17_03_42_233.jpg,C:\myData\IMG\right_2025_06_02_17_03_42_233.jpg,0.5500001,0,0,7.269227
C:\myData\IMG\center_2025_06_02_17_03_42_444.jpg,C:\myData\IMG\left_2025_06_02_17_03_42_444.jpg,C:\myData\IMG\right_2025_06_02_17_03_42_444.jpg,0,0,0,7.074294
C:\myData\IMG\center_2025_06_02_17_03_42_665.jpg,C:\myData\IMG\left_2025_06_02_17_03_42_665.jpg,C:\myData\IMG\right_2025_06_02_17_03_42_665.jpg,0,0,0,6.919009
C:\myData\IMG\center_2025_06_02_17_03_42_908.jpg,C:\myData\IMG\left_2025_06_02_17_03_42_908.jpg,C:\myData\IMG\right_2025_06_02_17_03_42_908.jpg,0,0,0,6.753511
C:\myData\IMG\center_2025_06_02_17_03_43_118.jpg,C:\myData\IMG\left_2025_06_02_17_03_43_118.jpg,C:\myData\IMG\right_2025_06_02_17_03_43_118.jpg,0,0,0,6.618624
C:\myData\IMG\center_2025_06_02_17_03_43_337.jpg,C:\myData\IMG\left_2025_06_02_17_03_43_337.jpg,C:\myData\IMG\right_2025_06_02_17_03_43_337.jpg,0,0,0,6.473359
C:\myData\IMG\center_2025_06_02_17_03_43_551.jpg,C:\myData\IMG\left_2025_06_02_17_03_43_551.jpg,C:\myData\IMG\right_2025_06_02_17_03_43_551.jpg,0,0,0,6.331281
C:\myData\IMG\center_2025_06_02_17_03_43_762.jpg,C:\myData\IMG\left_2025_06_02_17_03_43_762.jpg,C:\myData\IMG\right_2025_06_02_17_03_43_762.jpg,0.5500001,0,0,6.131438
C:\myData\IMG\center_2025_06_02_17_03_43_972.jpg,C:\myData\IMG\left_2025_06_02_17_03_43_972.jpg,C:\myData\IMG\right_2025_06_02_17_03_43_972.jpg,1,0,0,5.860305
C:\myData\IMG\center_2025_06_02_17_03_44_183.jpg,C:\myData\IMG\left_2025_06_02_17_03_44_183.jpg,C:\myData\IMG\right_2025_06_02_17_03_44_183.jpg,0,0,0,5.593069
C:\myData\IMG\center_2025_06_02_17_03_44_427.jpg,C:\myData\IMG\left_2025_06_02_17_03_44_427.jpg,C:\myData\IMG\right_2025_06_02_17_03_44_427.jpg,0,0,0,5.459258
C:\myData\IMG\center_2025_06_02_17_03_44_650.jpg,C:\myData\IMG\left_2025_06_02_17_03_44_650.jpg,C:\myData\IMG\right_2025_06_02_17_03_44_650.jpg,0,0,0,5.339435
C:\myData\IMG\center_2025_06_02_17_03_44_867.jpg,C:\myData\IMG\left_2025_06_02_17_03_44_867.jpg,C:\myData\IMG\right_2025_06_02_17_03_44_867.jpg,0,0,0,5.222447
C:\myData\IMG\center_2025_06_02_17_03_45_081.jpg,C:\myData\IMG\left_2025_06_02_17_03_45_081.jpg,C:\myData\IMG\right_2025_06_02_17_03_45_081.jpg,0,0,0,5.107826
C:\myData\IMG\center_2025_06_02_17_03_45_294.jpg,C:\myData\IMG\left_2025_06_02_17_03_45_294.jpg,C:\myData\IMG\right_2025_06_02_17_03_45_294.jpg,0,0,0,5.005809
C:\myData\IMG\center_2025_06_02_17_03_45_519.jpg,C:\myData\IMG\left_2025_06_02_17_03_45_519.jpg,C:\myData\IMG\right_2025_06_02_17_03_45_519.jpg,0,0,0,4.895945
C:\myData\IMG\center_2025_06_02_17_03_45_739.jpg,C:\myData\IMG\left_2025_06_02_17_03_45_739.jpg,C:\myData\IMG\right_2025_06_02_17_03_45_739.jpg,0,0,0,4.788493
C:\myData\IMG\center_2025_06_02_17_03_45_956.jpg,C:\myData\IMG\left_2025_06_02_17_03_45_956.jpg,C:\myData\IMG\right_2025_06_02_17_03_45_956.jpg,0.5500001,0,0,4.637651
C:\myData\IMG\center_2025_06_02_17_03_46_171.jpg,C:\myData\IMG\left_2025_06_02_17_03_46_171.jpg,C:\myData\IMG\right_2025_06_02_17_03_46_171.jpg,1,0,0,4.416095
C:\myData\IMG\center_2025_06_02_17_03_46_396.jpg,C:\myData\IMG\left_2025_06_02_17_03_46_396.jpg,C:\myData\IMG\right_2025_06_02_17_03_46_396.jpg,0,0,0,4.202741
C:\myData\IMG\center_2025_06_02_17_03_46_622.jpg,C:\myData\IMG\left_2025_06_02_17_03_46_622.jpg,C:\myData\IMG\right_2025_06_02_17_03_46_622.jpg,0,0,0,4.102214
C:\myData\IMG\center_2025_06_02_17_03_46_844.jpg,C:\myData\IMG\left_2025_06_02_17_03_46_844.jpg,C:\myData\IMG\right_2025_06_02_17_03_46_844.jpg,0,0,0,4.012181
C:\myData\IMG\center_2025_06_02_17_03_47_066.jpg,C:\myData\IMG\left_2025_06_02_17_03_47_066.jpg,C:\myData\IMG\right_2025_06_02_17_03_47_066.jpg,0,0,0,3.924124
C:\myData\IMG\center_2025_06_02_17_03_47_288.jpg,C:\myData\IMG\left_2025_06_02_17_03_47_288.jpg,C:\myData\IMG\right_2025_06_02_17_03_47_288.jpg,0,0,0,3.837999
C:\myData\IMG\center_2025_06_02_17_03_47_508.jpg,C:\myData\IMG\left_2025_06_02_17_03_47_508.jpg,C:\myData\IMG\right_2025_06_02_17_03_47_508.jpg,0,0,0,3.753764
C:\myData\IMG\center_2025_06_02_17_03_47_750.jpg,C:\myData\IMG\left_2025_06_02_17_03_47_750.jpg,C:\myData\IMG\right_2025_06_02_17_03_47_750.jpg,0.6000001,0,0,3.622397
C:\myData\IMG\center_2025_06_02_17_03_47_958.jpg,C:\myData\IMG\left_2025_06_02_17_03_47_958.jpg,C:\myData\IMG\right_2025_06_02_17_03_47_958.jpg,1,0,0,3.46203
C:\myData\IMG\center_2025_06_02_17_03_48_185.jpg,C:\myData\IMG\left_2025_06_02_17_03_48_185.jpg,C:\myData\IMG\right_2025_06_02_17_03_48_185.jpg,0,0,0,3.285445
C:\myData\IMG\center_2025_06_02_17_03_48_402.jpg,C:\myData\IMG\left_2025_06_02_17_03_48_402.jpg,C:\myData\IMG\right_2025_06_02_17_03_48_402.jpg,0,0,0,3.213343
C:\myData\IMG\center_2025_06_02_17_03_48_629.jpg,C:\myData\IMG\left_2025_06_02_17_03_48_629.jpg,C:\myData\IMG\right_2025_06_02_17_03_48_629.jpg,0,0,0,3.142822
C:\myData\IMG\center_2025_06_02_17_03_48_861.jpg,C:\myData\IMG\left_2025_06_02_17_03_48_861.jpg,C:\myData\IMG\right_2025_06_02_17_03_48_861.jpg,0,0,0,3.067652
C:\myData\IMG\center_2025_06_02_17_03_49_076.jpg,C:\myData\IMG\left_2025_06_02_17_03_49_076.jpg,C:\myData\IMG\right_2025_06_02_17_03_49_076.jpg,0,0,0,3.006385
C:\myData\IMG\center_2025_06_02_17_03_49_296.jpg,C:\myData\IMG\left_2025_06_02_17_03_49_296.jpg,C:\myData\IMG\right_2025_06_02_17_03_49_296.jpg,0,0,0,2.940403
C:\myData\IMG\center_2025_06_02_17_03_49_519.jpg,C:\myData\IMG\left_2025_06_02_17_03_49_519.jpg,C:\myData\IMG\right_2025_06_02_17_03_49_519.jpg,0.5500001,0,0,2.848498
C:\myData\IMG\center_2025_06_02_17_03_49_741.jpg,C:\myData\IMG\left_2025_06_02_17_03_49_741.jpg,C:\myData\IMG\right_2025_06_02_17_03_49_741.jpg,1,0,0,2.701673
C:\myData\IMG\center_2025_06_02_17_03_49_970.jpg,C:\myData\IMG\left_2025_06_02_17_03_49_970.jpg,C:\myData\IMG\right_2025_06_02_17_03_49_970.jpg,0,0,0,2.565916
C:\myData\IMG\center_2025_06_02_17_03_50_183.jpg,C:\myData\IMG\left_2025_06_02_17_03_50_183.jpg,C:\myData\IMG\right_2025_06_02_17_03_50_183.jpg,0,0,0,2.509649
C:\myData\IMG\center_2025_06_02_17_03_50_416.jpg,C:\myData\IMG\left_2025_06_02_17_03_50_416.jpg,C:\myData\IMG\right_2025_06_02_17_03_50_416.jpg,0,0,0,2.454659
C:\myData\IMG\center_2025_06_02_17_03_50_641.jpg,C:\myData\IMG\left_2025_06_02_17_03_50_641.jpg,C:\myData\IMG\right_2025_06_02_17_03_50_641.jpg,0,0.6724929,0,4.319147
C:\myData\IMG\center_2025_06_02_17_03_50_865.jpg,C:\myData\IMG\left_2025_06_02_17_03_50_865.jpg,C:\myData\IMG\right_2025_06_02_17_03_50_865.jpg,0,1,0,6.847298
C:\myData\IMG\center_2025_06_02_17_03_51_094.jpg,C:\myData\IMG\left_2025_06_02_17_03_51_094.jpg,C:\myData\IMG\right_2025_06_02_17_03_51_094.jpg,0,1,0,9.336622
C:\myData\IMG\center_2025_06_02_17_03_51_318.jpg,C:\myData\IMG\left_2025_06_02_17_03_51_318.jpg,C:\myData\IMG\right_2025_06_02_17_03_51_318.jpg,0,1,0,11.60927
C:\myData\IMG\center_2025_06_02_17_03_51_546.jpg,C:\myData\IMG\left_2025_06_02_17_03_51_546.jpg,C:\myData\IMG\right_2025_06_02_17_03_51_546.jpg,0,0.316306,0,12.18732
C:\myData\IMG\center_2025_06_02_17_03_51_878.jpg,C:\myData\IMG\left_2025_06_02_17_03_51_878.jpg,C:\myData\IMG\right_2025_06_02_17_03_51_878.jpg,0,0,0,12.31294
C:\myData\IMG\center_2025_06_02_17_03_52_108.jpg,C:\myData\IMG\left_2025_06_02_17_03_52_108.jpg,C:\myData\IMG\right_2025_06_02_17_03_52_108.jpg,0.5500001,0,0,11.77125
C:\myData\IMG\center_2025_06_02_17_03_52_331.jpg,C:\myData\IMG\left_2025_06_02_17_03_52_331.jpg,C:\myData\IMG\right_2025_06_02_17_03_52_331.jpg,0,0,0,11.39078
C:\myData\IMG\center_2025_06_02_17_03_52_559.jpg,C:\myData\IMG\left_2025_06_02_17_03_52_559.jpg,C:\myData\IMG\right_2025_06_02_17_03_52_559.jpg,0,0,0,11.25261
C:\myData\IMG\center_2025_06_02_17_03_52_677.jpg,C:\myData\IMG\left_2025_06_02_17_03_52_677.jpg,C:\myData\IMG\right_2025_06_02_17_03_52_677.jpg,0,0,0,11.0097
C:\myData\IMG\center_2025_06_02_17_03_52_899.jpg,C:\myData\IMG\left_2025_06_02_17_03_52_899.jpg,C:\myData\IMG\right_2025_06_02_17_03_52_899.jpg,0.5500001,0,0,10.66128
C:\myData\IMG\center_2025_06_02_17_03_53_121.jpg,C:\myData\IMG\left_2025_06_02_17_03_53_121.jpg,C:\myData\IMG\right_2025_06_02_17_03_53_121.jpg,0,0,0,10.36551
C:\myData\IMG\center_2025_06_02_17_03_53_352.jpg,C:\myData\IMG\left_2025_06_02_17_03_53_352.jpg,C:\myData\IMG\right_2025_06_02_17_03_53_352.jpg,0.5500001,0,0,10.04014
C:\myData\IMG\center_2025_06_02_17_03_53_580.jpg,C:\myData\IMG\left_2025_06_02_17_03_53_580.jpg,C:\myData\IMG\right_2025_06_02_17_03_53_580.jpg,1,0,0,9.515545
C:\myData\IMG\center_2025_06_02_17_03_53_804.jpg,C:\myData\IMG\left_2025_06_02_17_03_53_804.jpg,C:\myData\IMG\right_2025_06_02_17_03_53_804.jpg,1,0,0,9.219281
C:\myData\IMG\center_2025_06_02_17_03_54_031.jpg,C:\myData\IMG\left_2025_06_02_17_03_54_031.jpg,C:\myData\IMG\right_2025_06_02_17_03_54_031.jpg,0,0,0,8.783731
C:\myData\IMG\center_2025_06_02_17_03_54_249.jpg,C:\myData\IMG\left_2025_06_02_17_03_54_249.jpg,C:\myData\IMG\right_2025_06_02_17_03_54_249.jpg,0,0,0,8.586541
C:\myData\IMG\center_2025_06_02_17_03_54_471.jpg,C:\myData\IMG\left_2025_06_02_17_03_54_471.jpg,C:\myData\IMG\right_2025_06_02_17_03_54_471.jpg,0.5500001,0,0,8.303718
C:\myData\IMG\center_2025_06_02_17_03_54_680.jpg,C:\myData\IMG\left_2025_06_02_17_03_54_680.jpg,C:\myData\IMG\right_2025_06_02_17_03_54_680.jpg,0,0,0,8.095889
C:\myData\IMG\center_2025_06_02_17_03_54_890.jpg,C:\myData\IMG\left_2025_06_02_17_03_54_890.jpg,C:\myData\IMG\right_2025_06_02_17_03_54_890.jpg,0,0,0,7.912313
C:\myData\IMG\center_2025_06_02_17_03_55_102.jpg,C:\myData\IMG\left_2025_06_02_17_03_55_102.jpg,C:\myData\IMG\right_2025_06_02_17_03_55_102.jpg,-0.5500001,0,0,7.660039
C:\myData\IMG\center_2025_06_02_17_03_55_317.jpg,C:\myData\IMG\left_2025_06_02_17_03_55_317.jpg,C:\myData\IMG\right_2025_06_02_17_03_55_317.jpg,0,0,0,7.465268
C:\myData\IMG\center_2025_06_02_17_03_55_537.jpg,C:\myData\IMG\left_2025_06_02_17_03_55_537.jpg,C:\myData\IMG\right_2025_06_02_17_03_55_537.jpg,0,0,0,7.296735
C:\myData\IMG\center_2025_06_02_17_03_55_741.jpg,C:\myData\IMG\left_2025_06_02_17_03_55_741.jpg,C:\myData\IMG\right_2025_06_02_17_03_55_741.jpg,0,0,0,7.131995
C:\myData\IMG\center_2025_06_02_17_03_55_953.jpg,C:\myData\IMG\left_2025_06_02_17_03_55_953.jpg,C:\myData\IMG\right_2025_06_02_17_03_55_953.jpg,0,0,0,6.98538
C:\myData\IMG\center_2025_06_02_17_03_56_163.jpg,C:\myData\IMG\left_2025_06_02_17_03_56_163.jpg,C:\myData\IMG\right_2025_06_02_17_03_56_163.jpg,0,0,0,6.827487
C:\myData\IMG\center_2025_06_02_17_03_56_374.jpg,C:\myData\IMG\left_2025_06_02_17_03_56_374.jpg,C:\myData\IMG\right_2025_06_02_17_03_56_374.jpg,0,0,0,6.688274
C:\myData\IMG\center_2025_06_02_17_03_56_594.jpg,C:\myData\IMG\left_2025_06_02_17_03_56_594.jpg,C:\myData\IMG\right_2025_06_02_17_03_56_594.jpg,0,0,0,6.540093
C:\myData\IMG\center_2025_06_02_17_03_56_808.jpg,C:\myData\IMG\left_2025_06_02_17_03_56_808.jpg,C:\myData\IMG\right_2025_06_02_17_03_56_808.jpg,0,0,0,6.395119
C:\myData\IMG\center_2025_06_02_17_03_57_021.jpg,C:\myData\IMG\left_2025_06_02_17_03_57_021.jpg,C:\myData\IMG\right_2025_06_02_17_03_57_021.jpg,0,0,0,6.253286
C:\myData\IMG\center_2025_06_02_17_03_57_238.jpg,C:\myData\IMG\left_2025_06_02_17_03_57_238.jpg,C:\myData\IMG\right_2025_06_02_17_03_57_238.jpg,0,0,0,6.127025
C:\myData\IMG\center_2025_06_02_17_03_57_450.jpg,C:\myData\IMG\left_2025_06_02_17_03_57_450.jpg,C:\myData\IMG\right_2025_06_02_17_03_57_450.jpg,0,0,0,5.99299
C:\myData\IMG\center_2025_06_02_17_03_57_671.jpg,C:\myData\IMG\left_2025_06_02_17_03_57_671.jpg,C:\myData\IMG\right_2025_06_02_17_03_57_671.jpg,0,0,0,5.862485
C:\myData\IMG\center_2025_06_02_17_03_57_887.jpg,C:\myData\IMG\left_2025_06_02_17_03_57_887.jpg,C:\myData\IMG\right_2025_06_02_17_03_57_887.jpg,0,0,0,5.734847
C:\myData\IMG\center_2025_06_02_17_03_58_098.jpg,C:\myData\IMG\left_2025_06_02_17_03_58_098.jpg,C:\myData\IMG\right_2025_06_02_17_03_58_098.jpg,0,0,0,5.621246
C:\myData\IMG\center_2025_06_02_17_03_58_309.jpg,C:\myData\IMG\left_2025_06_02_17_03_58_309.jpg,C:\myData\IMG\right_2025_06_02_17_03_58_309.jpg,0,0,0,5.498909
C:\myData\IMG\center_2025_06_02_17_03_58_523.jpg,C:\myData\IMG\left_2025_06_02_17_03_58_523.jpg,C:\myData\IMG\right_2025_06_02_17_03_58_523.jpg,0,0,0,5.37926
C:\myData\IMG\center_2025_06_02_17_03_58_745.jpg,C:\myData\IMG\left_2025_06_02_17_03_58_745.jpg,C:\myData\IMG\right_2025_06_02_17_03_58_745.jpg,0,0,0,5.262239
C:\myData\IMG\center_2025_06_02_17_03_58_956.jpg,C:\myData\IMG\left_2025_06_02_17_03_58_956.jpg,C:\myData\IMG\right_2025_06_02_17_03_58_956.jpg,0,0,0,5.158088
C:\myData\IMG\center_2025_06_02_17_03_59_167.jpg,C:\myData\IMG\left_2025_06_02_17_03_59_167.jpg,C:\myData\IMG\right_2025_06_02_17_03_59_167.jpg,0,0,0,5.045923
C:\myData\IMG\center_2025_06_02_17_03_59_381.jpg,C:\myData\IMG\left_2025_06_02_17_03_59_381.jpg,C:\myData\IMG\right_2025_06_02_17_03_59_381.jpg,0.5500001,0,0,4.883824
C:\myData\IMG\center_2025_06_02_17_03_59_596.jpg,C:\myData\IMG\left_2025_06_02_17_03_59_596.jpg,C:\myData\IMG\right_2025_06_02_17_03_59_596.jpg,1,0,0,4.66005
C:\myData\IMG\center_2025_06_02_17_03_59_825.jpg,C:\myData\IMG\left_2025_06_02_17_03_59_825.jpg,C:\myData\IMG\right_2025_06_02_17_03_59_825.jpg,0,0,0,4.432665
C:\myData\IMG\center_2025_06_02_17_04_00_043.jpg,C:\myData\IMG\left_2025_06_02_17_04_00_043.jpg,C:\myData\IMG\right_2025_06_02_17_04_00_043.jpg,0,0,0,4.33504
C:\myData\IMG\center_2025_06_02_17_04_00_247.jpg,C:\myData\IMG\left_2025_06_02_17_04_00_247.jpg,C:\myData\IMG\right_2025_06_02_17_04_00_247.jpg,0,0,0,4.249639
C:\myData\IMG\center_2025_06_02_17_04_00_464.jpg,C:\myData\IMG\left_2025_06_02_17_04_00_464.jpg,C:\myData\IMG\right_2025_06_02_17_04_00_464.jpg,0,0,0,4.157647
C:\myData\IMG\center_2025_06_02_17_04_00_685.jpg,C:\myData\IMG\left_2025_06_02_17_04_00_685.jpg,C:\myData\IMG\right_2025_06_02_17_04_00_685.jpg,0,0,0,4.067656
C:\myData\IMG\center_2025_06_02_17_04_00_904.jpg,C:\myData\IMG\left_2025_06_02_17_04_00_904.jpg,C:\myData\IMG\right_2025_06_02_17_04_00_904.jpg,0,0,0,3.979624
C:\myData\IMG\center_2025_06_02_17_04_01_105.jpg,C:\myData\IMG\left_2025_06_02_17_04_01_105.jpg,C:\myData\IMG\right_2025_06_02_17_04_01_105.jpg,0,0,0,3.901258
C:\myData\IMG\center_2025_06_02_17_04_01_322.jpg,C:\myData\IMG\left_2025_06_02_17_04_01_322.jpg,C:\myData\IMG\right_2025_06_02_17_04_01_322.jpg,0,0,0,3.816847
C:\myData\IMG\center_2025_06_02_17_04_01_534.jpg,C:\myData\IMG\left_2025_06_02_17_04_01_534.jpg,C:\myData\IMG\right_2025_06_02_17_04_01_534.jpg,0,0.6351537,0,5.249001
C:\myData\IMG\center_2025_06_02_17_04_01_748.jpg,C:\myData\IMG\left_2025_06_02_17_04_01_748.jpg,C:\myData\IMG\right_2025_06_02_17_04_01_748.jpg,0,1,0,7.757885
C:\myData\IMG\center_2025_06_02_17_04_01_977.jpg,C:\myData\IMG\left_2025_06_02_17_04_01_977.jpg,C:\myData\IMG\right_2025_06_02_17_04_01_977.jpg,0,1,0,10.23141
C:\myData\IMG\center_2025_06_02_17_04_02_179.jpg,C:\myData\IMG\left_2025_06_02_17_04_02_179.jpg,C:\myData\IMG\right_2025_06_02_17_04_02_179.jpg,0,1,0,12.63522
C:\myData\IMG\center_2025_06_02_17_04_02_502.jpg,C:\myData\IMG\left_2025_06_02_17_04_02_502.jpg,C:\myData\IMG\right_2025_06_02_17_04_02_502.jpg,0,1,0,14.71918
C:\myData\IMG\center_2025_06_02_17_04_02_608.jpg,C:\myData\IMG\left_2025_06_02_17_04_02_608.jpg,C:\myData\IMG\right_2025_06_02_17_04_02_608.jpg,0,1,0,17.14117
C:\myData\IMG\center_2025_06_02_17_04_02_830.jpg,C:\myData\IMG\left_2025_06_02_17_04_02_830.jpg,C:\myData\IMG\right_2025_06_02_17_04_02_830.jpg,0,1,0,19.40854
C:\myData\IMG\center_2025_06_02_17_04_03_053.jpg,C:\myData\IMG\left_2025_06_02_17_04_03_053.jpg,C:\myData\IMG\right_2025_06_02_17_04_03_053.jpg,0.5500001,0.3355573,0,19.81683
C:\myData\IMG\center_2025_06_02_17_04_03_266.jpg,C:\myData\IMG\left_2025_06_02_17_04_03_266.jpg,C:\myData\IMG\right_2025_06_02_17_04_03_266.jpg,1,0,0,18.77557
C:\myData\IMG\center_2025_06_02_17_04_03_486.jpg,C:\myData\IMG\left_2025_06_02_17_04_03_486.jpg,C:\myData\IMG\right_2025_06_02_17_04_03_486.jpg,0,0,0,18.2264
C:\myData\IMG\center_2025_06_02_17_04_03_703.jpg,C:\myData\IMG\left_2025_06_02_17_04_03_703.jpg,C:\myData\IMG\right_2025_06_02_17_04_03_703.jpg,0.5500001,0,0,17.60015
C:\myData\IMG\center_2025_06_02_17_04_03_906.jpg,C:\myData\IMG\left_2025_06_02_17_04_03_906.jpg,C:\myData\IMG\right_2025_06_02_17_04_03_906.jpg,0,0,0,17.20846
C:\myData\IMG\center_2025_06_02_17_04_04_087.jpg,C:\myData\IMG\left_2025_06_02_17_04_04_087.jpg,C:\myData\IMG\right_2025_06_02_17_04_04_087.jpg,0,0,0,16.90218
C:\myData\IMG\center_2025_06_02_17_04_04_278.jpg,C:\myData\IMG\left_2025_06_02_17_04_04_278.jpg,C:\myData\IMG\right_2025_06_02_17_04_04_278.jpg,0,0,0,16.59196
C:\myData\IMG\center_2025_06_02_17_04_04_535.jpg,C:\myData\IMG\left_2025_06_02_17_04_04_535.jpg,C:\myData\IMG\right_2025_06_02_17_04_04_535.jpg,-0.5000001,0,0,16.14936
C:\myData\IMG\center_2025_06_02_17_04_04_727.jpg,C:\myData\IMG\left_2025_06_02_17_04_04_727.jpg,C:\myData\IMG\right_2025_06_02_17_04_04_727.jpg,-0.9500002,0,0,15.5215
C:\myData\IMG\center_2025_06_02_17_04_04_896.jpg,C:\myData\IMG\left_2025_06_02_17_04_04_896.jpg,C:\myData\IMG\right_2025_06_02_17_04_04_896.jpg,-1,0,0,14.99588
C:\myData\IMG\center_2025_06_02_17_04_05_082.jpg,C:\myData\IMG\left_2025_06_02_17_04_05_082.jpg,C:\myData\IMG\right_2025_06_02_17_04_05_082.jpg,0,0,0,14.48028
C:\myData\IMG\center_2025_06_02_17_04_05_291.jpg,C:\myData\IMG\left_2025_06_02_17_04_05_291.jpg,C:\myData\IMG\right_2025_06_02_17_04_05_291.jpg,0,0,0,14.22015
C:\myData\IMG\center_2025_06_02_17_04_05_498.jpg,C:\myData\IMG\left_2025_06_02_17_04_05_498.jpg,C:\myData\IMG\right_2025_06_02_17_04_05_498.jpg,0.5500001,0,0,13.75626
C:\myData\IMG\center_2025_06_02_17_04_05_709.jpg,C:\myData\IMG\left_2025_06_02_17_04_05_709.jpg,C:\myData\IMG\right_2025_06_02_17_04_05_709.jpg,1,0,0,13.13072
C:\myData\IMG\center_2025_06_02_17_04_05_917.jpg,C:\myData\IMG\left_2025_06_02_17_04_05_917.jpg,C:\myData\IMG\right_2025_06_02_17_04_05_917.jpg,1,0,0,12.68114
C:\myData\IMG\center_2025_06_02_17_04_06_121.jpg,C:\myData\IMG\left_2025_06_02_17_04_06_121.jpg,C:\myData\IMG\right_2025_06_02_17_04_06_121.jpg,1,0,0,12.31192
C:\myData\IMG\center_2025_06_02_17_04_06_318.jpg,C:\myData\IMG\left_2025_06_02_17_04_06_318.jpg,C:\myData\IMG\right_2025_06_02_17_04_06_318.jpg,0,0,0,11.82739
C:\myData\IMG\center_2025_06_02_17_04_06_507.jpg,C:\myData\IMG\left_2025_06_02_17_04_06_507.jpg,C:\myData\IMG\right_2025_06_02_17_04_06_507.jpg,0,0,0,11.48265
C:\myData\IMG\center_2025_06_02_17_04_06_686.jpg,C:\myData\IMG\left_2025_06_02_17_04_06_686.jpg,C:\myData\IMG\right_2025_06_02_17_04_06_686.jpg,0,0,0,11.53159
C:\myData\IMG\center_2025_06_02_17_04_06_864.jpg,C:\myData\IMG\left_2025_06_02_17_04_06_864.jpg,C:\myData\IMG\right_2025_06_02_17_04_06_864.jpg,-0.45,0,0,11.15756
C:\myData\IMG\center_2025_06_02_17_04_06_960.jpg,C:\myData\IMG\left_2025_06_02_17_04_06_960.jpg,C:\myData\IMG\right_2025_06_02_17_04_06_960.jpg,-0.9000002,0,0,10.73942
C:\myData\IMG\center_2025_06_02_17_04_07_133.jpg,C:\myData\IMG\left_2025_06_02_17_04_07_133.jpg,C:\myData\IMG\right_2025_06_02_17_04_07_133.jpg,-1,0,0,10.40479
C:\myData\IMG\center_2025_06_02_17_04_07_311.jpg,C:\myData\IMG\left_2025_06_02_17_04_07_311.jpg,C:\myData\IMG\right_2025_06_02_17_04_07_311.jpg,0,0,0,9.983208
C:\myData\IMG\center_2025_06_02_17_04_07_506.jpg,C:\myData\IMG\left_2025_06_02_17_04_07_506.jpg,C:\myData\IMG\right_2025_06_02_17_04_07_506.jpg,0,0,0,9.782743
C:\myData\IMG\center_2025_06_02_17_04_07_683.jpg,C:\myData\IMG\left_2025_06_02_17_04_07_683.jpg,C:\myData\IMG\right_2025_06_02_17_04_07_683.jpg,0,0,0,9.608602
C:\myData\IMG\center_2025_06_02_17_04_07_870.jpg,C:\myData\IMG\left_2025_06_02_17_04_07_870.jpg,C:\myData\IMG\right_2025_06_02_17_04_07_870.jpg,0,0,0,9.437675
C:\myData\IMG\center_2025_06_02_17_04_08_066.jpg,C:\myData\IMG\left_2025_06_02_17_04_08_066.jpg,C:\myData\IMG\right_2025_06_02_17_04_08_066.jpg,0.5000001,0,0,9.173115
C:\myData\IMG\center_2025_06_02_17_04_08_256.jpg,C:\myData\IMG\left_2025_06_02_17_04_08_256.jpg,C:\myData\IMG\right_2025_06_02_17_04_08_256.jpg,0,0,0,8.977724
C:\myData\IMG\center_2025_06_02_17_04_08_444.jpg,C:\myData\IMG\left_2025_06_02_17_04_08_444.jpg,C:\myData\IMG\right_2025_06_02_17_04_08_444.jpg,0,0,0,8.798366
C:\myData\IMG\center_2025_06_02_17_04_08_641.jpg,C:\myData\IMG\left_2025_06_02_17_04_08_641.jpg,C:\myData\IMG\right_2025_06_02_17_04_08_641.jpg,0,0,0,8.622632
C:\myData\IMG\center_2025_06_02_17_04_08_833.jpg,C:\myData\IMG\left_2025_06_02_17_04_08_833.jpg,C:\myData\IMG\right_2025_06_02_17_04_08_833.jpg,0,0,0,8.46748
C:\myData\IMG\center_2025_06_02_17_04_09_021.jpg,C:\myData\IMG\left_2025_06_02_17_04_09_021.jpg,C:\myData\IMG\right_2025_06_02_17_04_09_021.jpg,0,0,0,8.298356
C:\myData\IMG\center_2025_06_02_17_04_09_213.jpg,C:\myData\IMG\left_2025_06_02_17_04_09_213.jpg,C:\myData\IMG\right_2025_06_02_17_04_09_213.jpg,0,0,0,8.149109
C:\myData\IMG\center_2025_06_02_17_04_09_403.jpg,C:\myData\IMG\left_2025_06_02_17_04_09_403.jpg,C:\myData\IMG\right_2025_06_02_17_04_09_403.jpg,0,0,0,7.986358
C:\myData\IMG\center_2025_06_02_17_04_09_595.jpg,C:\myData\IMG\left_2025_06_02_17_04_09_595.jpg,C:\myData\IMG\right_2025_06_02_17_04_09_595.jpg,0.45,0,0,7.790041
C:\myData\IMG\center_2025_06_02_17_04_09_791.jpg,C:\myData\IMG\left_2025_06_02_17_04_09_791.jpg,C:\myData\IMG\right_2025_06_02_17_04_09_791.jpg,0.9500002,0,0,7.461618
C:\myData\IMG\center_2025_06_02_17_04_09_982.jpg,C:\myData\IMG\left_2025_06_02_17_04_09_982.jpg,C:\myData\IMG\right_2025_06_02_17_04_09_982.jpg,1,0,0,7.205116
C:\myData\IMG\center_2025_06_02_17_04_10_173.jpg,C:\myData\IMG\left_2025_06_02_17_04_10_173.jpg,C:\myData\IMG\right_2025_06_02_17_04_10_173.jpg,0,0,0,6.884614
C:\myData\IMG\center_2025_06_02_17_04_10_362.jpg,C:\myData\IMG\left_2025_06_02_17_04_10_362.jpg,C:\myData\IMG\right_2025_06_02_17_04_10_362.jpg,0,0,0,6.746614
C:\myData\IMG\center_2025_06_02_17_04_10_543.jpg,C:\myData\IMG\left_2025_06_02_17_04_10_543.jpg,C:\myData\IMG\right_2025_06_02_17_04_10_543.jpg,0,0,0,6.625229
C:\myData\IMG\center_2025_06_02_17_04_10_728.jpg,C:\myData\IMG\left_2025_06_02_17_04_10_728.jpg,C:\myData\IMG\right_2025_06_02_17_04_10_728.jpg,0,0,0,6.506029
C:\myData\IMG\center_2025_06_02_17_04_10_908.jpg,C:\myData\IMG\left_2025_06_02_17_04_10_908.jpg,C:\myData\IMG\right_2025_06_02_17_04_10_908.jpg,0,0,0,6.388975
C:\myData\IMG\center_2025_06_02_17_04_11_086.jpg,C:\myData\IMG\left_2025_06_02_17_04_11_086.jpg,C:\myData\IMG\right_2025_06_02_17_04_11_086.jpg,0,0,0,6.274027
C:\myData\IMG\center_2025_06_02_17_04_11_265.jpg,C:\myData\IMG\left_2025_06_02_17_04_11_265.jpg,C:\myData\IMG\right_2025_06_02_17_04_11_265.jpg,0,0,0,6.161148
C:\myData\IMG\center_2025_06_02_17_04_11_451.jpg,C:\myData\IMG\left_2025_06_02_17_04_11_451.jpg,C:\myData\IMG\right_2025_06_02_17_04_11_451.jpg,0,0,0,6.050298
C:\myData\IMG\center_2025_06_02_17_04_11_632.jpg,C:\myData\IMG\left_2025_06_02_17_04_11_632.jpg,C:\myData\IMG\right_2025_06_02_17_04_11_632.jpg,0,0.540582,0,7.086872
C:\myData\IMG\center_2025_06_02_17_04_11_811.jpg,C:\myData\IMG\left_2025_06_02_17_04_11_811.jpg,C:\myData\IMG\right_2025_06_02_17_04_11_811.jpg,0,0,0,6.991565
C:\myData\IMG\center_2025_06_02_17_04_11_991.jpg,C:\myData\IMG\left_2025_06_02_17_04_11_991.jpg,C:\myData\IMG\right_2025_06_02_17_04_11_991.jpg,0,0,0,6.865776
C:\myData\IMG\center_2025_06_02_17_04_12_166.jpg,C:\myData\IMG\left_2025_06_02_17_04_12_166.jpg,C:\myData\IMG\right_2025_06_02_17_04_12_166.jpg,0,0,0,6.742247
C:\myData\IMG\center_2025_06_02_17_04_12_349.jpg,C:\myData\IMG\left_2025_06_02_17_04_12_349.jpg,C:\myData\IMG\right_2025_06_02_17_04_12_349.jpg,0.45,0,0,6.576476
C:\myData\IMG\center_2025_06_02_17_04_12_527.jpg,C:\myData\IMG\left_2025_06_02_17_04_12_527.jpg,C:\myData\IMG\right_2025_06_02_17_04_12_527.jpg,0,0,0,6.437778
C:\myData\IMG\center_2025_06_02_17_04_12_701.jpg,C:\myData\IMG\left_2025_06_02_17_04_12_701.jpg,C:\myData\IMG\right_2025_06_02_17_04_12_701.jpg,0,0,0,6.321809
C:\myData\IMG\center_2025_06_02_17_04_12_885.jpg,C:\myData\IMG\left_2025_06_02_17_04_12_885.jpg,C:\myData\IMG\right_2025_06_02_17_04_12_885.jpg,0,0,0,6.208071
C:\myData\IMG\center_2025_06_02_17_04_13_060.jpg,C:\myData\IMG\left_2025_06_02_17_04_13_060.jpg,C:\myData\IMG\right_2025_06_02_17_04_13_060.jpg,0,0,0,6.096378
C:\myData\IMG\center_2025_06_02_17_04_13_229.jpg,C:\myData\IMG\left_2025_06_02_17_04_13_229.jpg,C:\myData\IMG\right_2025_06_02_17_04_13_229.jpg,0,0,0,5.998782
C:\myData\IMG\center_2025_06_02_17_04_13_405.jpg,C:\myData\IMG\left_2025_06_02_17_04_13_405.jpg,C:\myData\IMG\right_2025_06_02_17_04_13_405.jpg,0,0,0,5.890854
C:\myData\IMG\center_2025_06_02_17_04_13_584.jpg,C:\myData\IMG\left_2025_06_02_17_04_13_584.jpg,C:\myData\IMG\right_2025_06_02_17_04_13_584.jpg,0.45,0,0,5.746007
C:\myData\IMG\center_2025_06_02_17_04_13_756.jpg,C:\myData\IMG\left_2025_06_02_17_04_13_756.jpg,C:\myData\IMG\right_2025_06_02_17_04_13_756.jpg,0,0,0,5.63486
C:\myData\IMG\center_2025_06_02_17_04_13_931.jpg,C:\myData\IMG\left_2025_06_02_17_04_13_931.jpg,C:\myData\IMG\right_2025_06_02_17_04_13_931.jpg,0,0,0,5.533454
C:\myData\IMG\center_2025_06_02_17_04_14_117.jpg,C:\myData\IMG\left_2025_06_02_17_04_14_117.jpg,C:\myData\IMG\right_2025_06_02_17_04_14_117.jpg,0,0,0,5.4339
C:\myData\IMG\center_2025_06_02_17_04_14_289.jpg,C:\myData\IMG\left_2025_06_02_17_04_14_289.jpg,C:\myData\IMG\right_2025_06_02_17_04_14_289.jpg,0,0,0,5.336141
C:\myData\IMG\center_2025_06_02_17_04_14_460.jpg,C:\myData\IMG\left_2025_06_02_17_04_14_460.jpg,C:\myData\IMG\right_2025_06_02_17_04_14_460.jpg,0,0,0,5.250718
C:\myData\IMG\center_2025_06_02_17_04_14_634.jpg,C:\myData\IMG\left_2025_06_02_17_04_14_634.jpg,C:\myData\IMG\right_2025_06_02_17_04_14_634.jpg,0,0,0,5.15625
C:\myData\IMG\center_2025_06_02_17_04_14_808.jpg,C:\myData\IMG\left_2025_06_02_17_04_14_808.jpg,C:\myData\IMG\right_2025_06_02_17_04_14_808.jpg,0.45,0,0,5.029538
C:\myData\IMG\center_2025_06_02_17_04_14_982.jpg,C:\myData\IMG\left_2025_06_02_17_04_14_982.jpg,C:\myData\IMG\right_2025_06_02_17_04_14_982.jpg,0,0,0,4.921386
C:\myData\IMG\center_2025_06_02_17_04_15_166.jpg,C:\myData\IMG\left_2025_06_02_17_04_15_166.jpg,C:\myData\IMG\right_2025_06_02_17_04_15_166.jpg,0,0,0,4.832839
C:\myData\IMG\center_2025_06_02_17_04_15_333.jpg,C:\myData\IMG\left_2025_06_02_17_04_15_333.jpg,C:\myData\IMG\right_2025_06_02_17_04_15_333.jpg,0,0,0,4.755475
C:\myData\IMG\center_2025_06_02_17_04_15_508.jpg,C:\myData\IMG\left_2025_06_02_17_04_15_508.jpg,C:\myData\IMG\right_2025_06_02_17_04_15_508.jpg,0,0,0,4.66992
C:\myData\IMG\center_2025_06_02_17_04_15_637.jpg,C:\myData\IMG\left_2025_06_02_17_04_15_637.jpg,C:\myData\IMG\right_2025_06_02_17_04_15_637.jpg,0,0,0,4.613741
C:\myData\IMG\center_2025_06_02_17_04_15_855.jpg,C:\myData\IMG\left_2025_06_02_17_04_15_855.jpg,C:\myData\IMG\right_2025_06_02_17_04_15_855.jpg,0,0,0,4.512497
C:\myData\IMG\center_2025_06_02_17_04_16_032.jpg,C:\myData\IMG\left_2025_06_02_17_04_16_032.jpg,C:\myData\IMG\right_2025_06_02_17_04_16_032.jpg,0.45,0,0,4.401721
C:\myData\IMG\center_2025_06_02_17_04_16_213.jpg,C:\myData\IMG\left_2025_06_02_17_04_16_213.jpg,C:\myData\IMG\right_2025_06_02_17_04_16_213.jpg,0,0,0,4.306273
C:\myData\IMG\center_2025_06_02_17_04_16_362.jpg,C:\myData\IMG\left_2025_06_02_17_04_16_362.jpg,C:\myData\IMG\right_2025_06_02_17_04_16_362.jpg,0,0,0,4.237337
C:\myData\IMG\center_2025_06_02_17_04_16_560.jpg,C:\myData\IMG\left_2025_06_02_17_04_16_560.jpg,C:\myData\IMG\right_2025_06_02_17_04_16_560.jpg,0,0,0,4.152719
C:\myData\IMG\center_2025_06_02_17_04_16_735.jpg,C:\myData\IMG\left_2025_06_02_17_04_16_735.jpg,C:\myData\IMG\right_2025_06_02_17_04_16_735.jpg,0,0,0,4.086245
C:\myData\IMG\center_2025_06_02_17_04_16_886.jpg,C:\myData\IMG\left_2025_06_02_17_04_16_886.jpg,C:\myData\IMG\right_2025_06_02_17_04_16_886.jpg,0,0,0,4.020835
C:\myData\IMG\center_2025_06_02_17_04_17_079.jpg,C:\myData\IMG\left_2025_06_02_17_04_17_079.jpg,C:\myData\IMG\right_2025_06_02_17_04_17_079.jpg,0,0,0,3.940542
C:\myData\IMG\center_2025_06_02_17_04_17_260.jpg,C:\myData\IMG\left_2025_06_02_17_04_17_260.jpg,C:\myData\IMG\right_2025_06_02_17_04_17_260.jpg,0,0.5373558,0,4.896391
C:\myData\IMG\center_2025_06_02_17_04_17_414.jpg,C:\myData\IMG\left_2025_06_02_17_04_17_414.jpg,C:\myData\IMG\right_2025_06_02_17_04_17_414.jpg,0,0.07059538,0,4.974416
C:\myData\IMG\center_2025_06_02_17_04_17_608.jpg,C:\myData\IMG\left_2025_06_02_17_04_17_608.jpg,C:\myData\IMG\right_2025_06_02_17_04_17_608.jpg,0,0,0,4.878366
C:\myData\IMG\center_2025_06_02_17_04_17_787.jpg,C:\myData\IMG\left_2025_06_02_17_04_17_787.jpg,C:\myData\IMG\right_2025_06_02_17_04_17_787.jpg,0,0.5370828,0,5.933336
C:\myData\IMG\center_2025_06_02_17_04_17_956.jpg,C:\myData\IMG\left_2025_06_02_17_04_17_956.jpg,C:\myData\IMG\right_2025_06_02_17_04_17_956.jpg,0.4,0.03133321,0,5.893213
C:\myData\IMG\center_2025_06_02_17_04_18_102.jpg,C:\myData\IMG\left_2025_06_02_17_04_18_102.jpg,C:\myData\IMG\right_2025_06_02_17_04_18_102.jpg,0.8000001,0,0,5.713257
C:\myData\IMG\center_2025_06_02_17_04_18_282.jpg,C:\myData\IMG\left_2025_06_02_17_04_18_282.jpg,C:\myData\IMG\right_2025_06_02_17_04_18_282.jpg,0,0,0,5.53494
C:\myData\IMG\center_2025_06_02_17_04_18_489.jpg,C:\myData\IMG\left_2025_06_02_17_04_18_489.jpg,C:\myData\IMG\right_2025_06_02_17_04_18_489.jpg,0,0,0,5.424359
C:\myData\IMG\center_2025_06_02_17_04_18_661.jpg,C:\myData\IMG\left_2025_06_02_17_04_18_661.jpg,C:\myData\IMG\right_2025_06_02_17_04_18_661.jpg,0,0,0,5.326771
C:\myData\IMG\center_2025_06_02_17_04_18_836.jpg,C:\myData\IMG\left_2025_06_02_17_04_18_836.jpg,C:\myData\IMG\right_2025_06_02_17_04_18_836.jpg,0,0,0,5.241392
C:\myData\IMG\center_2025_06_02_17_04_19_007.jpg,C:\myData\IMG\left_2025_06_02_17_04_19_007.jpg,C:\myData\IMG\right_2025_06_02_17_04_19_007.jpg,0,0,0,5.147094
C:\myData\IMG\center_2025_06_02_17_04_19_168.jpg,C:\myData\IMG\left_2025_06_02_17_04_19_168.jpg,C:\myData\IMG\right_2025_06_02_17_04_19_168.jpg,0,0,0,5.0647
C:\myData\IMG\center_2025_06_02_17_04_19_344.jpg,C:\myData\IMG\left_2025_06_02_17_04_19_344.jpg,C:\myData\IMG\right_2025_06_02_17_04_19_344.jpg,0,0.5280363,0,6.096395
C:\myData\IMG\center_2025_06_02_17_04_19_552.jpg,C:\myData\IMG\left_2025_06_02_17_04_19_552.jpg,C:\myData\IMG\right_2025_06_02_17_04_19_552.jpg,0,1,0,8.350178
C:\myData\IMG\center_2025_06_02_17_04_19_711.jpg,C:\myData\IMG\left_2025_06_02_17_04_19_711.jpg,C:\myData\IMG\right_2025_06_02_17_04_19_711.jpg,0,1,0,10.14258
C:\myData\IMG\center_2025_06_02_17_04_19_884.jpg,C:\myData\IMG\left_2025_06_02_17_04_19_884.jpg,C:\myData\IMG\right_2025_06_02_17_04_19_884.jpg,0,1,0,11.87668
C:\myData\IMG\center_2025_06_02_17_04_20_068.jpg,C:\myData\IMG\left_2025_06_02_17_04_20_068.jpg,C:\myData\IMG\right_2025_06_02_17_04_20_068.jpg,0,0.4547644,0,12.88198
C:\myData\IMG\center_2025_06_02_17_04_20_320.jpg,C:\myData\IMG\left_2025_06_02_17_04_20_320.jpg,C:\myData\IMG\right_2025_06_02_17_04_20_320.jpg,0.4,0,0,12.65908
C:\myData\IMG\center_2025_06_02_17_04_20_502.jpg,C:\myData\IMG\left_2025_06_02_17_04_20_502.jpg,C:\myData\IMG\right_2025_06_02_17_04_20_502.jpg,0,0,0,12.46398
C:\myData\IMG\center_2025_06_02_17_04_20_677.jpg,C:\myData\IMG\left_2025_06_02_17_04_20_677.jpg,C:\myData\IMG\right_2025_06_02_17_04_20_677.jpg,0,0,0,12.29975
C:\myData\IMG\center_2025_06_02_17_04_20_827.jpg,C:\myData\IMG\left_2025_06_02_17_04_20_827.jpg,C:\myData\IMG\right_2025_06_02_17_04_20_827.jpg,0,0,0,11.84946
C:\myData\IMG\center_2025_06_02_17_04_21_005.jpg,C:\myData\IMG\left_2025_06_02_17_04_21_005.jpg,C:\myData\IMG\right_2025_06_02_17_04_21_005.jpg,0,0,0,11.67096
C:\myData\IMG\center_2025_06_02_17_04_21_164.jpg,C:\myData\IMG\left_2025_06_02_17_04_21_164.jpg,C:\myData\IMG\right_2025_06_02_17_04_21_164.jpg,0,0,0,11.49165
C:\myData\IMG\center_2025_06_02_17_04_21_343.jpg,C:\myData\IMG\left_2025_06_02_17_04_21_343.jpg,C:\myData\IMG\right_2025_06_02_17_04_21_343.jpg,0,0,0,11.54027
C:\myData\IMG\center_2025_06_02_17_04_21_519.jpg,C:\myData\IMG\left_2025_06_02_17_04_21_519.jpg,C:\myData\IMG\right_2025_06_02_17_04_21_519.jpg,0.5000001,0,0,11.15764
C:\myData\IMG\center_2025_06_02_17_04_21_617.jpg,C:\myData\IMG\left_2025_06_02_17_04_21_617.jpg,C:\myData\IMG\right_2025_06_02_17_04_21_617.jpg,0.9500002,0,0,10.72095
C:\myData\IMG\center_2025_06_02_17_04_21_787.jpg,C:\myData\IMG\left_2025_06_02_17_04_21_787.jpg,C:\myData\IMG\right_2025_06_02_17_04_21_787.jpg,0,0,0,10.36891
C:\myData\IMG\center_2025_06_02_17_04_21_953.jpg,C:\myData\IMG\left_2025_06_02_17_04_21_953.jpg,C:\myData\IMG\right_2025_06_02_17_04_21_953.jpg,0,0,0,10.20135
C:\myData\IMG\center_2025_06_02_17_04_22_098.jpg,C:\myData\IMG\left_2025_06_02_17_04_22_098.jpg,C:\myData\IMG\right_2025_06_02_17_04_22_098.jpg,0,0,0,10.05816
C:\myData\IMG\center_2025_06_02_17_04_22_269.jpg,C:\myData\IMG\left_2025_06_02_17_04_22_269.jpg,C:\myData\IMG\right_2025_06_02_17_04_22_269.jpg,0,0,0,9.87714
C:\myData\IMG\center_2025_06_02_17_04_22_433.jpg,C:\myData\IMG\left_2025_06_02_17_04_22_433.jpg,C:\myData\IMG\right_2025_06_02_17_04_22_433.jpg,0,0,0,9.719001
C:\myData\IMG\center_2025_06_02_17_04_22_616.jpg,C:\myData\IMG\left_2025_06_02_17_04_22_616.jpg,C:\myData\IMG\right_2025_06_02_17_04_22_616.jpg,0,0,0,9.544119
C:\myData\IMG\center_2025_06_02_17_04_22_745.jpg,C:\myData\IMG\left_2025_06_02_17_04_22_745.jpg,C:\myData\IMG\right_2025_06_02_17_04_22_745.jpg,0,0,0,9.410196
C:\myData\IMG\center_2025_06_02_17_04_22_879.jpg,C:\myData\IMG\left_2025_06_02_17_04_22_879.jpg,C:\myData\IMG\right_2025_06_02_17_04_22_879.jpg,0,0,0,9.278207
C:\myData\IMG\center_2025_06_02_17_04_23_021.jpg,C:\myData\IMG\left_2025_06_02_17_04_23_021.jpg,C:\myData\IMG\right_2025_06_02_17_04_23_021.jpg,0,0.4210842,0,9.829537
C:\myData\IMG\center_2025_06_02_17_04_23_160.jpg,C:\myData\IMG\left_2025_06_02_17_04_23_160.jpg,C:\myData\IMG\right_2025_06_02_17_04_23_160.jpg,0,0.8412246,0,11.07937
C:\myData\IMG\center_2025_06_02_17_04_23_313.jpg,C:\myData\IMG\left_2025_06_02_17_04_23_313.jpg,C:\myData\IMG\right_2025_06_02_17_04_23_313.jpg,0,0.3798102,0,11.55883
C:\myData\IMG\center_2025_06_02_17_04_23_585.jpg,C:\myData\IMG\left_2025_06_02_17_04_23_585.jpg,C:\myData\IMG\right_2025_06_02_17_04_23_585.jpg,0,0.8457387,0,12.67538
C:\myData\IMG\center_2025_06_02_17_04_23_737.jpg,C:\myData\IMG\left_2025_06_02_17_04_23_737.jpg,C:\myData\IMG\right_2025_06_02_17_04_23_737.jpg,0,0.3096354,0,13.35981
C:\myData\IMG\center_2025_06_02_17_04_23_890.jpg,C:\myData\IMG\left_2025_06_02_17_04_23_890.jpg,C:\myData\IMG\right_2025_06_02_17_04_23_890.jpg,0,0,0,13.32641
C:\myData\IMG\center_2025_06_02_17_04_24_045.jpg,C:\myData\IMG\left_2025_06_02_17_04_24_045.jpg,C:\myData\IMG\right_2025_06_02_17_04_24_045.jpg,0,0,0,13.09493
C:\myData\IMG\center_2025_06_02_17_04_24_198.jpg,C:\myData\IMG\left_2025_06_02_17_04_24_198.jpg,C:\myData\IMG\right_2025_06_02_17_04_24_198.jpg,0,0,0,12.82685
C:\myData\IMG\center_2025_06_02_17_04_24_356.jpg,C:\myData\IMG\left_2025_06_02_17_04_24_356.jpg,C:\myData\IMG\right_2025_06_02_17_04_24_356.jpg,0,0,0,12.61753
C:\myData\IMG\center_2025_06_02_17_04_24_501.jpg,C:\myData\IMG\left_2025_06_02_17_04_24_501.jpg,C:\myData\IMG\right_2025_06_02_17_04_24_501.jpg,0,0,0,12.48797
C:\myData\IMG\center_2025_06_02_17_04_24_657.jpg,C:\myData\IMG\left_2025_06_02_17_04_24_657.jpg,C:\myData\IMG\right_2025_06_02_17_04_24_657.jpg,0.4,0,0,12.21561
C:\myData\IMG\center_2025_06_02_17_04_24_810.jpg,C:\myData\IMG\left_2025_06_02_17_04_24_810.jpg,C:\myData\IMG\right_2025_06_02_17_04_24_810.jpg,0,0,0,12.05659
C:\myData\IMG\center_2025_06_02_17_04_24_959.jpg,C:\myData\IMG\left_2025_06_02_17_04_24_959.jpg,C:\myData\IMG\right_2025_06_02_17_04_24_959.jpg,0,0,0,11.95812
C:\myData\IMG\center_2025_06_02_17_04_25_109.jpg,C:\myData\IMG\left_2025_06_02_17_04_25_109.jpg,C:\myData\IMG\right_2025_06_02_17_04_25_109.jpg,0,0,0,11.57621
C:\myData\IMG\center_2025_06_02_17_04_25_270.jpg,C:\myData\IMG\left_2025_06_02_17_04_25_270.jpg,C:\myData\IMG\right_2025_06_02_17_04_25_270.jpg,0,0,0,11.3879
C:\myData\IMG\center_2025_06_02_17_04_25_415.jpg,C:\myData\IMG\left_2025_06_02_17_04_25_415.jpg,C:\myData\IMG\right_2025_06_02_17_04_25_415.jpg,0,0,0,11.19425
C:\myData\IMG\center_2025_06_02_17_04_25_571.jpg,C:\myData\IMG\left_2025_06_02_17_04_25_571.jpg,C:\myData\IMG\right_2025_06_02_17_04_25_571.jpg,0,0,0,11.04077
C:\myData\IMG\center_2025_06_02_17_04_25_721.jpg,C:\myData\IMG\left_2025_06_02_17_04_25_721.jpg,C:\myData\IMG\right_2025_06_02_17_04_25_721.jpg,0,0,0,10.99459
C:\myData\IMG\center_2025_06_02_17_04_25_776.jpg,C:\myData\IMG\left_2025_06_02_17_04_25_776.jpg,C:\myData\IMG\right_2025_06_02_17_04_25_776.jpg,0,0,0,10.84035
C:\myData\IMG\center_2025_06_02_17_04_25_934.jpg,C:\myData\IMG\left_2025_06_02_17_04_25_934.jpg,C:\myData\IMG\right_2025_06_02_17_04_25_934.jpg,0,0,0,10.66677
C:\myData\IMG\center_2025_06_02_17_04_26_077.jpg,C:\myData\IMG\left_2025_06_02_17_04_26_077.jpg,C:\myData\IMG\right_2025_06_02_17_04_26_077.jpg,0,0,0,10.51718
C:\myData\IMG\center_2025_06_02_17_04_26_205.jpg,C:\myData\IMG\left_2025_06_02_17_04_26_205.jpg,C:\myData\IMG\right_2025_06_02_17_04_26_205.jpg,0,0,0,10.36969
C:\myData\IMG\center_2025_06_02_17_04_26_377.jpg,C:\myData\IMG\left_2025_06_02_17_04_26_377.jpg,C:\myData\IMG\right_2025_06_02_17_04_26_377.jpg,0,0,0,10.20366
C:\myData\IMG\center_2025_06_02_17_04_26_509.jpg,C:\myData\IMG\left_2025_06_02_17_04_26_509.jpg,C:\myData\IMG\right_2025_06_02_17_04_26_509.jpg,0,0,0,10.06056
C:\myData\IMG\center_2025_06_02_17_04_26_656.jpg,C:\myData\IMG\left_2025_06_02_17_04_26_656.jpg,C:\myData\IMG\right_2025_06_02_17_04_26_656.jpg,0,0,0,9.919472
C:\myData\IMG\center_2025_06_02_17_04_26_807.jpg,C:\myData\IMG\left_2025_06_02_17_04_26_807.jpg,C:\myData\IMG\right_2025_06_02_17_04_26_807.jpg,0,0,0,9.76065
C:\myData\IMG\center_2025_06_02_17_04_26_954.jpg,C:\myData\IMG\left_2025_06_02_17_04_26_954.jpg,C:\myData\IMG\right_2025_06_02_17_04_26_954.jpg,0,0,0,9.623769
C:\myData\IMG\center_2025_06_02_17_04_27_101.jpg,C:\myData\IMG\left_2025_06_02_17_04_27_101.jpg,C:\myData\IMG\right_2025_06_02_17_04_27_101.jpg,0,0,0,9.469684
C:\myData\IMG\center_2025_06_02_17_04_27_249.jpg,C:\myData\IMG\left_2025_06_02_17_04_27_249.jpg,C:\myData\IMG\right_2025_06_02_17_04_27_249.jpg,0,0,0,9.336885
C:\myData\IMG\center_2025_06_02_17_04_27_409.jpg,C:\myData\IMG\left_2025_06_02_17_04_27_409.jpg,C:\myData\IMG\right_2025_06_02_17_04_27_409.jpg,0,0,0,9.187395
C:\myData\IMG\center_2025_06_02_17_04_27_573.jpg,C:\myData\IMG\left_2025_06_02_17_04_27_573.jpg,C:\myData\IMG\right_2025_06_02_17_04_27_573.jpg,0,0,0,9.040297
C:\myData\IMG\center_2025_06_02_17_04_27_702.jpg,C:\myData\IMG\left_2025_06_02_17_04_27_702.jpg,C:\myData\IMG\right_2025_06_02_17_04_27_702.jpg,0,0,0,8.913521
C:\myData\IMG\center_2025_06_02_17_04_27_844.jpg,C:\myData\IMG\left_2025_06_02_17_04_27_844.jpg,C:\myData\IMG\right_2025_06_02_17_04_27_844.jpg,0,0,0,8.788527
C:\myData\IMG\center_2025_06_02_17_04_27_987.jpg,C:\myData\IMG\left_2025_06_02_17_04_27_987.jpg,C:\myData\IMG\right_2025_06_02_17_04_27_987.jpg,0,0,0,8.665288
C:\myData\IMG\center_2025_06_02_17_04_28_132.jpg,C:\myData\IMG\left_2025_06_02_17_04_28_132.jpg,C:\myData\IMG\right_2025_06_02_17_04_28_132.jpg,0,0,0,8.543775
C:\myData\IMG\center_2025_06_02_17_04_28_277.jpg,C:\myData\IMG\left_2025_06_02_17_04_28_277.jpg,C:\myData\IMG\right_2025_06_02_17_04_28_277.jpg,0,0.4356054,0,9.131003
C:\myData\IMG\center_2025_06_02_17_04_28_424.jpg,C:\myData\IMG\left_2025_06_02_17_04_28_424.jpg,C:\myData\IMG\right_2025_06_02_17_04_28_424.jpg,0,0.8706993,0,10.63095
C:\myData\IMG\center_2025_06_02_17_04_28_576.jpg,C:\myData\IMG\left_2025_06_02_17_04_28_576.jpg,C:\myData\IMG\right_2025_06_02_17_04_28_576.jpg,0,1,0,11.91258
C:\myData\IMG\center_2025_06_02_17_04_28_828.jpg,C:\myData\IMG\left_2025_06_02_17_04_28_828.jpg,C:\myData\IMG\right_2025_06_02_17_04_28_828.jpg,0,0.5276554,0,12.91928
C:\myData\IMG\center_2025_06_02_17_04_28_974.jpg,C:\myData\IMG\left_2025_06_02_17_04_28_974.jpg,C:\myData\IMG\right_2025_06_02_17_04_28_974.jpg,0,0.01610255,0,13.05699
C:\myData\IMG\center_2025_06_02_17_04_29_122.jpg,C:\myData\IMG\left_2025_06_02_17_04_29_122.jpg,C:\myData\IMG\right_2025_06_02_17_04_29_122.jpg,0,0,0,12.90053
C:\myData\IMG\center_2025_06_02_17_04_29_262.jpg,C:\myData\IMG\left_2025_06_02_17_04_29_262.jpg,C:\myData\IMG\right_2025_06_02_17_04_29_262.jpg,0,0,0,12.74294
C:\myData\IMG\center_2025_06_02_17_04_29_410.jpg,C:\myData\IMG\left_2025_06_02_17_04_29_410.jpg,C:\myData\IMG\right_2025_06_02_17_04_29_410.jpg,0,0,0,12.53577
C:\myData\IMG\center_2025_06_02_17_04_29_563.jpg,C:\myData\IMG\left_2025_06_02_17_04_29_563.jpg,C:\myData\IMG\right_2025_06_02_17_04_29_563.jpg,0.35,0,0,11.77014
C:\myData\IMG\center_2025_06_02_17_04_29_716.jpg,C:\myData\IMG\left_2025_06_02_17_04_29_716.jpg,C:\myData\IMG\right_2025_06_02_17_04_29_716.jpg,0,0,0,11.55737
C:\myData\IMG\center_2025_06_02_17_04_29_863.jpg,C:\myData\IMG\left_2025_06_02_17_04_29_863.jpg,C:\myData\IMG\right_2025_06_02_17_04_29_863.jpg,0,0,0,11.91609
C:\myData\IMG\center_2025_06_02_17_04_30_010.jpg,C:\myData\IMG\left_2025_06_02_17_04_30_010.jpg,C:\myData\IMG\right_2025_06_02_17_04_30_010.jpg,0,0,0,11.20631
C:\myData\IMG\center_2025_06_02_17_04_30_159.jpg,C:\myData\IMG\left_2025_06_02_17_04_30_159.jpg,C:\myData\IMG\right_2025_06_02_17_04_30_159.jpg,0,0,0,11.40468
C:\myData\IMG\center_2025_06_02_17_04_30_201.jpg,C:\myData\IMG\left_2025_06_02_17_04_30_201.jpg,C:\myData\IMG\right_2025_06_02_17_04_30_201.jpg,0,0,0,11.3288
C:\myData\IMG\center_2025_06_02_17_04_30_347.jpg,C:\myData\IMG\left_2025_06_02_17_04_30_347.jpg,C:\myData\IMG\right_2025_06_02_17_04_30_347.jpg,0,0,0,11.06966
C:\myData\IMG\center_2025_06_02_17_04_30_501.jpg,C:\myData\IMG\left_2025_06_02_17_04_30_501.jpg,C:\myData\IMG\right_2025_06_02_17_04_30_501.jpg,0,0,0,10.89243
C:\myData\IMG\center_2025_06_02_17_04_30_650.jpg,C:\myData\IMG\left_2025_06_02_17_04_30_650.jpg,C:\myData\IMG\right_2025_06_02_17_04_30_650.jpg,0,0,0,10.73967
C:\myData\IMG\center_2025_06_02_17_04_30_810.jpg,C:\myData\IMG\left_2025_06_02_17_04_30_810.jpg,C:\myData\IMG\right_2025_06_02_17_04_30_810.jpg,0.4,0,0,10.51357
C:\myData\IMG\center_2025_06_02_17_04_30_953.jpg,C:\myData\IMG\left_2025_06_02_17_04_30_953.jpg,C:\myData\IMG\right_2025_06_02_17_04_30_953.jpg,0,0,0,10.34915
C:\myData\IMG\center_2025_06_02_17_04_31_106.jpg,C:\myData\IMG\left_2025_06_02_17_04_31_106.jpg,C:\myData\IMG\right_2025_06_02_17_04_31_106.jpg,0,0,0,10.18305
C:\myData\IMG\center_2025_06_02_17_04_31_253.jpg,C:\myData\IMG\left_2025_06_02_17_04_31_253.jpg,C:\myData\IMG\right_2025_06_02_17_04_31_253.jpg,0,0,0,10.04024
C:\myData\IMG\center_2025_06_02_17_04_31_400.jpg,C:\myData\IMG\left_2025_06_02_17_04_31_400.jpg,C:\myData\IMG\right_2025_06_02_17_04_31_400.jpg,0,0,0,9.879478
C:\myData\IMG\center_2025_06_02_17_04_31_548.jpg,C:\myData\IMG\left_2025_06_02_17_04_31_548.jpg,C:\myData\IMG\right_2025_06_02_17_04_31_548.jpg,0,0,0,9.74093
C:\myData\IMG\center_2025_06_02_17_04_31_700.jpg,C:\myData\IMG\left_2025_06_02_17_04_31_700.jpg,C:\myData\IMG\right_2025_06_02_17_04_31_700.jpg,0,0,0,9.584967
C:\myData\IMG\center_2025_06_02_17_04_31_860.jpg,C:\myData\IMG\left_2025_06_02_17_04_31_860.jpg,C:\myData\IMG\right_2025_06_02_17_04_31_860.jpg,0,0,0,9.45055
C:\myData\IMG\center_2025_06_02_17_04_31_993.jpg,C:\myData\IMG\left_2025_06_02_17_04_31_993.jpg,C:\myData\IMG\right_2025_06_02_17_04_31_993.jpg,0.35,0,0,9.281363
C:\myData\IMG\center_2025_06_02_17_04_32_139.jpg,C:\myData\IMG\left_2025_06_02_17_04_32_139.jpg,C:\myData\IMG\right_2025_06_02_17_04_32_139.jpg,0,0,0,9.139648
C:\myData\IMG\center_2025_06_02_17_04_32_286.jpg,C:\myData\IMG\left_2025_06_02_17_04_32_286.jpg,C:\myData\IMG\right_2025_06_02_17_04_32_286.jpg,0,0,0,8.993114
C:\myData\IMG\center_2025_06_02_17_04_32_436.jpg,C:\myData\IMG\left_2025_06_02_17_04_32_436.jpg,C:\myData\IMG\right_2025_06_02_17_04_32_436.jpg,0,0,0,8.866974
C:\myData\IMG\center_2025_06_02_17_04_32_579.jpg,C:\myData\IMG\left_2025_06_02_17_04_32_579.jpg,C:\myData\IMG\right_2025_06_02_17_04_32_579.jpg,0,0,0,8.742634
C:\myData\IMG\center_2025_06_02_17_04_32_718.jpg,C:\myData\IMG\left_2025_06_02_17_04_32_718.jpg,C:\myData\IMG\right_2025_06_02_17_04_32_718.jpg,0,0,0,8.620037
C:\myData\IMG\center_2025_06_02_17_04_32_857.jpg,C:\myData\IMG\left_2025_06_02_17_04_32_857.jpg,C:\myData\IMG\right_2025_06_02_17_04_32_857.jpg,0,0,0,8.499158
C:\myData\IMG\center_2025_06_02_17_04_33_012.jpg,C:\myData\IMG\left_2025_06_02_17_04_33_012.jpg,C:\myData\IMG\right_2025_06_02_17_04_33_012.jpg,0,0,0,8.363086
C:\myData\IMG\center_2025_06_02_17_04_33_144.jpg,C:\myData\IMG\left_2025_06_02_17_04_33_144.jpg,C:\myData\IMG\right_2025_06_02_17_04_33_144.jpg,0.35,0,0,8.212759
C:\myData\IMG\center_2025_06_02_17_04_33_309.jpg,C:\myData\IMG\left_2025_06_02_17_04_33_309.jpg,C:\myData\IMG\right_2025_06_02_17_04_33_309.jpg,0,0,0,8.069934
C:\myData\IMG\center_2025_06_02_17_04_33_452.jpg,C:\myData\IMG\left_2025_06_02_17_04_33_452.jpg,C:\myData\IMG\right_2025_06_02_17_04_33_452.jpg,0,0,0,7.956696
C:\myData\IMG\center_2025_06_02_17_04_33_591.jpg,C:\myData\IMG\left_2025_06_02_17_04_33_591.jpg,C:\myData\IMG\right_2025_06_02_17_04_33_591.jpg,0,0,0,7.845122
C:\myData\IMG\center_2025_06_02_17_04_33_737.jpg,C:\myData\IMG\left_2025_06_02_17_04_33_737.jpg,C:\myData\IMG\right_2025_06_02_17_04_33_737.jpg,0,0,0,7.73511
C:\myData\IMG\center_2025_06_02_17_04_33_878.jpg,C:\myData\IMG\left_2025_06_02_17_04_33_878.jpg,C:\myData\IMG\right_2025_06_02_17_04_33_878.jpg,0,0,0,7.626643
C:\myData\IMG\center_2025_06_02_17_04_34_020.jpg,C:\myData\IMG\left_2025_06_02_17_04_34_020.jpg,C:\myData\IMG\right_2025_06_02_17_04_34_020.jpg,0,0,0,7.504543
C:\myData\IMG\center_2025_06_02_17_04_34_172.jpg,C:\myData\IMG\left_2025_06_02_17_04_34_172.jpg,C:\myData\IMG\right_2025_06_02_17_04_34_172.jpg,0,0,0,7.399311
C:\myData\IMG\center_2025_06_02_17_04_34_313.jpg,C:\myData\IMG\left_2025_06_02_17_04_34_313.jpg,C:\myData\IMG\right_2025_06_02_17_04_34_313.jpg,0,0,0,7.295554
C:\myData\IMG\center_2025_06_02_17_04_34_467.jpg,C:\myData\IMG\left_2025_06_02_17_04_34_467.jpg,C:\myData\IMG\right_2025_06_02_17_04_34_467.jpg,0,0,0,7.178756
C:\myData\IMG\center_2025_06_02_17_04_34_606.jpg,C:\myData\IMG\left_2025_06_02_17_04_34_606.jpg,C:\myData\IMG\right_2025_06_02_17_04_34_606.jpg,0,0,0,7.078091
C:\myData\IMG\center_2025_06_02_17_04_34_756.jpg,C:\myData\IMG\left_2025_06_02_17_04_34_756.jpg,C:\myData\IMG\right_2025_06_02_17_04_34_756.jpg,0,0,0,6.97884
C:\myData\IMG\center_2025_06_02_17_04_34_896.jpg,C:\myData\IMG\left_2025_06_02_17_04_34_896.jpg,C:\myData\IMG\right_2025_06_02_17_04_34_896.jpg,0,0,0,6.88098
C:\myData\IMG\center_2025_06_02_17_04_35_044.jpg,C:\myData\IMG\left_2025_06_02_17_04_35_044.jpg,C:\myData\IMG\right_2025_06_02_17_04_35_044.jpg,0,0,0,6.770821
C:\myData\IMG\center_2025_06_02_17_04_35_192.jpg,C:\myData\IMG\left_2025_06_02_17_04_35_192.jpg,C:\myData\IMG\right_2025_06_02_17_04_35_192.jpg,0,0,0,6.675879
C:\myData\IMG\center_2025_06_02_17_04_35_345.jpg,C:\myData\IMG\left_2025_06_02_17_04_35_345.jpg,C:\myData\IMG\right_2025_06_02_17_04_35_345.jpg,0,0.4588152,0,7.429733
C:\myData\IMG\center_2025_06_02_17_04_35_491.jpg,C:\myData\IMG\left_2025_06_02_17_04_35_491.jpg,C:\myData\IMG\right_2025_06_02_17_04_35_491.jpg,0,0.02049747,0,7.387586
C:\myData\IMG\center_2025_06_02_17_04_35_640.jpg,C:\myData\IMG\left_2025_06_02_17_04_35_640.jpg,C:\myData\IMG\right_2025_06_02_17_04_35_640.jpg,0,0.4673742,0,8.145084
C:\myData\IMG\center_2025_06_02_17_04_35_788.jpg,C:\myData\IMG\left_2025_06_02_17_04_35_788.jpg,C:\myData\IMG\right_2025_06_02_17_04_35_788.jpg,0,0.9102702,0,9.536826
C:\myData\IMG\center_2025_06_02_17_04_35_926.jpg,C:\myData\IMG\left_2025_06_02_17_04_35_926.jpg,C:\myData\IMG\right_2025_06_02_17_04_35_926.jpg,0,1,0,11.08297
C:\myData\IMG\center_2025_06_02_17_04_36_074.jpg,C:\myData\IMG\left_2025_06_02_17_04_36_074.jpg,C:\myData\IMG\right_2025_06_02_17_04_36_074.jpg,0,1,0,12.5941
C:\myData\IMG\center_2025_06_02_17_04_36_327.jpg,C:\myData\IMG\left_2025_06_02_17_04_36_327.jpg,C:\myData\IMG\right_2025_06_02_17_04_36_327.jpg,0,1,0,14.13953
C:\myData\IMG\center_2025_06_02_17_04_36_476.jpg,C:\myData\IMG\left_2025_06_02_17_04_36_476.jpg,C:\myData\IMG\right_2025_06_02_17_04_36_476.jpg,0,1,0,15.94954
C:\myData\IMG\center_2025_06_02_17_04_36_621.jpg,C:\myData\IMG\left_2025_06_02_17_04_36_621.jpg,C:\myData\IMG\right_2025_06_02_17_04_36_621.jpg,0,0.5592175,0,16.82726
C:\myData\IMG\center_2025_06_02_17_04_36_771.jpg,C:\myData\IMG\left_2025_06_02_17_04_36_771.jpg,C:\myData\IMG\right_2025_06_02_17_04_36_771.jpg,0,0.1145937,0,16.39909
C:\myData\IMG\center_2025_06_02_17_04_36_816.jpg,C:\myData\IMG\left_2025_06_02_17_04_36_816.jpg,C:\myData\IMG\right_2025_06_02_17_04_36_816.jpg,0,0,0,16.71946
C:\myData\IMG\center_2025_06_02_17_04_37_078.jpg,C:\myData\IMG\left_2025_06_02_17_04_37_078.jpg,C:\myData\IMG\right_2025_06_02_17_04_37_078.jpg,0,0,0,15.94237
C:\myData\IMG\center_2025_06_02_17_04_37_235.jpg,C:\myData\IMG\left_2025_06_02_17_04_37_235.jpg,C:\myData\IMG\right_2025_06_02_17_04_37_235.jpg,0.4,0,0,15.63084
C:\myData\IMG\center_2025_06_02_17_04_37_388.jpg,C:\myData\IMG\left_2025_06_02_17_04_37_388.jpg,C:\myData\IMG\right_2025_06_02_17_04_37_388.jpg,0,0,0,15.35942
C:\myData\IMG\center_2025_06_02_17_04_37_537.jpg,C:\myData\IMG\left_2025_06_02_17_04_37_537.jpg,C:\myData\IMG\right_2025_06_02_17_04_37_537.jpg,0,0,0,15.1412
C:\myData\IMG\center_2025_06_02_17_04_37_668.jpg,C:\myData\IMG\left_2025_06_02_17_04_37_668.jpg,C:\myData\IMG\right_2025_06_02_17_04_37_668.jpg,0,0,0,15.44863
C:\myData\IMG\center_2025_06_02_17_04_37_812.jpg,C:\myData\IMG\left_2025_06_02_17_04_37_812.jpg,C:\myData\IMG\right_2025_06_02_17_04_37_812.jpg,0,0,0,14.72051
C:\myData\IMG\center_2025_06_02_17_04_37_964.jpg,C:\myData\IMG\left_2025_06_02_17_04_37_964.jpg,C:\myData\IMG\right_2025_06_02_17_04_37_964.jpg,0,0,0,14.4848
C:\myData\IMG\center_2025_06_02_17_04_38_112.jpg,C:\myData\IMG\left_2025_06_02_17_04_38_112.jpg,C:\myData\IMG\right_2025_06_02_17_04_38_112.jpg,0,0,0,14.79044
C:\myData\IMG\center_2025_06_02_17_04_38_261.jpg,C:\myData\IMG\left_2025_06_02_17_04_38_261.jpg,C:\myData\IMG\right_2025_06_02_17_04_38_261.jpg,0,0,0,14.55795
C:\myData\IMG\center_2025_06_02_17_04_38_412.jpg,C:\myData\IMG\left_2025_06_02_17_04_38_412.jpg,C:\myData\IMG\right_2025_06_02_17_04_38_412.jpg,0.35,0,0,13.79858
C:\myData\IMG\center_2025_06_02_17_04_38_564.jpg,C:\myData\IMG\left_2025_06_02_17_04_38_564.jpg,C:\myData\IMG\right_2025_06_02_17_04_38_564.jpg,0,0,0,13.5805
C:\myData\IMG\center_2025_06_02_17_04_38_710.jpg,C:\myData\IMG\left_2025_06_02_17_04_38_710.jpg,C:\myData\IMG\right_2025_06_02_17_04_38_710.jpg,0,0,0,13.85942
C:\myData\IMG\center_2025_06_02_17_04_38_853.jpg,C:\myData\IMG\left_2025_06_02_17_04_38_853.jpg,C:\myData\IMG\right_2025_06_02_17_04_38_853.jpg,0,0,0,13.21238
C:\myData\IMG\center_2025_06_02_17_04_39_001.jpg,C:\myData\IMG\left_2025_06_02_17_04_39_001.jpg,C:\myData\IMG\right_2025_06_02_17_04_39_001.jpg,0,0,0,12.89964
C:\myData\IMG\center_2025_06_02_17_04_39_149.jpg,C:\myData\IMG\left_2025_06_02_17_04_39_149.jpg,C:\myData\IMG\right_2025_06_02_17_04_39_149.jpg,0,0,0,13.19684
C:\myData\IMG\center_2025_06_02_17_04_39_310.jpg,C:\myData\IMG\left_2025_06_02_17_04_39_310.jpg,C:\myData\IMG\right_2025_06_02_17_04_39_310.jpg,0,0,0,13.03782
C:\myData\IMG\center_2025_06_02_17_04_39_463.jpg,C:\myData\IMG\left_2025_06_02_17_04_39_463.jpg,C:\myData\IMG\right_2025_06_02_17_04_39_463.jpg,0,0,0,12.25732
C:\myData\IMG\center_2025_06_02_17_04_39_616.jpg,C:\myData\IMG\left_2025_06_02_17_04_39_616.jpg,C:\myData\IMG\right_2025_06_02_17_04_39_616.jpg,0.4,0,0,12.0042
C:\myData\IMG\center_2025_06_02_17_04_39_758.jpg,C:\myData\IMG\left_2025_06_02_17_04_39_758.jpg,C:\myData\IMG\right_2025_06_02_17_04_39_758.jpg,0,0,0,12.39657
C:\myData\IMG\center_2025_06_02_17_04_39_902.jpg,C:\myData\IMG\left_2025_06_02_17_04_39_902.jpg,C:\myData\IMG\right_2025_06_02_17_04_39_902.jpg,0,0,0,11.73488
C:\myData\IMG\center_2025_06_02_17_04_40_046.jpg,C:\myData\IMG\left_2025_06_02_17_04_40_046.jpg,C:\myData\IMG\right_2025_06_02_17_04_40_046.jpg,0,0,0,11.43094
C:\myData\IMG\center_2025_06_02_17_04_40_183.jpg,C:\myData\IMG\left_2025_06_02_17_04_40_183.jpg,C:\myData\IMG\right_2025_06_02_17_04_40_183.jpg,0,0,0,11.80404
C:\myData\IMG\center_2025_06_02_17_04_40_327.jpg,C:\myData\IMG\left_2025_06_02_17_04_40_327.jpg,C:\myData\IMG\right_2025_06_02_17_04_40_327.jpg,0,0,0,11.53029
C:\myData\IMG\center_2025_06_02_17_04_40_474.jpg,C:\myData\IMG\left_2025_06_02_17_04_40_474.jpg,C:\myData\IMG\right_2025_06_02_17_04_40_474.jpg,0,0,0,11.3808
C:\myData\IMG\center_2025_06_02_17_04_40_621.jpg,C:\myData\IMG\left_2025_06_02_17_04_40_621.jpg,C:\myData\IMG\right_2025_06_02_17_04_40_621.jpg,0,0,0,11.1589
C:\myData\IMG\center_2025_06_02_17_04_40_668.jpg,C:\myData\IMG\left_2025_06_02_17_04_40_668.jpg,C:\myData\IMG\right_2025_06_02_17_04_40_668.jpg,0.4,0,0,10.9258
C:\myData\IMG\center_2025_06_02_17_04_40_808.jpg,C:\myData\IMG\left_2025_06_02_17_04_40_808.jpg,C:\myData\IMG\right_2025_06_02_17_04_40_808.jpg,0,0,0,10.75497
C:\myData\IMG\center_2025_06_02_17_04_40_952.jpg,C:\myData\IMG\left_2025_06_02_17_04_40_952.jpg,C:\myData\IMG\right_2025_06_02_17_04_40_952.jpg,0,0,0,10.60358
C:\myData\IMG\center_2025_06_02_17_04_41_101.jpg,C:\myData\IMG\left_2025_06_02_17_04_41_101.jpg,C:\myData\IMG\right_2025_06_02_17_04_41_101.jpg,0,0,0,10.43371
C:\myData\IMG\center_2025_06_02_17_04_41_249.jpg,C:\myData\IMG\left_2025_06_02_17_04_41_249.jpg,C:\myData\IMG\right_2025_06_02_17_04_41_249.jpg,0,0,0,10.28733
C:\myData\IMG\center_2025_06_02_17_04_41_385.jpg,C:\myData\IMG\left_2025_06_02_17_04_41_385.jpg,C:\myData\IMG\right_2025_06_02_17_04_41_385.jpg,0,0,0,10.14301
C:\myData\IMG\center_2025_06_02_17_04_41_510.jpg,C:\myData\IMG\left_2025_06_02_17_04_41_510.jpg,C:\myData\IMG\right_2025_06_02_17_04_41_510.jpg,0,0,0,10.02091
C:\myData\IMG\center_2025_06_02_17_04_41_654.jpg,C:\myData\IMG\left_2025_06_02_17_04_41_654.jpg,C:\myData\IMG\right_2025_06_02_17_04_41_654.jpg,0.35,0,0,9.843374
C:\myData\IMG\center_2025_06_02_17_04_41_804.jpg,C:\myData\IMG\left_2025_06_02_17_04_41_804.jpg,C:\myData\IMG\right_2025_06_02_17_04_41_804.jpg,0.7,0,0,9.587837
C:\myData\IMG\center_2025_06_02_17_04_41_934.jpg,C:\myData\IMG\left_2025_06_02_17_04_41_934.jpg,C:\myData\IMG\right_2025_06_02_17_04_41_934.jpg,0,0,0,9.380326
C:\myData\IMG\center_2025_06_02_17_04_42_066.jpg,C:\myData\IMG\left_2025_06_02_17_04_42_066.jpg,C:\myData\IMG\right_2025_06_02_17_04_42_066.jpg,0,0,0,9.247609
C:\myData\IMG\center_2025_06_02_17_04_42_202.jpg,C:\myData\IMG\left_2025_06_02_17_04_42_202.jpg,C:\myData\IMG\right_2025_06_02_17_04_42_202.jpg,0,0,0,9.117895
C:\myData\IMG\center_2025_06_02_17_04_42_338.jpg,C:\myData\IMG\left_2025_06_02_17_04_42_338.jpg,C:\myData\IMG\right_2025_06_02_17_04_42_338.jpg,0,0,0,9.008184
C:\myData\IMG\center_2025_06_02_17_04_42_480.jpg,C:\myData\IMG\left_2025_06_02_17_04_42_480.jpg,C:\myData\IMG\right_2025_06_02_17_04_42_480.jpg,0,0,0,8.863957
C:\myData\IMG\center_2025_06_02_17_04_42_617.jpg,C:\myData\IMG\left_2025_06_02_17_04_42_617.jpg,C:\myData\IMG\right_2025_06_02_17_04_42_617.jpg,0,0,0,8.757308
C:\myData\IMG\center_2025_06_02_17_04_42_743.jpg,C:\myData\IMG\left_2025_06_02_17_04_42_743.jpg,C:\myData\IMG\right_2025_06_02_17_04_42_743.jpg,0,0.3773028,0,9.246524
C:\myData\IMG\center_2025_06_02_17_04_42_871.jpg,C:\myData\IMG\left_2025_06_02_17_04_42_871.jpg,C:\myData\IMG\right_2025_06_02_17_04_42_871.jpg,0,0.7616308,0,10.21079
C:\myData\IMG\center_2025_06_02_17_04_43_010.jpg,C:\myData\IMG\left_2025_06_02_17_04_43_010.jpg,C:\myData\IMG\right_2025_06_02_17_04_43_010.jpg,0,1,0,11.56952
C:\myData\IMG\center_2025_06_02_17_04_43_252.jpg,C:\myData\IMG\left_2025_06_02_17_04_43_252.jpg,C:\myData\IMG\right_2025_06_02_17_04_43_252.jpg,0,0.593044,0,12.81044
C:\myData\IMG\center_2025_06_02_17_04_43_381.jpg,C:\myData\IMG\left_2025_06_02_17_04_43_381.jpg,C:\myData\IMG\right_2025_06_02_17_04_43_381.jpg,0,1,0,14.03669
C:\myData\IMG\center_2025_06_02_17_04_43_521.jpg,C:\myData\IMG\left_2025_06_02_17_04_43_521.jpg,C:\myData\IMG\right_2025_06_02_17_04_43_521.jpg,0,1,0,15.60634
C:\myData\IMG\center_2025_06_02_17_04_43_562.jpg,C:\myData\IMG\left_2025_06_02_17_04_43_562.jpg,C:\myData\IMG\right_2025_06_02_17_04_43_562.jpg,0,1,0,16.94654
C:\myData\IMG\center_2025_06_02_17_04_43_695.jpg,C:\myData\IMG\left_2025_06_02_17_04_43_695.jpg,C:\myData\IMG\right_2025_06_02_17_04_43_695.jpg,0,0.6048019,0,17.56325
C:\myData\IMG\center_2025_06_02_17_04_43_840.jpg,C:\myData\IMG\left_2025_06_02_17_04_43_840.jpg,C:\myData\IMG\right_2025_06_02_17_04_43_840.jpg,0,1,0,19.28277
C:\myData\IMG\center_2025_06_02_17_04_43_975.jpg,C:\myData\IMG\left_2025_06_02_17_04_43_975.jpg,C:\myData\IMG\right_2025_06_02_17_04_43_975.jpg,0,1,0,20.52196
C:\myData\IMG\center_2025_06_02_17_04_44_110.jpg,C:\myData\IMG\left_2025_06_02_17_04_44_110.jpg,C:\myData\IMG\right_2025_06_02_17_04_44_110.jpg,0,1,0,21.99341
C:\myData\IMG\center_2025_06_02_17_04_44_232.jpg,C:\myData\IMG\left_2025_06_02_17_04_44_232.jpg,C:\myData\IMG\right_2025_06_02_17_04_44_232.jpg,0,0.6290473,0,22.66245
C:\myData\IMG\center_2025_06_02_17_04_44_359.jpg,C:\myData\IMG\left_2025_06_02_17_04_44_359.jpg,C:\myData\IMG\right_2025_06_02_17_04_44_359.jpg,0,0.2483893,0,22.84471
C:\myData\IMG\center_2025_06_02_17_04_44_493.jpg,C:\myData\IMG\left_2025_06_02_17_04_44_493.jpg,C:\myData\IMG\right_2025_06_02_17_04_44_493.jpg,0,0,0,22.58328
C:\myData\IMG\center_2025_06_02_17_04_44_640.jpg,C:\myData\IMG\left_2025_06_02_17_04_44_640.jpg,C:\myData\IMG\right_2025_06_02_17_04_44_640.jpg,0,0,0,22.22155
C:\myData\IMG\center_2025_06_02_17_04_44_765.jpg,C:\myData\IMG\left_2025_06_02_17_04_44_765.jpg,C:\myData\IMG\right_2025_06_02_17_04_44_765.jpg,0,0,0,21.95403
C:\myData\IMG\center_2025_06_02_17_04_44_903.jpg,C:\myData\IMG\left_2025_06_02_17_04_44_903.jpg,C:\myData\IMG\right_2025_06_02_17_04_44_903.jpg,0,0,0,21.64598
C:\myData\IMG\center_2025_06_02_17_04_45_028.jpg,C:\myData\IMG\left_2025_06_02_17_04_45_028.jpg,C:\myData\IMG\right_2025_06_02_17_04_45_028.jpg,0.3,0,0,21.33889
C:\myData\IMG\center_2025_06_02_17_04_45_147.jpg,C:\myData\IMG\left_2025_06_02_17_04_45_147.jpg,C:\myData\IMG\right_2025_06_02_17_04_45_147.jpg,0,0,0,21.07562
C:\myData\IMG\center_2025_06_02_17_04_45_279.jpg,C:\myData\IMG\left_2025_06_02_17_04_45_279.jpg,C:\myData\IMG\right_2025_06_02_17_04_45_279.jpg,0,0,0,20.82115
C:\myData\IMG\center_2025_06_02_17_04_45_408.jpg,C:\myData\IMG\left_2025_06_02_17_04_45_408.jpg,C:\myData\IMG\right_2025_06_02_17_04_45_408.jpg,0,0,0,20.52786
C:\myData\IMG\center_2025_06_02_17_04_45_538.jpg,C:\myData\IMG\left_2025_06_02_17_04_45_538.jpg,C:\myData\IMG\right_2025_06_02_17_04_45_538.jpg,0,0,0,20.28066
C:\myData\IMG\center_2025_06_02_17_04_45_666.jpg,C:\myData\IMG\left_2025_06_02_17_04_45_666.jpg,C:\myData\IMG\right_2025_06_02_17_04_45_666.jpg,0,0,0,19.99791
C:\myData\IMG\center_2025_06_02_17_04_45_814.jpg,C:\myData\IMG\left_2025_06_02_17_04_45_814.jpg,C:\myData\IMG\right_2025_06_02_17_04_45_814.jpg,0,0,0,19.71427
C:\myData\IMG\center_2025_06_02_17_04_45_940.jpg,C:\myData\IMG\left_2025_06_02_17_04_45_940.jpg,C:\myData\IMG\right_2025_06_02_17_04_45_940.jpg,0,0,0,19.44566
C:\myData\IMG\center_2025_06_02_17_04_46_068.jpg,C:\myData\IMG\left_2025_06_02_17_04_46_068.jpg,C:\myData\IMG\right_2025_06_02_17_04_46_068.jpg,0,0,0,19.23165
C:\myData\IMG\center_2025_06_02_17_04_46_194.jpg,C:\myData\IMG\left_2025_06_02_17_04_46_194.jpg,C:\myData\IMG\right_2025_06_02_17_04_46_194.jpg,0,0,0,19.05325
C:\myData\IMG\center_2025_06_02_17_04_46_339.jpg,C:\myData\IMG\left_2025_06_02_17_04_46_339.jpg,C:\myData\IMG\right_2025_06_02_17_04_46_339.jpg,0,0,0,18.49797
C:\myData\IMG\center_2025_06_02_17_04_46_465.jpg,C:\myData\IMG\left_2025_06_02_17_04_46_465.jpg,C:\myData\IMG\right_2025_06_02_17_04_46_465.jpg,0,0,0,18.63869
C:\myData\IMG\center_2025_06_02_17_04_46_598.jpg,C:\myData\IMG\left_2025_06_02_17_04_46_598.jpg,C:\myData\IMG\right_2025_06_02_17_04_46_598.jpg,0,0,0,18.43402
C:\myData\IMG\center_2025_06_02_17_04_46_734.jpg,C:\myData\IMG\left_2025_06_02_17_04_46_734.jpg,C:\myData\IMG\right_2025_06_02_17_04_46_734.jpg,0,0,0,17.6672
C:\myData\IMG\center_2025_06_02_17_04_46_859.jpg,C:\myData\IMG\left_2025_06_02_17_04_46_859.jpg,C:\myData\IMG\right_2025_06_02_17_04_46_859.jpg,0,0,0,17.93107
C:\myData\IMG\center_2025_06_02_17_04_46_988.jpg,C:\myData\IMG\left_2025_06_02_17_04_46_988.jpg,C:\myData\IMG\right_2025_06_02_17_04_46_988.jpg,0,0,0,17.71922
C:\myData\IMG\center_2025_06_02_17_04_47_117.jpg,C:\myData\IMG\left_2025_06_02_17_04_47_117.jpg,C:\myData\IMG\right_2025_06_02_17_04_47_117.jpg,0,0,0,17.50977
C:\myData\IMG\center_2025_06_02_17_04_47_248.jpg,C:\myData\IMG\left_2025_06_02_17_04_47_248.jpg,C:\myData\IMG\right_2025_06_02_17_04_47_248.jpg,0,0,0,16.73021
C:\myData\IMG\center_2025_06_02_17_04_47_388.jpg,C:\myData\IMG\left_2025_06_02_17_04_47_388.jpg,C:\myData\IMG\right_2025_06_02_17_04_47_388.jpg,0,0,0,17.0307
C:\myData\IMG\center_2025_06_02_17_04_47_519.jpg,C:\myData\IMG\left_2025_06_02_17_04_47_519.jpg,C:\myData\IMG\right_2025_06_02_17_04_47_519.jpg,0,0,0,16.82991
C:\myData\IMG\center_2025_06_02_17_04_47_747.jpg,C:\myData\IMG\left_2025_06_02_17_04_47_747.jpg,C:\myData\IMG\right_2025_06_02_17_04_47_747.jpg,0,0,0,16.05075
C:\myData\IMG\center_2025_06_02_17_04_47_875.jpg,C:\myData\IMG\left_2025_06_02_17_04_47_875.jpg,C:\myData\IMG\right_2025_06_02_17_04_47_875.jpg,0,0,0,16.37515
C:\myData\IMG\center_2025_06_02_17_04_48_007.jpg,C:\myData\IMG\left_2025_06_02_17_04_48_007.jpg,C:\myData\IMG\right_2025_06_02_17_04_48_007.jpg,0,0,0,16.18939
C:\myData\IMG\center_2025_06_02_17_04_48_133.jpg,C:\myData\IMG\left_2025_06_02_17_04_48_133.jpg,C:\myData\IMG\right_2025_06_02_17_04_48_133.jpg,0,0,0,15.44608
C:\myData\IMG\center_2025_06_02_17_04_48_260.jpg,C:\myData\IMG\left_2025_06_02_17_04_48_260.jpg,C:\myData\IMG\right_2025_06_02_17_04_48_260.jpg,0,0,0,15.26335
C:\myData\IMG\center_2025_06_02_17_04_48_387.jpg,C:\myData\IMG\left_2025_06_02_17_04_48_387.jpg,C:\myData\IMG\right_2025_06_02_17_04_48_387.jpg,0,0,0,15.08074
C:\myData\IMG\center_2025_06_02_17_04_48_526.jpg,C:\myData\IMG\left_2025_06_02_17_04_48_526.jpg,C:\myData\IMG\right_2025_06_02_17_04_48_526.jpg,0,0,0,15.38804
C:\myData\IMG\center_2025_06_02_17_04_48_658.jpg,C:\myData\IMG\left_2025_06_02_17_04_48_658.jpg,C:\myData\IMG\right_2025_06_02_17_04_48_658.jpg,0,0,0,14.66164
C:\myData\IMG\center_2025_06_02_17_04_48_781.jpg,C:\myData\IMG\left_2025_06_02_17_04_48_781.jpg,C:\myData\IMG\right_2025_06_02_17_04_48_781.jpg,0,0,0,14.48503
C:\myData\IMG\center_2025_06_02_17_04_48_908.jpg,C:\myData\IMG\left_2025_06_02_17_04_48_908.jpg,C:\myData\IMG\right_2025_06_02_17_04_48_908.jpg,0,0,0,14.3109
C:\myData\IMG\center_2025_06_02_17_04_49_039.jpg,C:\myData\IMG\left_2025_06_02_17_04_49_039.jpg,C:\myData\IMG\right_2025_06_02_17_04_49_039.jpg,0,0,0,14.61653
C:\myData\IMG\center_2025_06_02_17_04_49_161.jpg,C:\myData\IMG\left_2025_06_02_17_04_49_161.jpg,C:\myData\IMG\right_2025_06_02_17_04_49_161.jpg,0,0,0,14.43773
C:\myData\IMG\center_2025_06_02_17_04_49_284.jpg,C:\myData\IMG\left_2025_06_02_17_04_49_284.jpg,C:\myData\IMG\right_2025_06_02_17_04_49_284.jpg,0,0,0,14.27232
C:\myData\IMG\center_2025_06_02_17_04_49_410.jpg,C:\myData\IMG\left_2025_06_02_17_04_49_410.jpg,C:\myData\IMG\right_2025_06_02_17_04_49_410.jpg,0,0,0,14.09628
C:\myData\IMG\center_2025_06_02_17_04_49_539.jpg,C:\myData\IMG\left_2025_06_02_17_04_49_539.jpg,C:\myData\IMG\right_2025_06_02_17_04_49_539.jpg,0.35,0,0,13.30354
C:\myData\IMG\center_2025_06_02_17_04_49_678.jpg,C:\myData\IMG\left_2025_06_02_17_04_49_678.jpg,C:\myData\IMG\right_2025_06_02_17_04_49_678.jpg,0,0,0,13.63769
C:\myData\IMG\center_2025_06_02_17_04_49_801.jpg,C:\myData\IMG\left_2025_06_02_17_04_49_801.jpg,C:\myData\IMG\right_2025_06_02_17_04_49_801.jpg,0,0,0,13.43993
C:\myData\IMG\center_2025_06_02_17_04_49_931.jpg,C:\myData\IMG\left_2025_06_02_17_04_49_931.jpg,C:\myData\IMG\right_2025_06_02_17_04_49_931.jpg,0,0,0,12.75819
C:\myData\IMG\center_2025_06_02_17_04_50_065.jpg,C:\myData\IMG\left_2025_06_02_17_04_50_065.jpg,C:\myData\IMG\right_2025_06_02_17_04_50_065.jpg,0,0,0,12.57642
C:\myData\IMG\center_2025_06_02_17_04_50_197.jpg,C:\myData\IMG\left_2025_06_02_17_04_50_197.jpg,C:\myData\IMG\right_2025_06_02_17_04_50_197.jpg,0,0,0,12.93824
C:\myData\IMG\center_2025_06_02_17_04_50_320.jpg,C:\myData\IMG\left_2025_06_02_17_04_50_320.jpg,C:\myData\IMG\right_2025_06_02_17_04_50_320.jpg,0,0,0,12.78507
C:\myData\IMG\center_2025_06_02_17_04_50_453.jpg,C:\myData\IMG\left_2025_06_02_17_04_50_453.jpg,C:\myData\IMG\right_2025_06_02_17_04_50_453.jpg,0,0,0,12.18177
C:\myData\IMG\center_2025_06_02_17_04_50_588.jpg,C:\myData\IMG\left_2025_06_02_17_04_50_588.jpg,C:\myData\IMG\right_2025_06_02_17_04_50_588.jpg,0,0,0,11.98386
C:\myData\IMG\center_2025_06_02_17_04_50_741.jpg,C:\myData\IMG\left_2025_06_02_17_04_50_741.jpg,C:\myData\IMG\right_2025_06_02_17_04_50_741.jpg,0,0,0,12.17339
C:\myData\IMG\center_2025_06_02_17_04_50_856.jpg,C:\myData\IMG\left_2025_06_02_17_04_50_856.jpg,C:\myData\IMG\right_2025_06_02_17_04_50_856.jpg,0.35,0,0,11.68785
C:\myData\IMG\center_2025_06_02_17_04_50_979.jpg,C:\myData\IMG\left_2025_06_02_17_04_50_979.jpg,C:\myData\IMG\right_2025_06_02_17_04_50_979.jpg,0,0,0,11.48798
C:\myData\IMG\center_2025_06_02_17_04_51_119.jpg,C:\myData\IMG\left_2025_06_02_17_04_51_119.jpg,C:\myData\IMG\right_2025_06_02_17_04_51_119.jpg,0,0,0,11.35461
C:\myData\IMG\center_2025_06_02_17_04_51_265.jpg,C:\myData\IMG\left_2025_06_02_17_04_51_265.jpg,C:\myData\IMG\right_2025_06_02_17_04_51_265.jpg,0,0,0,11.41165
C:\myData\IMG\center_2025_06_02_17_04_51_393.jpg,C:\myData\IMG\left_2025_06_02_17_04_51_393.jpg,C:\myData\IMG\right_2025_06_02_17_04_51_393.jpg,0,0,0,11.20699
C:\myData\IMG\center_2025_06_02_17_04_51_434.jpg,C:\myData\IMG\left_2025_06_02_17_04_51_434.jpg,C:\myData\IMG\right_2025_06_02_17_04_51_434.jpg,0,0,0,11.0634
C:\myData\IMG\center_2025_06_02_17_04_51_558.jpg,C:\myData\IMG\left_2025_06_02_17_04_51_558.jpg,C:\myData\IMG\right_2025_06_02_17_04_51_558.jpg,0,0,0,10.93028
C:\myData\IMG\center_2025_06_02_17_04_51_695.jpg,C:\myData\IMG\left_2025_06_02_17_04_51_695.jpg,C:\myData\IMG\right_2025_06_02_17_04_51_695.jpg,0,0,0,10.77699
C:\myData\IMG\center_2025_06_02_17_04_51_832.jpg,C:\myData\IMG\left_2025_06_02_17_04_51_832.jpg,C:\myData\IMG\right_2025_06_02_17_04_51_832.jpg,0,0,0,10.62585
C:\myData\IMG\center_2025_06_02_17_04_51_967.jpg,C:\myData\IMG\left_2025_06_02_17_04_51_967.jpg,C:\myData\IMG\right_2025_06_02_17_04_51_967.jpg,0,0.4129881,0,11.14156
C:\myData\IMG\center_2025_06_02_17_04_52_100.jpg,C:\myData\IMG\left_2025_06_02_17_04_52_100.jpg,C:\myData\IMG\right_2025_06_02_17_04_52_100.jpg,0,0.01715815,0,11.04904
C:\myData\IMG\center_2025_06_02_17_04_52_237.jpg,C:\myData\IMG\left_2025_06_02_17_04_52_237.jpg,C:\myData\IMG\right_2025_06_02_17_04_52_237.jpg,0,0.4303682,0,11.68631
C:\myData\IMG\center_2025_06_02_17_04_52_470.jpg,C:\myData\IMG\left_2025_06_02_17_04_52_470.jpg,C:\myData\IMG\right_2025_06_02_17_04_52_470.jpg,0,0.8267849,0,12.71765
C:\myData\IMG\center_2025_06_02_17_04_52_607.jpg,C:\myData\IMG\left_2025_06_02_17_04_52_607.jpg,C:\myData\IMG\right_2025_06_02_17_04_52_607.jpg,0,1,0,14.22231
C:\myData\IMG\center_2025_06_02_17_04_52_646.jpg,C:\myData\IMG\left_2025_06_02_17_04_52_646.jpg,C:\myData\IMG\right_2025_06_02_17_04_52_646.jpg,0,1,0,15.62786
C:\myData\IMG\center_2025_06_02_17_04_52_878.jpg,C:\myData\IMG\left_2025_06_02_17_04_52_878.jpg,C:\myData\IMG\right_2025_06_02_17_04_52_878.jpg,0,0.6081562,0,16.22528
C:\myData\IMG\center_2025_06_02_17_04_52_927.jpg,C:\myData\IMG\left_2025_06_02_17_04_52_927.jpg,C:\myData\IMG\right_2025_06_02_17_04_52_927.jpg,0,1,0,17.94679
C:\myData\IMG\center_2025_06_02_17_04_53_064.jpg,C:\myData\IMG\left_2025_06_02_17_04_53_064.jpg,C:\myData\IMG\right_2025_06_02_17_04_53_064.jpg,0,1,0,19.54204
C:\myData\IMG\center_2025_06_02_17_04_53_187.jpg,C:\myData\IMG\left_2025_06_02_17_04_53_187.jpg,C:\myData\IMG\right_2025_06_02_17_04_53_187.jpg,0,1,0,20.7384
C:\myData\IMG\center_2025_06_02_17_04_53_332.jpg,C:\myData\IMG\left_2025_06_02_17_04_53_332.jpg,C:\myData\IMG\right_2025_06_02_17_04_53_332.jpg,0,0.5655064,0,21.40329
C:\myData\IMG\center_2025_06_02_17_04_53_471.jpg,C:\myData\IMG\left_2025_06_02_17_04_53_471.jpg,C:\myData\IMG\right_2025_06_02_17_04_53_471.jpg,0,0.1482223,0,21.51265
C:\myData\IMG\center_2025_06_02_17_04_53_603.jpg,C:\myData\IMG\left_2025_06_02_17_04_53_603.jpg,C:\myData\IMG\right_2025_06_02_17_04_53_603.jpg,0,0,0,20.97488
C:\myData\IMG\center_2025_06_02_17_04_53_744.jpg,C:\myData\IMG\left_2025_06_02_17_04_53_744.jpg,C:\myData\IMG\right_2025_06_02_17_04_53_744.jpg,0,0,0,20.97655
C:\myData\IMG\center_2025_06_02_17_04_53_883.jpg,C:\myData\IMG\left_2025_06_02_17_04_53_883.jpg,C:\myData\IMG\right_2025_06_02_17_04_53_883.jpg,0.35,0,0,20.3137
C:\myData\IMG\center_2025_06_02_17_04_54_031.jpg,C:\myData\IMG\left_2025_06_02_17_04_54_031.jpg,C:\myData\IMG\right_2025_06_02_17_04_54_031.jpg,0,0,0,20.33197
C:\myData\IMG\center_2025_06_02_17_04_54_165.jpg,C:\myData\IMG\left_2025_06_02_17_04_54_165.jpg,C:\myData\IMG\right_2025_06_02_17_04_54_165.jpg,0,0,0,19.70269
C:\myData\IMG\center_2025_06_02_17_04_54_303.jpg,C:\myData\IMG\left_2025_06_02_17_04_54_303.jpg,C:\myData\IMG\right_2025_06_02_17_04_54_303.jpg,0,0,0,19.78665
C:\myData\IMG\center_2025_06_02_17_04_54_442.jpg,C:\myData\IMG\left_2025_06_02_17_04_54_442.jpg,C:\myData\IMG\right_2025_06_02_17_04_54_442.jpg,0,0,0,19.11195
C:\myData\IMG\center_2025_06_02_17_04_54_581.jpg,C:\myData\IMG\left_2025_06_02_17_04_54_581.jpg,C:\myData\IMG\right_2025_06_02_17_04_54_581.jpg,0,0,0,19.27058
C:\myData\IMG\center_2025_06_02_17_04_54_726.jpg,C:\myData\IMG\left_2025_06_02_17_04_54_726.jpg,C:\myData\IMG\right_2025_06_02_17_04_54_726.jpg,0,0,0,18.53342
C:\myData\IMG\center_2025_06_02_17_04_54_857.jpg,C:\myData\IMG\left_2025_06_02_17_04_54_857.jpg,C:\myData\IMG\right_2025_06_02_17_04_54_857.jpg,0,0,0,18.29871
C:\myData\IMG\center_2025_06_02_17_04_54_999.jpg,C:\myData\IMG\left_2025_06_02_17_04_54_999.jpg,C:\myData\IMG\right_2025_06_02_17_04_54_999.jpg,0,0,0,17.99207
C:\myData\IMG\center_2025_06_02_17_04_55_149.jpg,C:\myData\IMG\left_2025_06_02_17_04_55_149.jpg,C:\myData\IMG\right_2025_06_02_17_04_55_149.jpg,0.35,0,0,18.16488
C:\myData\IMG\center_2025_06_02_17_04_55_282.jpg,C:\myData\IMG\left_2025_06_02_17_04_55_282.jpg,C:\myData\IMG\right_2025_06_02_17_04_55_282.jpg,0,0,0,17.40018
C:\myData\IMG\center_2025_06_02_17_04_55_432.jpg,C:\myData\IMG\left_2025_06_02_17_04_55_432.jpg,C:\myData\IMG\right_2025_06_02_17_04_55_432.jpg,0,0,0,17.67218
C:\myData\IMG\center_2025_06_02_17_04_55_577.jpg,C:\myData\IMG\left_2025_06_02_17_04_55_577.jpg,C:\myData\IMG\right_2025_06_02_17_04_55_577.jpg,0,0,0,16.89381
C:\myData\IMG\center_2025_06_02_17_04_55_724.jpg,C:\myData\IMG\left_2025_06_02_17_04_55_724.jpg,C:\myData\IMG\right_2025_06_02_17_04_55_724.jpg,0,0,0,16.61392
C:\myData\IMG\center_2025_06_02_17_04_55_865.jpg,C:\myData\IMG\left_2025_06_02_17_04_55_865.jpg,C:\myData\IMG\right_2025_06_02_17_04_55_865.jpg,0,0,0,16.91841
C:\myData\IMG\center_2025_06_02_17_04_56_006.jpg,C:\myData\IMG\left_2025_06_02_17_04_56_006.jpg,C:\myData\IMG\right_2025_06_02_17_04_56_006.jpg,0,0,0,16.13843
C:\myData\IMG\center_2025_06_02_17_04_56_254.jpg,C:\myData\IMG\left_2025_06_02_17_04_56_254.jpg,C:\myData\IMG\right_2025_06_02_17_04_56_254.jpg,0,0,0,16.45948
C:\myData\IMG\center_2025_06_02_17_04_56_392.jpg,C:\myData\IMG\left_2025_06_02_17_04_56_392.jpg,C:\myData\IMG\right_2025_06_02_17_04_56_392.jpg,0,0,0,15.69317
C:\myData\IMG\center_2025_06_02_17_04_56_536.jpg,C:\myData\IMG\left_2025_06_02_17_04_56_536.jpg,C:\myData\IMG\right_2025_06_02_17_04_56_536.jpg,0,0,0,16.02676
C:\myData\IMG\center_2025_06_02_17_04_56_677.jpg,C:\myData\IMG\left_2025_06_02_17_04_56_677.jpg,C:\myData\IMG\right_2025_06_02_17_04_56_677.jpg,0.35,0,0,15.2309
C:\myData\IMG\center_2025_06_02_17_04_56_817.jpg,C:\myData\IMG\left_2025_06_02_17_04_56_817.jpg,C:\myData\IMG\right_2025_06_02_17_04_56_817.jpg,0.7500002,0,0,14.75801
C:\myData\IMG\center_2025_06_02_17_04_56_963.jpg,C:\myData\IMG\left_2025_06_02_17_04_56_963.jpg,C:\myData\IMG\right_2025_06_02_17_04_56_963.jpg,0,0,0,14.9731
C:\myData\IMG\center_2025_06_02_17_04_57_119.jpg,C:\myData\IMG\left_2025_06_02_17_04_57_119.jpg,C:\myData\IMG\right_2025_06_02_17_04_57_119.jpg,0,0,0,14.2575
C:\myData\IMG\center_2025_06_02_17_04_57_261.jpg,C:\myData\IMG\left_2025_06_02_17_04_57_261.jpg,C:\myData\IMG\right_2025_06_02_17_04_57_261.jpg,0,0,0,14.05572
C:\myData\IMG\center_2025_06_02_17_04_57_411.jpg,C:\myData\IMG\left_2025_06_02_17_04_57_411.jpg,C:\myData\IMG\right_2025_06_02_17_04_57_411.jpg,0,0,0,14.3438
C:\myData\IMG\center_2025_06_02_17_04_57_562.jpg,C:\myData\IMG\left_2025_06_02_17_04_57_562.jpg,C:\myData\IMG\right_2025_06_02_17_04_57_562.jpg,0,0,0,14.08965
C:\myData\IMG\center_2025_06_02_17_04_57_705.jpg,C:\myData\IMG\left_2025_06_02_17_04_57_705.jpg,C:\myData\IMG\right_2025_06_02_17_04_57_705.jpg,0,0,0,13.32262
C:\myData\IMG\center_2025_06_02_17_04_57_850.jpg,C:\myData\IMG\left_2025_06_02_17_04_57_850.jpg,C:\myData\IMG\right_2025_06_02_17_04_57_850.jpg,0,0,0,13.69604
C:\myData\IMG\center_2025_06_02_17_04_57_994.jpg,C:\myData\IMG\left_2025_06_02_17_04_57_994.jpg,C:\myData\IMG\right_2025_06_02_17_04_57_994.jpg,0,0,0,12.99996
C:\myData\IMG\center_2025_06_02_17_04_58_140.jpg,C:\myData\IMG\left_2025_06_02_17_04_58_140.jpg,C:\myData\IMG\right_2025_06_02_17_04_58_140.jpg,0,0,0,13.29257
C:\myData\IMG\center_2025_06_02_17_04_58_286.jpg,C:\myData\IMG\left_2025_06_02_17_04_58_286.jpg,C:\myData\IMG\right_2025_06_02_17_04_58_286.jpg,0,0.4504497,0,13.7754
C:\myData\IMG\center_2025_06_02_17_04_58_442.jpg,C:\myData\IMG\left_2025_06_02_17_04_58_442.jpg,C:\myData\IMG\right_2025_06_02_17_04_58_442.jpg,0,0.878265,0,14.95771
C:\myData\IMG\center_2025_06_02_17_04_58_487.jpg,C:\myData\IMG\left_2025_06_02_17_04_58_487.jpg,C:\myData\IMG\right_2025_06_02_17_04_58_487.jpg,0,1,0,16.70919
C:\myData\IMG\center_2025_06_02_17_04_58_641.jpg,C:\myData\IMG\left_2025_06_02_17_04_58_641.jpg,C:\myData\IMG\right_2025_06_02_17_04_58_641.jpg,0,0.5417695,0,17.56851
C:\myData\IMG\center_2025_06_02_17_04_58_795.jpg,C:\myData\IMG\left_2025_06_02_17_04_58_795.jpg,C:\myData\IMG\right_2025_06_02_17_04_58_795.jpg,0,0.07761672,0,17.22572
C:\myData\IMG\center_2025_06_02_17_04_58_946.jpg,C:\myData\IMG\left_2025_06_02_17_04_58_946.jpg,C:\myData\IMG\right_2025_06_02_17_04_58_946.jpg,0,0,0,16.85245
C:\myData\IMG\center_2025_06_02_17_04_59_090.jpg,C:\myData\IMG\left_2025_06_02_17_04_59_090.jpg,C:\myData\IMG\right_2025_06_02_17_04_59_090.jpg,0,0,0,17.12864
C:\myData\IMG\center_2025_06_02_17_04_59_242.jpg,C:\myData\IMG\left_2025_06_02_17_04_59_242.jpg,C:\myData\IMG\right_2025_06_02_17_04_59_242.jpg,0,0,0,16.85969
C:\myData\IMG\center_2025_06_02_17_04_59_493.jpg,C:\myData\IMG\left_2025_06_02_17_04_59_493.jpg,C:\myData\IMG\right_2025_06_02_17_04_59_493.jpg,0,0,0,16.08031
C:\myData\IMG\center_2025_06_02_17_04_59_658.jpg,C:\myData\IMG\left_2025_06_02_17_04_59_658.jpg,C:\myData\IMG\right_2025_06_02_17_04_59_658.jpg,0,0,0,15.8224
C:\myData\IMG\center_2025_06_02_17_04_59_807.jpg,C:\myData\IMG\left_2025_06_02_17_04_59_807.jpg,C:\myData\IMG\right_2025_06_02_17_04_59_807.jpg,0,0,0,15.58517
C:\myData\IMG\center_2025_06_02_17_04_59_957.jpg,C:\myData\IMG\left_2025_06_02_17_04_59_957.jpg,C:\myData\IMG\right_2025_06_02_17_04_59_957.jpg,0,0,0,15.90969
C:\myData\IMG\center_2025_06_02_17_05_00_107.jpg,C:\myData\IMG\left_2025_06_02_17_05_00_107.jpg,C:\myData\IMG\right_2025_06_02_17_05_00_107.jpg,0,0,0,15.16877
C:\myData\IMG\center_2025_06_02_17_05_00_251.jpg,C:\myData\IMG\left_2025_06_02_17_05_00_251.jpg,C:\myData\IMG\right_2025_06_02_17_05_00_251.jpg,0,0,0,14.92687
C:\myData\IMG\center_2025_06_02_17_05_00_404.jpg,C:\myData\IMG\left_2025_06_02_17_05_00_404.jpg,C:\myData\IMG\right_2025_06_02_17_05_00_404.jpg,0,0,0,15.23355
C:\myData\IMG\center_2025_06_02_17_05_00_554.jpg,C:\myData\IMG\left_2025_06_02_17_05_00_554.jpg,C:\myData\IMG\right_2025_06_02_17_05_00_554.jpg,0,0,0,14.99424
C:\myData\IMG\center_2025_06_02_17_05_00_710.jpg,C:\myData\IMG\left_2025_06_02_17_05_00_710.jpg,C:\myData\IMG\right_2025_06_02_17_05_00_710.jpg,0,0,0,14.75845
C:\myData\IMG\center_2025_06_02_17_05_00_864.jpg,C:\myData\IMG\left_2025_06_02_17_05_00_864.jpg,C:\myData\IMG\right_2025_06_02_17_05_00_864.jpg,0,0,0,14.52623
C:\myData\IMG\center_2025_06_02_17_05_00_998.jpg,C:\myData\IMG\left_2025_06_02_17_05_00_998.jpg,C:\myData\IMG\right_2025_06_02_17_05_00_998.jpg,0,0,0,13.82336
C:\myData\IMG\center_2025_06_02_17_05_01_150.jpg,C:\myData\IMG\left_2025_06_02_17_05_01_150.jpg,C:\myData\IMG\right_2025_06_02_17_05_01_150.jpg,0,0,0,14.1163
C:\myData\IMG\center_2025_06_02_17_05_01_298.jpg,C:\myData\IMG\left_2025_06_02_17_05_01_298.jpg,C:\myData\IMG\right_2025_06_02_17_05_01_298.jpg,0,0,0,13.91241
C:\myData\IMG\center_2025_06_02_17_05_01_449.jpg,C:\myData\IMG\left_2025_06_02_17_05_01_449.jpg,C:\myData\IMG\right_2025_06_02_17_05_01_449.jpg,0,0,0,13.08711
C:\myData\IMG\center_2025_06_02_17_05_01_605.jpg,C:\myData\IMG\left_2025_06_02_17_05_01_605.jpg,C:\myData\IMG\right_2025_06_02_17_05_01_605.jpg,0,0,0,13.45754
C:\myData\IMG\center_2025_06_02_17_05_01_758.jpg,C:\myData\IMG\left_2025_06_02_17_05_01_758.jpg,C:\myData\IMG\right_2025_06_02_17_05_01_758.jpg,0,0,0,13.23913
C:\myData\IMG\center_2025_06_02_17_05_01_914.jpg,C:\myData\IMG\left_2025_06_02_17_05_01_914.jpg,C:\myData\IMG\right_2025_06_02_17_05_01_914.jpg,0,0,0,13.02483
C:\myData\IMG\center_2025_06_02_17_05_02_083.jpg,C:\myData\IMG\left_2025_06_02_17_05_02_083.jpg,C:\myData\IMG\right_2025_06_02_17_05_02_083.jpg,0,0,0,12.8131
C:\myData\IMG\center_2025_06_02_17_05_02_236.jpg,C:\myData\IMG\left_2025_06_02_17_05_02_236.jpg,C:\myData\IMG\right_2025_06_02_17_05_02_236.jpg,0,0,0,12.6051
C:\myData\IMG\center_2025_06_02_17_05_02_371.jpg,C:\myData\IMG\left_2025_06_02_17_05_02_371.jpg,C:\myData\IMG\right_2025_06_02_17_05_02_371.jpg,0,0,0,11.87439
C:\myData\IMG\center_2025_06_02_17_05_02_543.jpg,C:\myData\IMG\left_2025_06_02_17_05_02_543.jpg,C:\myData\IMG\right_2025_06_02_17_05_02_543.jpg,0,0,0,11.67419
C:\myData\IMG\center_2025_06_02_17_05_02_684.jpg,C:\myData\IMG\left_2025_06_02_17_05_02_684.jpg,C:\myData\IMG\right_2025_06_02_17_05_02_684.jpg,0,0,0,11.47618
C:\myData\IMG\center_2025_06_02_17_05_02_836.jpg,C:\myData\IMG\left_2025_06_02_17_05_02_836.jpg,C:\myData\IMG\right_2025_06_02_17_05_02_836.jpg,0,0,0,11.28227
C:\myData\IMG\center_2025_06_02_17_05_02_991.jpg,C:\myData\IMG\left_2025_06_02_17_05_02_991.jpg,C:\myData\IMG\right_2025_06_02_17_05_02_991.jpg,0,0,0,11.36181
C:\myData\IMG\center_2025_06_02_17_05_03_142.jpg,C:\myData\IMG\left_2025_06_02_17_05_03_142.jpg,C:\myData\IMG\right_2025_06_02_17_05_03_142.jpg,0,0,0,11.31735
C:\myData\IMG\center_2025_06_02_17_05_03_299.jpg,C:\myData\IMG\left_2025_06_02_17_05_03_299.jpg,C:\myData\IMG\right_2025_06_02_17_05_03_299.jpg,0,0,0,11.16139
C:\myData\IMG\center_2025_06_02_17_05_03_352.jpg,C:\myData\IMG\left_2025_06_02_17_05_03_352.jpg,C:\myData\IMG\right_2025_06_02_17_05_03_352.jpg,0,0,0,10.98241
C:\myData\IMG\center_2025_06_02_17_05_03_504.jpg,C:\myData\IMG\left_2025_06_02_17_05_03_504.jpg,C:\myData\IMG\right_2025_06_02_17_05_03_504.jpg,0,0,0,10.80656
C:\myData\IMG\center_2025_06_02_17_05_03_657.jpg,C:\myData\IMG\left_2025_06_02_17_05_03_657.jpg,C:\myData\IMG\right_2025_06_02_17_05_03_657.jpg,0,0,0,10.655
C:\myData\IMG\center_2025_06_02_17_05_03_816.jpg,C:\myData\IMG\left_2025_06_02_17_05_03_816.jpg,C:\myData\IMG\right_2025_06_02_17_05_03_816.jpg,0,0,0,10.4844
C:\myData\IMG\center_2025_06_02_17_05_03_988.jpg,C:\myData\IMG\left_2025_06_02_17_05_03_988.jpg,C:\myData\IMG\right_2025_06_02_17_05_03_988.jpg,0,0,0,10.29573
C:\myData\IMG\center_2025_06_02_17_05_04_129.jpg,C:\myData\IMG\left_2025_06_02_17_05_04_129.jpg,C:\myData\IMG\right_2025_06_02_17_05_04_129.jpg,0,0,0,10.15133
C:\myData\IMG\center_2025_06_02_17_05_04_287.jpg,C:\myData\IMG\left_2025_06_02_17_05_04_287.jpg,C:\myData\IMG\right_2025_06_02_17_05_04_287.jpg,0,0,0,9.988793
C:\myData\IMG\center_2025_06_02_17_05_04_447.jpg,C:\myData\IMG\left_2025_06_02_17_05_04_447.jpg,C:\myData\IMG\right_2025_06_02_17_05_04_447.jpg,0,0,0,9.828858
C:\myData\IMG\center_2025_06_02_17_05_04_600.jpg,C:\myData\IMG\left_2025_06_02_17_05_04_600.jpg,C:\myData\IMG\right_2025_06_02_17_05_04_600.jpg,0,0,0,9.671485
C:\myData\IMG\center_2025_06_02_17_05_04_759.jpg,C:\myData\IMG\left_2025_06_02_17_05_04_759.jpg,C:\myData\IMG\right_2025_06_02_17_05_04_759.jpg,0,0,0,9.535851
C:\myData\IMG\center_2025_06_02_17_05_04_915.jpg,C:\myData\IMG\left_2025_06_02_17_05_04_915.jpg,C:\myData\IMG\right_2025_06_02_17_05_04_915.jpg,0,0,0,9.383201
C:\myData\IMG\center_2025_06_02_17_05_05_081.jpg,C:\myData\IMG\left_2025_06_02_17_05_05_081.jpg,C:\myData\IMG\right_2025_06_02_17_05_05_081.jpg,0,0,0,9.214348
C:\myData\IMG\center_2025_06_02_17_05_05_231.jpg,C:\myData\IMG\left_2025_06_02_17_05_05_231.jpg,C:\myData\IMG\right_2025_06_02_17_05_05_231.jpg,0.35,0,0,9.049244
C:\myData\IMG\center_2025_06_02_17_05_05_386.jpg,C:\myData\IMG\left_2025_06_02_17_05_05_386.jpg,C:\myData\IMG\right_2025_06_02_17_05_05_386.jpg,0,0,0,8.892769
C:\myData\IMG\center_2025_06_02_17_05_05_553.jpg,C:\myData\IMG\left_2025_06_02_17_05_05_553.jpg,C:\myData\IMG\right_2025_06_02_17_05_05_553.jpg,0,0,0,8.75028
C:\myData\IMG\center_2025_06_02_17_05_05_706.jpg,C:\myData\IMG\left_2025_06_02_17_05_05_706.jpg,C:\myData\IMG\right_2025_06_02_17_05_05_706.jpg,0,0,0,8.610226
C:\myData\IMG\center_2025_06_02_17_05_05_867.jpg,C:\myData\IMG\left_2025_06_02_17_05_05_867.jpg,C:\myData\IMG\right_2025_06_02_17_05_05_867.jpg,0,0,0,8.472374
C:\myData\IMG\center_2025_06_02_17_05_06_028.jpg,C:\myData\IMG\left_2025_06_02_17_05_06_028.jpg,C:\myData\IMG\right_2025_06_02_17_05_06_028.jpg,0,0,0,8.336729
C:\myData\IMG\center_2025_06_02_17_05_06_194.jpg,C:\myData\IMG\left_2025_06_02_17_05_06_194.jpg,C:\myData\IMG\right_2025_06_02_17_05_06_194.jpg,0,0,0,8.203255
C:\myData\IMG\center_2025_06_02_17_05_06_353.jpg,C:\myData\IMG\left_2025_06_02_17_05_06_353.jpg,C:\myData\IMG\right_2025_06_02_17_05_06_353.jpg,0,0,0,8.071919
C:\myData\IMG\center_2025_06_02_17_05_06_514.jpg,C:\myData\IMG\left_2025_06_02_17_05_06_514.jpg,C:\myData\IMG\right_2025_06_02_17_05_06_514.jpg,0,0.4799766,0,8.838298
C:\myData\IMG\center_2025_06_02_17_05_06_678.jpg,C:\myData\IMG\left_2025_06_02_17_05_06_678.jpg,C:\myData\IMG\right_2025_06_02_17_05_06_678.jpg,0,0.9742728,0,10.53724
C:\myData\IMG\center_2025_06_02_17_05_06_833.jpg,C:\myData\IMG\left_2025_06_02_17_05_06_833.jpg,C:\myData\IMG\right_2025_06_02_17_05_06_833.jpg,0,0.5092329,0,11.44711
C:\myData\IMG\center_2025_06_02_17_05_07_012.jpg,C:\myData\IMG\left_2025_06_02_17_05_07_012.jpg,C:\myData\IMG\right_2025_06_02_17_05_07_012.jpg,0.45,0,0,11.15892
C:\myData\IMG\center_2025_06_02_17_05_07_182.jpg,C:\myData\IMG\left_2025_06_02_17_05_07_182.jpg,C:\myData\IMG\right_2025_06_02_17_05_07_182.jpg,0,0,0,10.93456
C:\myData\IMG\center_2025_06_02_17_05_07_346.jpg,C:\myData\IMG\left_2025_06_02_17_05_07_346.jpg,C:\myData\IMG\right_2025_06_02_17_05_07_346.jpg,0,0,0,10.75925
C:\myData\IMG\center_2025_06_02_17_05_07_508.jpg,C:\myData\IMG\left_2025_06_02_17_05_07_508.jpg,C:\myData\IMG\right_2025_06_02_17_05_07_508.jpg,0,0,0,10.58696
C:\myData\IMG\center_2025_06_02_17_05_07_680.jpg,C:\myData\IMG\left_2025_06_02_17_05_07_680.jpg,C:\myData\IMG\right_2025_06_02_17_05_07_680.jpg,0,0,0,10.39645
C:\myData\IMG\center_2025_06_02_17_05_07_850.jpg,C:\myData\IMG\left_2025_06_02_17_05_07_850.jpg,C:\myData\IMG\right_2025_06_02_17_05_07_850.jpg,0,0,0,10.22998
C:\myData\IMG\center_2025_06_02_17_05_08_012.jpg,C:\myData\IMG\left_2025_06_02_17_05_08_012.jpg,C:\myData\IMG\right_2025_06_02_17_05_08_012.jpg,0,0,0,10.06618
C:\myData\IMG\center_2025_06_02_17_05_08_176.jpg,C:\myData\IMG\left_2025_06_02_17_05_08_176.jpg,C:\myData\IMG\right_2025_06_02_17_05_08_176.jpg,0,0,0,9.905002
C:\myData\IMG\center_2025_06_02_17_05_08_357.jpg,C:\myData\IMG\left_2025_06_02_17_05_08_357.jpg,C:\myData\IMG\right_2025_06_02_17_05_08_357.jpg,0.45,0,0,9.662436
C:\myData\IMG\center_2025_06_02_17_05_08_528.jpg,C:\myData\IMG\left_2025_06_02_17_05_08_528.jpg,C:\myData\IMG\right_2025_06_02_17_05_08_528.jpg,0,0,0,9.465205
C:\myData\IMG\center_2025_06_02_17_05_08_697.jpg,C:\myData\IMG\left_2025_06_02_17_05_08_697.jpg,C:\myData\IMG\right_2025_06_02_17_05_08_697.jpg,0,0,0,9.313513
C:\myData\IMG\center_2025_06_02_17_05_08_864.jpg,C:\myData\IMG\left_2025_06_02_17_05_08_864.jpg,C:\myData\IMG\right_2025_06_02_17_05_08_864.jpg,0,0,0,9.145984
C:\myData\IMG\center_2025_06_02_17_05_09_031.jpg,C:\myData\IMG\left_2025_06_02_17_05_09_031.jpg,C:\myData\IMG\right_2025_06_02_17_05_09_031.jpg,0,0,0,8.999538
C:\myData\IMG\center_2025_06_02_17_05_09_208.jpg,C:\myData\IMG\left_2025_06_02_17_05_09_208.jpg,C:\myData\IMG\right_2025_06_02_17_05_09_208.jpg,0,0,0,8.837596
C:\myData\IMG\center_2025_06_02_17_05_09_383.jpg,C:\myData\IMG\left_2025_06_02_17_05_09_383.jpg,C:\myData\IMG\right_2025_06_02_17_05_09_383.jpg,0,0,0,8.67857
C:\myData\IMG\center_2025_06_02_17_05_09_559.jpg,C:\myData\IMG\left_2025_06_02_17_05_09_559.jpg,C:\myData\IMG\right_2025_06_02_17_05_09_559.jpg,0,0,0,8.539618
C:\myData\IMG\center_2025_06_02_17_05_09_732.jpg,C:\myData\IMG\left_2025_06_02_17_05_09_732.jpg,C:\myData\IMG\right_2025_06_02_17_05_09_732.jpg,0,0,0,8.386008
C:\myData\IMG\center_2025_06_02_17_05_09_902.jpg,C:\myData\IMG\left_2025_06_02_17_05_09_902.jpg,C:\myData\IMG\right_2025_06_02_17_05_09_902.jpg,0.45,0,0,8.180029
C:\myData\IMG\center_2025_06_02_17_05_10_066.jpg,C:\myData\IMG\left_2025_06_02_17_05_10_066.jpg,C:\myData\IMG\right_2025_06_02_17_05_10_066.jpg,0.8500001,0,0,7.913673
C:\myData\IMG\center_2025_06_02_17_05_10_239.jpg,C:\myData\IMG\left_2025_06_02_17_05_10_239.jpg,C:\myData\IMG\right_2025_06_02_17_05_10_239.jpg,0,0,0,7.680496
C:\myData\IMG\center_2025_06_02_17_05_10_422.jpg,C:\myData\IMG\left_2025_06_02_17_05_10_422.jpg,C:\myData\IMG\right_2025_06_02_17_05_10_422.jpg,0,0,0,7.526541
C:\myData\IMG\center_2025_06_02_17_05_10_598.jpg,C:\myData\IMG\left_2025_06_02_17_05_10_598.jpg,C:\myData\IMG\right_2025_06_02_17_05_10_598.jpg,0,0,0,7.406038
C:\myData\IMG\center_2025_06_02_17_05_10_764.jpg,C:\myData\IMG\left_2025_06_02_17_05_10_764.jpg,C:\myData\IMG\right_2025_06_02_17_05_10_764.jpg,0,0,0,7.272779
C:\myData\IMG\center_2025_06_02_17_05_10_943.jpg,C:\myData\IMG\left_2025_06_02_17_05_10_943.jpg,C:\myData\IMG\right_2025_06_02_17_05_10_943.jpg,0,0,0,7.141917
C:\myData\IMG\center_2025_06_02_17_05_11_111.jpg,C:\myData\IMG\left_2025_06_02_17_05_11_111.jpg,C:\myData\IMG\right_2025_06_02_17_05_11_111.jpg,0,0.5064603,0,7.975718
C:\myData\IMG\center_2025_06_02_17_05_11_285.jpg,C:\myData\IMG\left_2025_06_02_17_05_11_285.jpg,C:\myData\IMG\right_2025_06_02_17_05_11_285.jpg,0,1,0,9.962935
C:\myData\IMG\center_2025_06_02_17_05_11_467.jpg,C:\myData\IMG\left_2025_06_02_17_05_11_467.jpg,C:\myData\IMG\right_2025_06_02_17_05_11_467.jpg,0,1,0,12.07841
C:\myData\IMG\center_2025_06_02_17_05_11_642.jpg,C:\myData\IMG\left_2025_06_02_17_05_11_642.jpg,C:\myData\IMG\right_2025_06_02_17_05_11_642.jpg,0,1,0,13.7943
C:\myData\IMG\center_2025_06_02_17_05_11_949.jpg,C:\myData\IMG\left_2025_06_02_17_05_11_949.jpg,C:\myData\IMG\right_2025_06_02_17_05_11_949.jpg,0,1,0,15.48568
C:\myData\IMG\center_2025_06_02_17_05_12_125.jpg,C:\myData\IMG\left_2025_06_02_17_05_12_125.jpg,C:\myData\IMG\right_2025_06_02_17_05_12_125.jpg,0,0.4657741,0,16.5586
C:\myData\IMG\center_2025_06_02_17_05_12_299.jpg,C:\myData\IMG\left_2025_06_02_17_05_12_299.jpg,C:\myData\IMG\right_2025_06_02_17_05_12_299.jpg,0,0,0,15.86031
C:\myData\IMG\center_2025_06_02_17_05_12_481.jpg,C:\myData\IMG\left_2025_06_02_17_05_12_481.jpg,C:\myData\IMG\right_2025_06_02_17_05_12_481.jpg,0,0,0,16.11434
C:\myData\IMG\center_2025_06_02_17_05_12_658.jpg,C:\myData\IMG\left_2025_06_02_17_05_12_658.jpg,C:\myData\IMG\right_2025_06_02_17_05_12_658.jpg,0,0,0,15.30671
C:\myData\IMG\center_2025_06_02_17_05_12_837.jpg,C:\myData\IMG\left_2025_06_02_17_05_12_837.jpg,C:\myData\IMG\right_2025_06_02_17_05_12_837.jpg,0,0,0,15.55345
C:\myData\IMG\center_2025_06_02_17_05_13_015.jpg,C:\myData\IMG\left_2025_06_02_17_05_13_015.jpg,C:\myData\IMG\right_2025_06_02_17_05_13_015.jpg,0,0,0,14.76293
C:\myData\IMG\center_2025_06_02_17_05_13_192.jpg,C:\myData\IMG\left_2025_06_02_17_05_13_192.jpg,C:\myData\IMG\right_2025_06_02_17_05_13_192.jpg,0,0,0,15.00952
C:\myData\IMG\center_2025_06_02_17_05_13_371.jpg,C:\myData\IMG\left_2025_06_02_17_05_13_371.jpg,C:\myData\IMG\right_2025_06_02_17_05_13_371.jpg,0,0,0,14.77353
C:\myData\IMG\center_2025_06_02_17_05_13_552.jpg,C:\myData\IMG\left_2025_06_02_17_05_13_552.jpg,C:\myData\IMG\right_2025_06_02_17_05_13_552.jpg,0,0,0,14.00877
C:\myData\IMG\center_2025_06_02_17_05_13_740.jpg,C:\myData\IMG\left_2025_06_02_17_05_13_740.jpg,C:\myData\IMG\right_2025_06_02_17_05_13_740.jpg,0,0,0,14.23542
C:\myData\IMG\center_2025_06_02_17_05_13_920.jpg,C:\myData\IMG\left_2025_06_02_17_05_13_920.jpg,C:\myData\IMG\right_2025_06_02_17_05_13_920.jpg,0,0,0,13.92776
C:\myData\IMG\center_2025_06_02_17_05_14_101.jpg,C:\myData\IMG\left_2025_06_02_17_05_14_101.jpg,C:\myData\IMG\right_2025_06_02_17_05_14_101.jpg,0.45,0,0,13.03807
C:\myData\IMG\center_2025_06_02_17_05_14_278.jpg,C:\myData\IMG\left_2025_06_02_17_05_14_278.jpg,C:\myData\IMG\right_2025_06_02_17_05_14_278.jpg,0,0,0,13.34136
C:\myData\IMG\center_2025_06_02_17_05_14_460.jpg,C:\myData\IMG\left_2025_06_02_17_05_14_460.jpg,C:\myData\IMG\right_2025_06_02_17_05_14_460.jpg,0,0,0,12.6039
C:\myData\IMG\center_2025_06_02_17_05_14_640.jpg,C:\myData\IMG\left_2025_06_02_17_05_14_640.jpg,C:\myData\IMG\right_2025_06_02_17_05_14_640.jpg,0,0,0,12.82983
C:\myData\IMG\center_2025_06_02_17_05_14_826.jpg,C:\myData\IMG\left_2025_06_02_17_05_14_826.jpg,C:\myData\IMG\right_2025_06_02_17_05_14_826.jpg,0,0,0,12.04056
C:\myData\IMG\center_2025_06_02_17_05_14_987.jpg,C:\myData\IMG\left_2025_06_02_17_05_14_987.jpg,C:\myData\IMG\right_2025_06_02_17_05_14_987.jpg,0,0,0,12.36179
C:\myData\IMG\center_2025_06_02_17_05_15_176.jpg,C:\myData\IMG\left_2025_06_02_17_05_15_176.jpg,C:\myData\IMG\right_2025_06_02_17_05_15_176.jpg,0,0,0,11.58991
C:\myData\IMG\center_2025_06_02_17_05_15_360.jpg,C:\myData\IMG\left_2025_06_02_17_05_15_360.jpg,C:\myData\IMG\right_2025_06_02_17_05_15_360.jpg,0.45,0,0,11.84103
C:\myData\IMG\center_2025_06_02_17_05_15_528.jpg,C:\myData\IMG\left_2025_06_02_17_05_15_528.jpg,C:\myData\IMG\right_2025_06_02_17_05_15_528.jpg,0.9000002,0,0,11.24589
C:\myData\IMG\center_2025_06_02_17_05_15_595.jpg,C:\myData\IMG\left_2025_06_02_17_05_15_595.jpg,C:\myData\IMG\right_2025_06_02_17_05_15_595.jpg,0,0,0,10.89803
C:\myData\IMG\center_2025_06_02_17_05_15_771.jpg,C:\myData\IMG\left_2025_06_02_17_05_15_771.jpg,C:\myData\IMG\right_2025_06_02_17_05_15_771.jpg,0,0,0,10.70034
C:\myData\IMG\center_2025_06_02_17_05_15_953.jpg,C:\myData\IMG\left_2025_06_02_17_05_15_953.jpg,C:\myData\IMG\right_2025_06_02_17_05_15_953.jpg,0,0,0,10.50776
C:\myData\IMG\center_2025_06_02_17_05_16_124.jpg,C:\myData\IMG\left_2025_06_02_17_05_16_124.jpg,C:\myData\IMG\right_2025_06_02_17_05_16_124.jpg,0.45,0,0,10.25092
C:\myData\IMG\center_2025_06_02_17_05_16_299.jpg,C:\myData\IMG\left_2025_06_02_17_05_16_299.jpg,C:\myData\IMG\right_2025_06_02_17_05_16_299.jpg,0,0,0,10.06323
C:\myData\IMG\center_2025_06_02_17_05_16_469.jpg,C:\myData\IMG\left_2025_06_02_17_05_16_469.jpg,C:\myData\IMG\right_2025_06_02_17_05_16_469.jpg,0,0,0,9.881852
C:\myData\IMG\center_2025_06_02_17_05_16_637.jpg,C:\myData\IMG\left_2025_06_02_17_05_16_637.jpg,C:\myData\IMG\right_2025_06_02_17_05_16_637.jpg,0,0,0,9.723625
C:\myData\IMG\center_2025_06_02_17_05_16_807.jpg,C:\myData\IMG\left_2025_06_02_17_05_16_807.jpg,C:\myData\IMG\right_2025_06_02_17_05_16_807.jpg,0,0,0,9.548648
C:\myData\IMG\center_2025_06_02_17_05_16_973.jpg,C:\myData\IMG\left_2025_06_02_17_05_16_973.jpg,C:\myData\IMG\right_2025_06_02_17_05_16_973.jpg,0,0,0,9.395759
C:\myData\IMG\center_2025_06_02_17_05_17_146.jpg,C:\myData\IMG\left_2025_06_02_17_05_17_146.jpg,C:\myData\IMG\right_2025_06_02_17_05_17_146.jpg,0,0,0,9.226681
C:\myData\IMG\center_2025_06_02_17_05_17_310.jpg,C:\myData\IMG\left_2025_06_02_17_05_17_310.jpg,C:\myData\IMG\right_2025_06_02_17_05_17_310.jpg,0,0,0,9.078942
C:\myData\IMG\center_2025_06_02_17_05_17_478.jpg,C:\myData\IMG\left_2025_06_02_17_05_17_478.jpg,C:\myData\IMG\right_2025_06_02_17_05_17_478.jpg,0,0,0,8.933575
C:\myData\IMG\center_2025_06_02_17_05_17_644.jpg,C:\myData\IMG\left_2025_06_02_17_05_17_644.jpg,C:\myData\IMG\right_2025_06_02_17_05_17_644.jpg,0,0,0,8.772822
C:\myData\IMG\center_2025_06_02_17_05_17_805.jpg,C:\myData\IMG\left_2025_06_02_17_05_17_805.jpg,C:\myData\IMG\right_2025_06_02_17_05_17_805.jpg,0,0,0,8.632365
C:\myData\IMG\center_2025_06_02_17_05_17_977.jpg,C:\myData\IMG\left_2025_06_02_17_05_17_977.jpg,C:\myData\IMG\right_2025_06_02_17_05_17_977.jpg,0,0,0,8.494158
C:\myData\IMG\center_2025_06_02_17_05_18_154.jpg,C:\myData\IMG\left_2025_06_02_17_05_18_154.jpg,C:\myData\IMG\right_2025_06_02_17_05_18_154.jpg,0.45,0,0,8.285617
C:\myData\IMG\center_2025_06_02_17_05_18_312.jpg,C:\myData\IMG\left_2025_06_02_17_05_18_312.jpg,C:\myData\IMG\right_2025_06_02_17_05_18_312.jpg,0,0,0,8.130639
C:\myData\IMG\center_2025_06_02_17_05_18_479.jpg,C:\myData\IMG\left_2025_06_02_17_05_18_479.jpg,C:\myData\IMG\right_2025_06_02_17_05_18_479.jpg,0,0,0,8.000375
C:\myData\IMG\center_2025_06_02_17_05_18_650.jpg,C:\myData\IMG\left_2025_06_02_17_05_18_650.jpg,C:\myData\IMG\right_2025_06_02_17_05_18_650.jpg,0,0,0,7.856468
C:\myData\IMG\center_2025_06_02_17_05_18_806.jpg,C:\myData\IMG\left_2025_06_02_17_05_18_806.jpg,C:\myData\IMG\right_2025_06_02_17_05_18_806.jpg,0,0,0,7.730681
C:\myData\IMG\center_2025_06_02_17_05_18_970.jpg,C:\myData\IMG\left_2025_06_02_17_05_18_970.jpg,C:\myData\IMG\right_2025_06_02_17_05_18_970.jpg,0,0,0,7.60691
C:\myData\IMG\center_2025_06_02_17_05_19_137.jpg,C:\myData\IMG\left_2025_06_02_17_05_19_137.jpg,C:\myData\IMG\right_2025_06_02_17_05_19_137.jpg,0,0,0,7.485118
C:\myData\IMG\center_2025_06_02_17_05_19_301.jpg,C:\myData\IMG\left_2025_06_02_17_05_19_301.jpg,C:\myData\IMG\right_2025_06_02_17_05_19_301.jpg,0,0,0,7.350472
C:\myData\IMG\center_2025_06_02_17_05_19_479.jpg,C:\myData\IMG\left_2025_06_02_17_05_19_479.jpg,C:\myData\IMG\right_2025_06_02_17_05_19_479.jpg,0,0,0,7.21825
C:\myData\IMG\center_2025_06_02_17_05_19_641.jpg,C:\myData\IMG\left_2025_06_02_17_05_19_641.jpg,C:\myData\IMG\right_2025_06_02_17_05_19_641.jpg,0.4,0,0,7.064901
C:\myData\IMG\center_2025_06_02_17_05_19_804.jpg,C:\myData\IMG\left_2025_06_02_17_05_19_804.jpg,C:\myData\IMG\right_2025_06_02_17_05_19_804.jpg,0.8000001,0,0,6.845273
C:\myData\IMG\center_2025_06_02_17_05_19_973.jpg,C:\myData\IMG\left_2025_06_02_17_05_19_973.jpg,C:\myData\IMG\right_2025_06_02_17_05_19_973.jpg,0,0,0,6.650735
C:\myData\IMG\center_2025_06_02_17_05_20_137.jpg,C:\myData\IMG\left_2025_06_02_17_05_20_137.jpg,C:\myData\IMG\right_2025_06_02_17_05_20_137.jpg,0,0,0,6.544014
C:\myData\IMG\center_2025_06_02_17_05_20_317.jpg,C:\myData\IMG\left_2025_06_02_17_05_20_317.jpg,C:\myData\IMG\right_2025_06_02_17_05_20_317.jpg,0,0,0,6.426268
C:\myData\IMG\center_2025_06_02_17_05_20_487.jpg,C:\myData\IMG\left_2025_06_02_17_05_20_487.jpg,C:\myData\IMG\right_2025_06_02_17_05_20_487.jpg,0,0,0,6.310641
C:\myData\IMG\center_2025_06_02_17_05_20_648.jpg,C:\myData\IMG\left_2025_06_02_17_05_20_648.jpg,C:\myData\IMG\right_2025_06_02_17_05_20_648.jpg,0,0,0,6.209607
C:\myData\IMG\center_2025_06_02_17_05_20_823.jpg,C:\myData\IMG\left_2025_06_02_17_05_20_823.jpg,C:\myData\IMG\right_2025_06_02_17_05_20_823.jpg,0,0,0,6.097878
C:\myData\IMG\center_2025_06_02_17_05_20_984.jpg,C:\myData\IMG\left_2025_06_02_17_05_20_984.jpg,C:\myData\IMG\right_2025_06_02_17_05_20_984.jpg,0,0,0,6.000251
C:\myData\IMG\center_2025_06_02_17_05_21_155.jpg,C:\myData\IMG\left_2025_06_02_17_05_21_155.jpg,C:\myData\IMG\right_2025_06_02_17_05_21_155.jpg,0,0,0,5.90419
C:\myData\IMG\center_2025_06_02_17_05_21_336.jpg,C:\myData\IMG\left_2025_06_02_17_05_21_336.jpg,C:\myData\IMG\right_2025_06_02_17_05_21_336.jpg,0.45,0,0,5.75904
C:\myData\IMG\center_2025_06_02_17_05_21_507.jpg,C:\myData\IMG\left_2025_06_02_17_05_21_507.jpg,C:\myData\IMG\right_2025_06_02_17_05_21_507.jpg,0.9000002,0,0,5.547342
C:\myData\IMG\center_2025_06_02_17_05_21_679.jpg,C:\myData\IMG\left_2025_06_02_17_05_21_679.jpg,C:\myData\IMG\right_2025_06_02_17_05_21_679.jpg,0,0,0,5.361303
C:\myData\IMG\center_2025_06_02_17_05_21_852.jpg,C:\myData\IMG\left_2025_06_02_17_05_21_852.jpg,C:\myData\IMG\right_2025_06_02_17_05_21_852.jpg,0,0,0,5.264718
C:\myData\IMG\center_2025_06_02_17_05_22_022.jpg,C:\myData\IMG\left_2025_06_02_17_05_22_022.jpg,C:\myData\IMG\right_2025_06_02_17_05_22_022.jpg,0,0,0,5.169992
C:\myData\IMG\center_2025_06_02_17_05_22_217.jpg,C:\myData\IMG\left_2025_06_02_17_05_22_217.jpg,C:\myData\IMG\right_2025_06_02_17_05_22_217.jpg,0,0,0,5.076972
C:\myData\IMG\center_2025_06_02_17_05_22_401.jpg,C:\myData\IMG\left_2025_06_02_17_05_22_401.jpg,C:\myData\IMG\right_2025_06_02_17_05_22_401.jpg,0,0,0,4.975572
C:\myData\IMG\center_2025_06_02_17_05_22_571.jpg,C:\myData\IMG\left_2025_06_02_17_05_22_571.jpg,C:\myData\IMG\right_2025_06_02_17_05_22_571.jpg,0,0,0,4.895915
C:\myData\IMG\center_2025_06_02_17_05_22_713.jpg,C:\myData\IMG\left_2025_06_02_17_05_22_713.jpg,C:\myData\IMG\right_2025_06_02_17_05_22_713.jpg,0,0,0,4.82726
C:\myData\IMG\center_2025_06_02_17_05_22_883.jpg,C:\myData\IMG\left_2025_06_02_17_05_22_883.jpg,C:\myData\IMG\right_2025_06_02_17_05_22_883.jpg,0,0.5087991,0,5.823395
C:\myData\IMG\center_2025_06_02_17_05_23_062.jpg,C:\myData\IMG\left_2025_06_02_17_05_23_062.jpg,C:\myData\IMG\right_2025_06_02_17_05_23_062.jpg,0,1,0,7.8559
C:\myData\IMG\center_2025_06_02_17_05_23_232.jpg,C:\myData\IMG\left_2025_06_02_17_05_23_232.jpg,C:\myData\IMG\right_2025_06_02_17_05_23_232.jpg,0,1,0,9.655991
C:\myData\IMG\center_2025_06_02_17_05_23_404.jpg,C:\myData\IMG\left_2025_06_02_17_05_23_404.jpg,C:\myData\IMG\right_2025_06_02_17_05_23_404.jpg,0,1,0,11.48038
C:\myData\IMG\center_2025_06_02_17_05_23_590.jpg,C:\myData\IMG\left_2025_06_02_17_05_23_590.jpg,C:\myData\IMG\right_2025_06_02_17_05_23_590.jpg,0,0.4404943,0,12.49214
C:\myData\IMG\center_2025_06_02_17_05_23_889.jpg,C:\myData\IMG\left_2025_06_02_17_05_23_889.jpg,C:\myData\IMG\right_2025_06_02_17_05_23_889.jpg,0,0,0,12.35282
C:\myData\IMG\center_2025_06_02_17_05_24_057.jpg,C:\myData\IMG\left_2025_06_02_17_05_24_057.jpg,C:\myData\IMG\right_2025_06_02_17_05_24_057.jpg,0,0,0,11.89528
C:\myData\IMG\center_2025_06_02_17_05_24_231.jpg,C:\myData\IMG\left_2025_06_02_17_05_24_231.jpg,C:\myData\IMG\right_2025_06_02_17_05_24_231.jpg,0,0,0,11.89569
C:\myData\IMG\center_2025_06_02_17_05_24_402.jpg,C:\myData\IMG\left_2025_06_02_17_05_24_402.jpg,C:\myData\IMG\right_2025_06_02_17_05_24_402.jpg,0.4,0,0,11.6666
C:\myData\IMG\center_2025_06_02_17_05_24_578.jpg,C:\myData\IMG\left_2025_06_02_17_05_24_578.jpg,C:\myData\IMG\right_2025_06_02_17_05_24_578.jpg,0.8500001,0,0,11.17777
C:\myData\IMG\center_2025_06_02_17_05_24_618.jpg,C:\myData\IMG\left_2025_06_02_17_05_24_618.jpg,C:\myData\IMG\right_2025_06_02_17_05_24_618.jpg,0,0,0,10.87475
C:\myData\IMG\center_2025_06_02_17_05_24_803.jpg,C:\myData\IMG\left_2025_06_02_17_05_24_803.jpg,C:\myData\IMG\right_2025_06_02_17_05_24_803.jpg,0,0,0,10.65554
C:\myData\IMG\center_2025_06_02_17_05_24_974.jpg,C:\myData\IMG\left_2025_06_02_17_05_24_974.jpg,C:\myData\IMG\right_2025_06_02_17_05_24_974.jpg,0,0,0,10.48491
C:\myData\IMG\center_2025_06_02_17_05_25_150.jpg,C:\myData\IMG\left_2025_06_02_17_05_25_150.jpg,C:\myData\IMG\right_2025_06_02_17_05_25_150.jpg,0,0,0,10.29622
C:\myData\IMG\center_2025_06_02_17_05_25_319.jpg,C:\myData\IMG\left_2025_06_02_17_05_25_319.jpg,C:\myData\IMG\right_2025_06_02_17_05_25_319.jpg,0,0,0,10.13136
C:\myData\IMG\center_2025_06_02_17_05_25_497.jpg,C:\myData\IMG\left_2025_06_02_17_05_25_497.jpg,C:\myData\IMG\right_2025_06_02_17_05_25_497.jpg,0,0,0,9.94843
C:\myData\IMG\center_2025_06_02_17_05_25_671.jpg,C:\myData\IMG\left_2025_06_02_17_05_25_671.jpg,C:\myData\IMG\right_2025_06_02_17_05_25_671.jpg,0,0,0,9.767841
C:\myData\IMG\center_2025_06_02_17_05_25_847.jpg,C:\myData\IMG\left_2025_06_02_17_05_25_847.jpg,C:\myData\IMG\right_2025_06_02_17_05_25_847.jpg,0,0,0,9.590549
C:\myData\IMG\center_2025_06_02_17_05_26_016.jpg,C:\myData\IMG\left_2025_06_02_17_05_26_016.jpg,C:\myData\IMG\right_2025_06_02_17_05_26_016.jpg,0,0,0,9.435658
C:\myData\IMG\center_2025_06_02_17_05_26_190.jpg,C:\myData\IMG\left_2025_06_02_17_05_26_190.jpg,C:\myData\IMG\right_2025_06_02_17_05_26_190.jpg,0,0,0,9.263716
C:\myData\IMG\center_2025_06_02_17_05_26_356.jpg,C:\myData\IMG\left_2025_06_02_17_05_26_356.jpg,C:\myData\IMG\right_2025_06_02_17_05_26_356.jpg,0,0,0,9.114982
C:\myData\IMG\center_2025_06_02_17_05_26_529.jpg,C:\myData\IMG\left_2025_06_02_17_05_26_529.jpg,C:\myData\IMG\right_2025_06_02_17_05_26_529.jpg,0.45,0,0,8.887946
C:\myData\IMG\center_2025_06_02_17_05_26_705.jpg,C:\myData\IMG\left_2025_06_02_17_05_26_705.jpg,C:\myData\IMG\right_2025_06_02_17_05_26_705.jpg,0,0,0,8.705245
C:\myData\IMG\center_2025_06_02_17_05_26_879.jpg,C:\myData\IMG\left_2025_06_02_17_05_26_879.jpg,C:\myData\IMG\right_2025_06_02_17_05_26_879.jpg,0,0,0,8.564911
C:\myData\IMG\center_2025_06_02_17_05_27_043.jpg,C:\myData\IMG\left_2025_06_02_17_05_27_043.jpg,C:\myData\IMG\right_2025_06_02_17_05_27_043.jpg,0,0,0,8.41087
C:\myData\IMG\center_2025_06_02_17_05_27_220.jpg,C:\myData\IMG\left_2025_06_02_17_05_27_220.jpg,C:\myData\IMG\right_2025_06_02_17_05_27_220.jpg,0,0,0,8.277148
C:\myData\IMG\center_2025_06_02_17_05_27_387.jpg,C:\myData\IMG\left_2025_06_02_17_05_27_387.jpg,C:\myData\IMG\right_2025_06_02_17_05_27_387.jpg,0,0,0,8.129277
C:\myData\IMG\center_2025_06_02_17_05_27_555.jpg,C:\myData\IMG\left_2025_06_02_17_05_27_555.jpg,C:\myData\IMG\right_2025_06_02_17_05_27_555.jpg,0,0,0,8.000072
C:\myData\IMG\center_2025_06_02_17_05_27_723.jpg,C:\myData\IMG\left_2025_06_02_17_05_27_723.jpg,C:\myData\IMG\right_2025_06_02_17_05_27_723.jpg,0,0,0,7.857185
C:\myData\IMG\center_2025_06_02_17_05_27_906.jpg,C:\myData\IMG\left_2025_06_02_17_05_27_906.jpg,C:\myData\IMG\right_2025_06_02_17_05_27_906.jpg,0.45,0,0,7.661826
C:\myData\IMG\center_2025_06_02_17_05_28_073.jpg,C:\myData\IMG\left_2025_06_02_17_05_28_073.jpg,C:\myData\IMG\right_2025_06_02_17_05_28_073.jpg,0.8500001,0,0,7.407168
C:\myData\IMG\center_2025_06_02_17_05_28_250.jpg,C:\myData\IMG\left_2025_06_02_17_05_28_250.jpg,C:\myData\IMG\right_2025_06_02_17_05_28_250.jpg,0,0,0,7.172035
C:\myData\IMG\center_2025_06_02_17_05_28_419.jpg,C:\myData\IMG\left_2025_06_02_17_05_28_419.jpg,C:\myData\IMG\right_2025_06_02_17_05_28_419.jpg,0,0,0,7.055788
C:\myData\IMG\center_2025_06_02_17_05_28_600.jpg,C:\myData\IMG\left_2025_06_02_17_05_28_600.jpg,C:\myData\IMG\right_2025_06_02_17_05_28_600.jpg,0,0,0,6.913242
C:\myData\IMG\center_2025_06_02_17_05_28_766.jpg,C:\myData\IMG\left_2025_06_02_17_05_28_766.jpg,C:\myData\IMG\right_2025_06_02_17_05_28_766.jpg,0,0,0,6.801253
C:\myData\IMG\center_2025_06_02_17_05_28_936.jpg,C:\myData\IMG\left_2025_06_02_17_05_28_936.jpg,C:\myData\IMG\right_2025_06_02_17_05_28_936.jpg,0,0,0,6.691053
C:\myData\IMG\center_2025_06_02_17_05_29_102.jpg,C:\myData\IMG\left_2025_06_02_17_05_29_102.jpg,C:\myData\IMG\right_2025_06_02_17_05_29_102.jpg,0,0,0,6.569178
C:\myData\IMG\center_2025_06_02_17_05_29_276.jpg,C:\myData\IMG\left_2025_06_02_17_05_29_276.jpg,C:\myData\IMG\right_2025_06_02_17_05_29_276.jpg,0,0,0,6.462682
C:\myData\IMG\center_2025_06_02_17_05_29_443.jpg,C:\myData\IMG\left_2025_06_02_17_05_29_443.jpg,C:\myData\IMG\right_2025_06_02_17_05_29_443.jpg,0,0,0,6.344913
C:\myData\IMG\center_2025_06_02_17_05_29_599.jpg,C:\myData\IMG\left_2025_06_02_17_05_29_599.jpg,C:\myData\IMG\right_2025_06_02_17_05_29_599.jpg,0,0,0,6.254779
C:\myData\IMG\center_2025_06_02_17_05_29_760.jpg,C:\myData\IMG\left_2025_06_02_17_05_29_760.jpg,C:\myData\IMG\right_2025_06_02_17_05_29_760.jpg,0,0,0,6.140751
C:\myData\IMG\center_2025_06_02_17_05_29_906.jpg,C:\myData\IMG\left_2025_06_02_17_05_29_906.jpg,C:\myData\IMG\right_2025_06_02_17_05_29_906.jpg,0,0,0,6.053481
C:\myData\IMG\center_2025_06_02_17_05_30_099.jpg,C:\myData\IMG\left_2025_06_02_17_05_30_099.jpg,C:\myData\IMG\right_2025_06_02_17_05_30_099.jpg,0,0,0,5.943066
C:\myData\IMG\center_2025_06_02_17_05_30_248.jpg,C:\myData\IMG\left_2025_06_02_17_05_30_248.jpg,C:\myData\IMG\right_2025_06_02_17_05_30_248.jpg,0,0,0,5.847031
C:\myData\IMG\center_2025_06_02_17_05_30_431.jpg,C:\myData\IMG\left_2025_06_02_17_05_30_431.jpg,C:\myData\IMG\right_2025_06_02_17_05_30_431.jpg,0,0,0,5.742751
C:\myData\IMG\center_2025_06_02_17_05_30_582.jpg,C:\myData\IMG\left_2025_06_02_17_05_30_582.jpg,C:\myData\IMG\right_2025_06_02_17_05_30_582.jpg,0,0,0,5.651668
C:\myData\IMG\center_2025_06_02_17_05_30_750.jpg,C:\myData\IMG\left_2025_06_02_17_05_30_750.jpg,C:\myData\IMG\right_2025_06_02_17_05_30_750.jpg,0,0,0,5.562024
C:\myData\IMG\center_2025_06_02_17_05_30_913.jpg,C:\myData\IMG\left_2025_06_02_17_05_30_913.jpg,C:\myData\IMG\right_2025_06_02_17_05_30_913.jpg,0,0,0,5.473801
C:\myData\IMG\center_2025_06_02_17_05_31_080.jpg,C:\myData\IMG\left_2025_06_02_17_05_31_080.jpg,C:\myData\IMG\right_2025_06_02_17_05_31_080.jpg,0,0,0,5.376218
C:\myData\IMG\center_2025_06_02_17_05_31_251.jpg,C:\myData\IMG\left_2025_06_02_17_05_31_251.jpg,C:\myData\IMG\right_2025_06_02_17_05_31_251.jpg,0,0,0,5.290938
C:\myData\IMG\center_2025_06_02_17_05_31_416.jpg,C:\myData\IMG\left_2025_06_02_17_05_31_416.jpg,C:\myData\IMG\right_2025_06_02_17_05_31_416.jpg,0,0,0,5.207541
C:\myData\IMG\center_2025_06_02_17_05_31_579.jpg,C:\myData\IMG\left_2025_06_02_17_05_31_579.jpg,C:\myData\IMG\right_2025_06_02_17_05_31_579.jpg,0,0,0,5.126619
C:\myData\IMG\center_2025_06_02_17_05_31_757.jpg,C:\myData\IMG\left_2025_06_02_17_05_31_757.jpg,C:\myData\IMG\right_2025_06_02_17_05_31_757.jpg,0.45,0,0,5.0004
C:\myData\IMG\center_2025_06_02_17_05_31_903.jpg,C:\myData\IMG\left_2025_06_02_17_05_31_903.jpg,C:\myData\IMG\right_2025_06_02_17_05_31_903.jpg,0,0,0,4.905689
C:\myData\IMG\center_2025_06_02_17_05_32_075.jpg,C:\myData\IMG\left_2025_06_02_17_05_32_075.jpg,C:\myData\IMG\right_2025_06_02_17_05_32_075.jpg,0,0,0,4.829278
C:\myData\IMG\center_2025_06_02_17_05_32_237.jpg,C:\myData\IMG\left_2025_06_02_17_05_32_237.jpg,C:\myData\IMG\right_2025_06_02_17_05_32_237.jpg,0,0,0,4.754078
C:\myData\IMG\center_2025_06_02_17_05_32_401.jpg,C:\myData\IMG\left_2025_06_02_17_05_32_401.jpg,C:\myData\IMG\right_2025_06_02_17_05_32_401.jpg,0,0,0,4.670918
C:\myData\IMG\center_2025_06_02_17_05_32_571.jpg,C:\myData\IMG\left_2025_06_02_17_05_32_571.jpg,C:\myData\IMG\right_2025_06_02_17_05_32_571.jpg,0,0,0,4.598254
C:\myData\IMG\center_2025_06_02_17_05_32_735.jpg,C:\myData\IMG\left_2025_06_02_17_05_32_735.jpg,C:\myData\IMG\right_2025_06_02_17_05_32_735.jpg,0,0,0,4.526753
C:\myData\IMG\center_2025_06_02_17_05_32_899.jpg,C:\myData\IMG\left_2025_06_02_17_05_32_899.jpg,C:\myData\IMG\right_2025_06_02_17_05_32_899.jpg,0,0,0,4.447684
C:\myData\IMG\center_2025_06_02_17_05_33_060.jpg,C:\myData\IMG\left_2025_06_02_17_05_33_060.jpg,C:\myData\IMG\right_2025_06_02_17_05_33_060.jpg,0,0,0,4.378596
C:\myData\IMG\center_2025_06_02_17_05_33_234.jpg,C:\myData\IMG\left_2025_06_02_17_05_33_234.jpg,C:\myData\IMG\right_2025_06_02_17_05_33_234.jpg,0,0,0,4.310613
C:\myData\IMG\center_2025_06_02_17_05_33_424.jpg,C:\myData\IMG\left_2025_06_02_17_05_33_424.jpg,C:\myData\IMG\right_2025_06_02_17_05_33_424.jpg,0,0,0,4.227163
C:\myData\IMG\center_2025_06_02_17_05_33_585.jpg,C:\myData\IMG\left_2025_06_02_17_05_33_585.jpg,C:\myData\IMG\right_2025_06_02_17_05_33_585.jpg,0,0,0,4.161606
C:\myData\IMG\center_2025_06_02_17_05_33_731.jpg,C:\myData\IMG\left_2025_06_02_17_05_33_731.jpg,C:\myData\IMG\right_2025_06_02_17_05_33_731.jpg,0,0,0,4.105106
C:\myData\IMG\center_2025_06_02_17_05_33_896.jpg,C:\myData\IMG\left_2025_06_02_17_05_33_896.jpg,C:\myData\IMG\right_2025_06_02_17_05_33_896.jpg,0,0,0,4.041097
C:\myData\IMG\center_2025_06_02_17_05_34_059.jpg,C:\myData\IMG\left_2025_06_02_17_05_34_059.jpg,C:\myData\IMG\right_2025_06_02_17_05_34_059.jpg,0,0,0,3.977309
C:\myData\IMG\center_2025_06_02_17_05_34_233.jpg,C:\myData\IMG\left_2025_06_02_17_05_34_233.jpg,C:\myData\IMG\right_2025_06_02_17_05_34_233.jpg,0,0,0,3.90678
C:\myData\IMG\center_2025_06_02_17_05_34_396.jpg,C:\myData\IMG\left_2025_06_02_17_05_34_396.jpg,C:\myData\IMG\right_2025_06_02_17_05_34_396.jpg,0,0,0,3.845156
C:\myData\IMG\center_2025_06_02_17_05_34_578.jpg,C:\myData\IMG\left_2025_06_02_17_05_34_578.jpg,C:\myData\IMG\right_2025_06_02_17_05_34_578.jpg,0,0,0,3.777007
C:\myData\IMG\center_2025_06_02_17_05_34_776.jpg,C:\myData\IMG\left_2025_06_02_17_05_34_776.jpg,C:\myData\IMG\right_2025_06_02_17_05_34_776.jpg,0.5000001,0,0,3.672312
C:\myData\IMG\center_2025_06_02_17_05_34_929.jpg,C:\myData\IMG\left_2025_06_02_17_05_34_929.jpg,C:\myData\IMG\right_2025_06_02_17_05_34_929.jpg,0,0,0,3.596234
C:\myData\IMG\center_2025_06_02_17_05_35_086.jpg,C:\myData\IMG\left_2025_06_02_17_05_35_086.jpg,C:\myData\IMG\right_2025_06_02_17_05_35_086.jpg,0,0,0,3.539411
C:\myData\IMG\center_2025_06_02_17_05_35_276.jpg,C:\myData\IMG\left_2025_06_02_17_05_35_276.jpg,C:\myData\IMG\right_2025_06_02_17_05_35_276.jpg,0,0,0,3.476568
C:\myData\IMG\center_2025_06_02_17_05_35_447.jpg,C:\myData\IMG\left_2025_06_02_17_05_35_447.jpg,C:\myData\IMG\right_2025_06_02_17_05_35_447.jpg,0,0,0,3.414855
C:\myData\IMG\center_2025_06_02_17_05_35_607.jpg,C:\myData\IMG\left_2025_06_02_17_05_35_607.jpg,C:\myData\IMG\right_2025_06_02_17_05_35_607.jpg,0,0,0,3.360887
C:\myData\IMG\center_2025_06_02_17_05_35_762.jpg,C:\myData\IMG\left_2025_06_02_17_05_35_762.jpg,C:\myData\IMG\right_2025_06_02_17_05_35_762.jpg,0,0,0,3.3075
C:\myData\IMG\center_2025_06_02_17_05_35_922.jpg,C:\myData\IMG\left_2025_06_02_17_05_35_922.jpg,C:\myData\IMG\right_2025_06_02_17_05_35_922.jpg,0,0.4816272,0,4.171987
C:\myData\IMG\center_2025_06_02_17_05_36_091.jpg,C:\myData\IMG\left_2025_06_02_17_05_36_091.jpg,C:\myData\IMG\right_2025_06_02_17_05_36_091.jpg,0,0.989967,0,5.988305
C:\myData\IMG\center_2025_06_02_17_05_36_252.jpg,C:\myData\IMG\left_2025_06_02_17_05_36_252.jpg,C:\myData\IMG\right_2025_06_02_17_05_36_252.jpg,0,1,0,7.816756
C:\myData\IMG\center_2025_06_02_17_05_36_417.jpg,C:\myData\IMG\left_2025_06_02_17_05_36_417.jpg,C:\myData\IMG\right_2025_06_02_17_05_36_417.jpg,0,0.5027872,0,8.696743
C:\myData\IMG\center_2025_06_02_17_05_36_589.jpg,C:\myData\IMG\left_2025_06_02_17_05_36_589.jpg,C:\myData\IMG\right_2025_06_02_17_05_36_589.jpg,0,0,0,8.576156
C:\myData\IMG\center_2025_06_02_17_05_36_769.jpg,C:\myData\IMG\left_2025_06_02_17_05_36_769.jpg,C:\myData\IMG\right_2025_06_02_17_05_36_769.jpg,0.45,0,0,8.365578
C:\myData\IMG\center_2025_06_02_17_05_36_942.jpg,C:\myData\IMG\left_2025_06_02_17_05_36_942.jpg,C:\myData\IMG\right_2025_06_02_17_05_36_942.jpg,0,0,0,8.192568
C:\myData\IMG\center_2025_06_02_17_05_37_103.jpg,C:\myData\IMG\left_2025_06_02_17_05_37_103.jpg,C:\myData\IMG\right_2025_06_02_17_05_37_103.jpg,0,0,0,8.061307
C:\myData\IMG\center_2025_06_02_17_05_37_256.jpg,C:\myData\IMG\left_2025_06_02_17_05_37_256.jpg,C:\myData\IMG\right_2025_06_02_17_05_37_256.jpg,0,0,0,7.948436
C:\myData\IMG\center_2025_06_02_17_05_37_417.jpg,C:\myData\IMG\left_2025_06_02_17_05_37_417.jpg,C:\myData\IMG\right_2025_06_02_17_05_37_417.jpg,0,0,0,7.821219
C:\myData\IMG\center_2025_06_02_17_05_37_586.jpg,C:\myData\IMG\left_2025_06_02_17_05_37_586.jpg,C:\myData\IMG\right_2025_06_02_17_05_37_586.jpg,0,0,0,7.680485
C:\myData\IMG\center_2025_06_02_17_05_37_743.jpg,C:\myData\IMG\left_2025_06_02_17_05_37_743.jpg,C:\myData\IMG\right_2025_06_02_17_05_37_743.jpg,0,0,0,7.557516
C:\myData\IMG\center_2025_06_02_17_05_37_913.jpg,C:\myData\IMG\left_2025_06_02_17_05_37_913.jpg,C:\myData\IMG\right_2025_06_02_17_05_37_913.jpg,0,0,0,7.436516
C:\myData\IMG\center_2025_06_02_17_05_38_069.jpg,C:\myData\IMG\left_2025_06_02_17_05_38_069.jpg,C:\myData\IMG\right_2025_06_02_17_05_38_069.jpg,0.4,0,0,7.27855
C:\myData\IMG\center_2025_06_02_17_05_38_230.jpg,C:\myData\IMG\left_2025_06_02_17_05_38_230.jpg,C:\myData\IMG\right_2025_06_02_17_05_38_230.jpg,0.8000001,0,0,7.051737
C:\myData\IMG\center_2025_06_02_17_05_38_391.jpg,C:\myData\IMG\left_2025_06_02_17_05_38_391.jpg,C:\myData\IMG\right_2025_06_02_17_05_38_391.jpg,0,0,0,6.852263
C:\myData\IMG\center_2025_06_02_17_05_38_555.jpg,C:\myData\IMG\left_2025_06_02_17_05_38_555.jpg,C:\myData\IMG\right_2025_06_02_17_05_38_555.jpg,0,0,0,6.742278
C:\myData\IMG\center_2025_06_02_17_05_38_716.jpg,C:\myData\IMG\left_2025_06_02_17_05_38_716.jpg,C:\myData\IMG\right_2025_06_02_17_05_38_716.jpg,0,0,0,6.634329
C:\myData\IMG\center_2025_06_02_17_05_38_886.jpg,C:\myData\IMG\left_2025_06_02_17_05_38_886.jpg,C:\myData\IMG\right_2025_06_02_17_05_38_886.jpg,0,0,0,6.514952
C:\myData\IMG\center_2025_06_02_17_05_39_050.jpg,C:\myData\IMG\left_2025_06_02_17_05_39_050.jpg,C:\myData\IMG\right_2025_06_02_17_05_39_050.jpg,0,0,0,6.410646
C:\myData\IMG\center_2025_06_02_17_05_39_204.jpg,C:\myData\IMG\left_2025_06_02_17_05_39_204.jpg,C:\myData\IMG\right_2025_06_02_17_05_39_204.jpg,0,0,0,6.308011
C:\myData\IMG\center_2025_06_02_17_05_39_372.jpg,C:\myData\IMG\left_2025_06_02_17_05_39_372.jpg,C:\myData\IMG\right_2025_06_02_17_05_39_372.jpg,0,0,0,6.20702
C:\myData\IMG\center_2025_06_02_17_05_39_507.jpg,C:\myData\IMG\left_2025_06_02_17_05_39_507.jpg,C:\myData\IMG\right_2025_06_02_17_05_39_507.jpg,0,0,0,6.119978
C:\myData\IMG\center_2025_06_02_17_05_39_664.jpg,C:\myData\IMG\left_2025_06_02_17_05_39_664.jpg,C:\myData\IMG\right_2025_06_02_17_05_39_664.jpg,0.4,0,0,5.989761
C:\myData\IMG\center_2025_06_02_17_05_39_826.jpg,C:\myData\IMG\left_2025_06_02_17_05_39_826.jpg,C:\myData\IMG\right_2025_06_02_17_05_39_826.jpg,0.8000001,0,0,5.80477
C:\myData\IMG\center_2025_06_02_17_05_39_992.jpg,C:\myData\IMG\left_2025_06_02_17_05_39_992.jpg,C:\myData\IMG\right_2025_06_02_17_05_39_992.jpg,0,0,0,5.635371
C:\myData\IMG\center_2025_06_02_17_05_40_146.jpg,C:\myData\IMG\left_2025_06_02_17_05_40_146.jpg,C:\myData\IMG\right_2025_06_02_17_05_40_146.jpg,0,0,0,5.545039
C:\myData\IMG\center_2025_06_02_17_05_40_297.jpg,C:\myData\IMG\left_2025_06_02_17_05_40_297.jpg,C:\myData\IMG\right_2025_06_02_17_05_40_297.jpg,0,0,0,5.46728
C:\myData\IMG\center_2025_06_02_17_05_40_452.jpg,C:\myData\IMG\left_2025_06_02_17_05_40_452.jpg,C:\myData\IMG\right_2025_06_02_17_05_40_452.jpg,0,0,0,5.379747
C:\myData\IMG\center_2025_06_02_17_05_40_607.jpg,C:\myData\IMG\left_2025_06_02_17_05_40_607.jpg,C:\myData\IMG\right_2025_06_02_17_05_40_607.jpg,0,0,0,5.294073
C:\myData\IMG\center_2025_06_02_17_05_40_758.jpg,C:\myData\IMG\left_2025_06_02_17_05_40_758.jpg,C:\myData\IMG\right_2025_06_02_17_05_40_758.jpg,0,0,0,5.219882
C:\myData\IMG\center_2025_06_02_17_05_40_917.jpg,C:\myData\IMG\left_2025_06_02_17_05_40_917.jpg,C:\myData\IMG\right_2025_06_02_17_05_40_917.jpg,0,0,0,5.136302
C:\myData\IMG\center_2025_06_02_17_05_41_072.jpg,C:\myData\IMG\left_2025_06_02_17_05_41_072.jpg,C:\myData\IMG\right_2025_06_02_17_05_41_072.jpg,0,0,0,5.054064
C:\myData\IMG\center_2025_06_02_17_05_41_226.jpg,C:\myData\IMG\left_2025_06_02_17_05_41_226.jpg,C:\myData\IMG\right_2025_06_02_17_05_41_226.jpg,0.4,0,0,4.946469
C:\myData\IMG\center_2025_06_02_17_05_41_379.jpg,C:\myData\IMG\left_2025_06_02_17_05_41_379.jpg,C:\myData\IMG\right_2025_06_02_17_05_41_379.jpg,0.8000001,0,0,4.794608
C:\myData\IMG\center_2025_06_02_17_05_41_544.jpg,C:\myData\IMG\left_2025_06_02_17_05_41_544.jpg,C:\myData\IMG\right_2025_06_02_17_05_41_544.jpg,0,0,0,4.651036
C:\myData\IMG\center_2025_06_02_17_05_41_691.jpg,C:\myData\IMG\left_2025_06_02_17_05_41_691.jpg,C:\myData\IMG\right_2025_06_02_17_05_41_691.jpg,0,0,0,4.585767
C:\myData\IMG\center_2025_06_02_17_05_41_870.jpg,C:\myData\IMG\left_2025_06_02_17_05_41_870.jpg,C:\myData\IMG\right_2025_06_02_17_05_41_870.jpg,0,0,0,4.503475
C:\myData\IMG\center_2025_06_02_17_05_42_028.jpg,C:\myData\IMG\left_2025_06_02_17_05_42_028.jpg,C:\myData\IMG\right_2025_06_02_17_05_42_028.jpg,0,0,0,4.431507
C:\myData\IMG\center_2025_06_02_17_05_42_182.jpg,C:\myData\IMG\left_2025_06_02_17_05_42_182.jpg,C:\myData\IMG\right_2025_06_02_17_05_42_182.jpg,0,0,0,4.360559
C:\myData\IMG\center_2025_06_02_17_05_42_334.jpg,C:\myData\IMG\left_2025_06_02_17_05_42_334.jpg,C:\myData\IMG\right_2025_06_02_17_05_42_334.jpg,0,0,0,4.299412
C:\myData\IMG\center_2025_06_02_17_05_42_467.jpg,C:\myData\IMG\left_2025_06_02_17_05_42_467.jpg,C:\myData\IMG\right_2025_06_02_17_05_42_467.jpg,0,0,0,4.239122
C:\myData\IMG\center_2025_06_02_17_05_42_618.jpg,C:\myData\IMG\left_2025_06_02_17_05_42_618.jpg,C:\myData\IMG\right_2025_06_02_17_05_42_618.jpg,0,0,0,4.179677
C:\myData\IMG\center_2025_06_02_17_05_42_778.jpg,C:\myData\IMG\left_2025_06_02_17_05_42_778.jpg,C:\myData\IMG\right_2025_06_02_17_05_42_778.jpg,0.4,0,0,4.090746
C:\myData\IMG\center_2025_06_02_17_05_42_921.jpg,C:\myData\IMG\left_2025_06_02_17_05_42_921.jpg,C:\myData\IMG\right_2025_06_02_17_05_42_921.jpg,0.7500002,0,0,3.983528
C:\myData\IMG\center_2025_06_02_17_05_43_077.jpg,C:\myData\IMG\left_2025_06_02_17_05_43_077.jpg,C:\myData\IMG\right_2025_06_02_17_05_43_077.jpg,0,0,0,3.86973
C:\myData\IMG\center_2025_06_02_17_05_43_222.jpg,C:\myData\IMG\left_2025_06_02_17_05_43_222.jpg,C:\myData\IMG\right_2025_06_02_17_05_43_222.jpg,0,0,0,3.807764
C:\myData\IMG\center_2025_06_02_17_05_43_382.jpg,C:\myData\IMG\left_2025_06_02_17_05_43_382.jpg,C:\myData\IMG\right_2025_06_02_17_05_43_382.jpg,0,0,0,3.746457
C:\myData\IMG\center_2025_06_02_17_05_43_528.jpg,C:\myData\IMG\left_2025_06_02_17_05_43_528.jpg,C:\myData\IMG\right_2025_06_02_17_05_43_528.jpg,0,0,0,3.692529
C:\myData\IMG\center_2025_06_02_17_05_43_677.jpg,C:\myData\IMG\left_2025_06_02_17_05_43_677.jpg,C:\myData\IMG\right_2025_06_02_17_05_43_677.jpg,0,0,0,3.639369
C:\myData\IMG\center_2025_06_02_17_05_43_825.jpg,C:\myData\IMG\left_2025_06_02_17_05_43_825.jpg,C:\myData\IMG\right_2025_06_02_17_05_43_825.jpg,0,0,0,3.579533
C:\myData\IMG\center_2025_06_02_17_05_43_971.jpg,C:\myData\IMG\left_2025_06_02_17_05_43_971.jpg,C:\myData\IMG\right_2025_06_02_17_05_43_971.jpg,0,0,0,3.527971
C:\myData\IMG\center_2025_06_02_17_05_44_131.jpg,C:\myData\IMG\left_2025_06_02_17_05_44_131.jpg,C:\myData\IMG\right_2025_06_02_17_05_44_131.jpg,0.4,0,0,3.453441
C:\myData\IMG\center_2025_06_02_17_05_44_276.jpg,C:\myData\IMG\left_2025_06_02_17_05_44_276.jpg,C:\myData\IMG\right_2025_06_02_17_05_44_276.jpg,0.7500002,0,0,3.366124
C:\myData\IMG\center_2025_06_02_17_05_44_433.jpg,C:\myData\IMG\left_2025_06_02_17_05_44_433.jpg,C:\myData\IMG\right_2025_06_02_17_05_44_433.jpg,1,0,0,3.250855
C:\myData\IMG\center_2025_06_02_17_05_44_606.jpg,C:\myData\IMG\left_2025_06_02_17_05_44_606.jpg,C:\myData\IMG\right_2025_06_02_17_05_44_606.jpg,0,0,0,3.100053
C:\myData\IMG\center_2025_06_02_17_05_44_761.jpg,C:\myData\IMG\left_2025_06_02_17_05_44_761.jpg,C:\myData\IMG\right_2025_06_02_17_05_44_761.jpg,0,0,0,3.050416
C:\myData\IMG\center_2025_06_02_17_05_44_909.jpg,C:\myData\IMG\left_2025_06_02_17_05_44_909.jpg,C:\myData\IMG\right_2025_06_02_17_05_44_909.jpg,0,0,0,3.007562
C:\myData\IMG\center_2025_06_02_17_05_45_060.jpg,C:\myData\IMG\left_2025_06_02_17_05_45_060.jpg,C:\myData\IMG\right_2025_06_02_17_05_45_060.jpg,0,0,0,2.964874
C:\myData\IMG\center_2025_06_02_17_05_45_215.jpg,C:\myData\IMG\left_2025_06_02_17_05_45_215.jpg,C:\myData\IMG\right_2025_06_02_17_05_45_215.jpg,0,0,0,2.916821
C:\myData\IMG\center_2025_06_02_17_05_45_363.jpg,C:\myData\IMG\left_2025_06_02_17_05_45_363.jpg,C:\myData\IMG\right_2025_06_02_17_05_45_363.jpg,0,0,0,2.869542
C:\myData\IMG\center_2025_06_02_17_05_45_526.jpg,C:\myData\IMG\left_2025_06_02_17_05_45_526.jpg,C:\myData\IMG\right_2025_06_02_17_05_45_526.jpg,0,0,0,2.823024
C:\myData\IMG\center_2025_06_02_17_05_45_682.jpg,C:\myData\IMG\left_2025_06_02_17_05_45_682.jpg,C:\myData\IMG\right_2025_06_02_17_05_45_682.jpg,0.4,0,0,2.764557
C:\myData\IMG\center_2025_06_02_17_05_45_831.jpg,C:\myData\IMG\left_2025_06_02_17_05_45_831.jpg,C:\myData\IMG\right_2025_06_02_17_05_45_831.jpg,0.7500002,0,0,2.695462
C:\myData\IMG\center_2025_06_02_17_05_45_981.jpg,C:\myData\IMG\left_2025_06_02_17_05_45_981.jpg,C:\myData\IMG\right_2025_06_02_17_05_45_981.jpg,1,0,0,2.597695
C:\myData\IMG\center_2025_06_02_17_05_46_131.jpg,C:\myData\IMG\left_2025_06_02_17_05_46_131.jpg,C:\myData\IMG\right_2025_06_02_17_05_46_131.jpg,1,0,0,2.537595
C:\myData\IMG\center_2025_06_02_17_05_46_291.jpg,C:\myData\IMG\left_2025_06_02_17_05_46_291.jpg,C:\myData\IMG\right_2025_06_02_17_05_46_291.jpg,1,0,0,2.470885
C:\myData\IMG\center_2025_06_02_17_05_46_442.jpg,C:\myData\IMG\left_2025_06_02_17_05_46_442.jpg,C:\myData\IMG\right_2025_06_02_17_05_46_442.jpg,0,0,0,2.359759
C:\myData\IMG\center_2025_06_02_17_05_46_614.jpg,C:\myData\IMG\left_2025_06_02_17_05_46_614.jpg,C:\myData\IMG\right_2025_06_02_17_05_46_614.jpg,0,0,0,2.321976
C:\myData\IMG\center_2025_06_02_17_05_46_764.jpg,C:\myData\IMG\left_2025_06_02_17_05_46_764.jpg,C:\myData\IMG\right_2025_06_02_17_05_46_764.jpg,0,0,0,2.2848
C:\myData\IMG\center_2025_06_02_17_05_46_929.jpg,C:\myData\IMG\left_2025_06_02_17_05_46_929.jpg,C:\myData\IMG\right_2025_06_02_17_05_46_929.jpg,0,0.4768992,0,3.162253
C:\myData\IMG\center_2025_06_02_17_05_47_088.jpg,C:\myData\IMG\left_2025_06_02_17_05_47_088.jpg,C:\myData\IMG\right_2025_06_02_17_05_47_088.jpg,0,0.9683832,0,4.956446
C:\myData\IMG\center_2025_06_02_17_05_47_229.jpg,C:\myData\IMG\left_2025_06_02_17_05_47_229.jpg,C:\myData\IMG\right_2025_06_02_17_05_47_229.jpg,0,0.5436288,0,5.82612
C:\myData\IMG\center_2025_06_02_17_05_47_392.jpg,C:\myData\IMG\left_2025_06_02_17_05_47_392.jpg,C:\myData\IMG\right_2025_06_02_17_05_47_392.jpg,0,1,0,7.633304
C:\myData\IMG\center_2025_06_02_17_05_47_554.jpg,C:\myData\IMG\left_2025_06_02_17_05_47_554.jpg,C:\myData\IMG\right_2025_06_02_17_05_47_554.jpg,0,1,0,9.436979
C:\myData\IMG\center_2025_06_02_17_05_47_722.jpg,C:\myData\IMG\left_2025_06_02_17_05_47_722.jpg,C:\myData\IMG\right_2025_06_02_17_05_47_722.jpg,0,1,0,11.53129
C:\myData\IMG\center_2025_06_02_17_05_47_868.jpg,C:\myData\IMG\left_2025_06_02_17_05_47_868.jpg,C:\myData\IMG\right_2025_06_02_17_05_47_868.jpg,0,1,0,12.98653
C:\myData\IMG\center_2025_06_02_17_05_48_118.jpg,C:\myData\IMG\left_2025_06_02_17_05_48_118.jpg,C:\myData\IMG\right_2025_06_02_17_05_48_118.jpg,0,1,0,14.53802
C:\myData\IMG\center_2025_06_02_17_05_48_269.jpg,C:\myData\IMG\left_2025_06_02_17_05_48_269.jpg,C:\myData\IMG\right_2025_06_02_17_05_48_269.jpg,0,1,0,15.8209
C:\myData\IMG\center_2025_06_02_17_05_48_312.jpg,C:\myData\IMG\left_2025_06_02_17_05_48_312.jpg,C:\myData\IMG\right_2025_06_02_17_05_48_312.jpg,0,1,0,17.52015
C:\myData\IMG\center_2025_06_02_17_05_48_467.jpg,C:\myData\IMG\left_2025_06_02_17_05_48_467.jpg,C:\myData\IMG\right_2025_06_02_17_05_48_467.jpg,0,1,0,19.2021
C:\myData\IMG\center_2025_06_02_17_05_48_618.jpg,C:\myData\IMG\left_2025_06_02_17_05_48_618.jpg,C:\myData\IMG\right_2025_06_02_17_05_48_618.jpg,0,1,0,20.7386
C:\myData\IMG\center_2025_06_02_17_05_48_804.jpg,C:\myData\IMG\left_2025_06_02_17_05_48_804.jpg,C:\myData\IMG\right_2025_06_02_17_05_48_804.jpg,0,0.4506508,0,21.43835
C:\myData\IMG\center_2025_06_02_17_05_48_943.jpg,C:\myData\IMG\left_2025_06_02_17_05_48_943.jpg,C:\myData\IMG\right_2025_06_02_17_05_48_943.jpg,0.35,0.02598161,0,21.22522
C:\myData\IMG\center_2025_06_02_17_05_49_138.jpg,C:\myData\IMG\left_2025_06_02_17_05_49_138.jpg,C:\myData\IMG\right_2025_06_02_17_05_49_138.jpg,0,0,0,20.59711
C:\myData\IMG\center_2025_06_02_17_05_49_294.jpg,C:\myData\IMG\left_2025_06_02_17_05_49_294.jpg,C:\myData\IMG\right_2025_06_02_17_05_49_294.jpg,0,0,0,20.25381
C:\myData\IMG\center_2025_06_02_17_05_49_445.jpg,C:\myData\IMG\left_2025_06_02_17_05_49_445.jpg,C:\myData\IMG\right_2025_06_02_17_05_49_445.jpg,0,0,0,19.91015
C:\myData\IMG\center_2025_06_02_17_05_49_614.jpg,C:\myData\IMG\left_2025_06_02_17_05_49_614.jpg,C:\myData\IMG\right_2025_06_02_17_05_49_614.jpg,0.4,0,0,19.50616
C:\myData\IMG\center_2025_06_02_17_05_49_764.jpg,C:\myData\IMG\left_2025_06_02_17_05_49_764.jpg,C:\myData\IMG\right_2025_06_02_17_05_49_764.jpg,0.8000001,0,0,18.89773
C:\myData\IMG\center_2025_06_02_17_05_49_937.jpg,C:\myData\IMG\left_2025_06_02_17_05_49_937.jpg,C:\myData\IMG\right_2025_06_02_17_05_49_937.jpg,0,0,0,18.43211
C:\myData\IMG\center_2025_06_02_17_05_50_094.jpg,C:\myData\IMG\left_2025_06_02_17_05_50_094.jpg,C:\myData\IMG\right_2025_06_02_17_05_50_094.jpg,0.4,0,0,18.06834
C:\myData\IMG\center_2025_06_02_17_05_50_245.jpg,C:\myData\IMG\left_2025_06_02_17_05_50_245.jpg,C:\myData\IMG\right_2025_06_02_17_05_50_245.jpg,0.8000001,0,0,17.5267
C:\myData\IMG\center_2025_06_02_17_05_50_414.jpg,C:\myData\IMG\left_2025_06_02_17_05_50_414.jpg,C:\myData\IMG\right_2025_06_02_17_05_50_414.jpg,1,0,0,16.86179
C:\myData\IMG\center_2025_06_02_17_05_50_575.jpg,C:\myData\IMG\left_2025_06_02_17_05_50_575.jpg,C:\myData\IMG\right_2025_06_02_17_05_50_575.jpg,1,0,0,16.46551
C:\myData\IMG\center_2025_06_02_17_05_50_861.jpg,C:\myData\IMG\left_2025_06_02_17_05_50_861.jpg,C:\myData\IMG\right_2025_06_02_17_05_50_861.jpg,0,0,0,15.84292
C:\myData\IMG\center_2025_06_02_17_05_51_001.jpg,C:\myData\IMG\left_2025_06_02_17_05_51_001.jpg,C:\myData\IMG\right_2025_06_02_17_05_51_001.jpg,0,0,0,16.1288
C:\myData\IMG\center_2025_06_02_17_05_51_178.jpg,C:\myData\IMG\left_2025_06_02_17_05_51_178.jpg,C:\myData\IMG\right_2025_06_02_17_05_51_178.jpg,0,0,0,15.31154
C:\myData\IMG\center_2025_06_02_17_05_51_333.jpg,C:\myData\IMG\left_2025_06_02_17_05_51_333.jpg,C:\myData\IMG\right_2025_06_02_17_05_51_333.jpg,0,0,0,15.63079
C:\myData\IMG\center_2025_06_02_17_05_51_439.jpg,C:\myData\IMG\left_2025_06_02_17_05_51_439.jpg,C:\myData\IMG\right_2025_06_02_17_05_51_439.jpg,0,0,0,14.88594
C:\myData\IMG\center_2025_06_02_17_05_51_588.jpg,C:\myData\IMG\left_2025_06_02_17_05_51_588.jpg,C:\myData\IMG\right_2025_06_02_17_05_51_588.jpg,-0.4,0,0,14.568
C:\myData\IMG\center_2025_06_02_17_05_51_737.jpg,C:\myData\IMG\left_2025_06_02_17_05_51_737.jpg,C:\myData\IMG\right_2025_06_02_17_05_51_737.jpg,-0.7500002,0,0,14.66179
C:\myData\IMG\center_2025_06_02_17_05_51_880.jpg,C:\myData\IMG\left_2025_06_02_17_05_51_880.jpg,C:\myData\IMG\right_2025_06_02_17_05_51_880.jpg,0,0,0,14.32057
C:\myData\IMG\center_2025_06_02_17_05_52_026.jpg,C:\myData\IMG\left_2025_06_02_17_05_52_026.jpg,C:\myData\IMG\right_2025_06_02_17_05_52_026.jpg,0,0,0,13.59264
C:\myData\IMG\center_2025_06_02_17_05_52_179.jpg,C:\myData\IMG\left_2025_06_02_17_05_52_179.jpg,C:\myData\IMG\right_2025_06_02_17_05_52_179.jpg,0,0,0,13.36038
C:\myData\IMG\center_2025_06_02_17_05_52_329.jpg,C:\myData\IMG\left_2025_06_02_17_05_52_329.jpg,C:\myData\IMG\right_2025_06_02_17_05_52_329.jpg,0,0,0,13.65532
C:\myData\IMG\center_2025_06_02_17_05_52_494.jpg,C:\myData\IMG\left_2025_06_02_17_05_52_494.jpg,C:\myData\IMG\right_2025_06_02_17_05_52_494.jpg,0,0,0,13.42255
C:\myData\IMG\center_2025_06_02_17_05_52_682.jpg,C:\myData\IMG\left_2025_06_02_17_05_52_682.jpg,C:\myData\IMG\right_2025_06_02_17_05_52_682.jpg,0.35,0,0,12.63371
C:\myData\IMG\center_2025_06_02_17_05_52_821.jpg,C:\myData\IMG\left_2025_06_02_17_05_52_821.jpg,C:\myData\IMG\right_2025_06_02_17_05_52_821.jpg,0,0,0,12.38579
C:\myData\IMG\center_2025_06_02_17_05_52_947.jpg,C:\myData\IMG\left_2025_06_02_17_05_52_947.jpg,C:\myData\IMG\right_2025_06_02_17_05_52_947.jpg,0,0,0,12.16367
C:\myData\IMG\center_2025_06_02_17_05_53_091.jpg,C:\myData\IMG\left_2025_06_02_17_05_53_091.jpg,C:\myData\IMG\right_2025_06_02_17_05_53_091.jpg,0,0,0,12.54837
C:\myData\IMG\center_2025_06_02_17_05_53_241.jpg,C:\myData\IMG\left_2025_06_02_17_05_53_241.jpg,C:\myData\IMG\right_2025_06_02_17_05_53_241.jpg,0,0,0,11.80129
C:\myData\IMG\center_2025_06_02_17_05_53_382.jpg,C:\myData\IMG\left_2025_06_02_17_05_53_382.jpg,C:\myData\IMG\right_2025_06_02_17_05_53_382.jpg,0,0,0,11.59913
C:\myData\IMG\center_2025_06_02_17_05_53_531.jpg,C:\myData\IMG\left_2025_06_02_17_05_53_531.jpg,C:\myData\IMG\right_2025_06_02_17_05_53_531.jpg,0,0,0,11.9744
C:\myData\IMG\center_2025_06_02_17_05_53_683.jpg,C:\myData\IMG\left_2025_06_02_17_05_53_683.jpg,C:\myData\IMG\right_2025_06_02_17_05_53_683.jpg,0.4,0,0,11.71689
C:\myData\IMG\center_2025_06_02_17_05_53_824.jpg,C:\myData\IMG\left_2025_06_02_17_05_53_824.jpg,C:\myData\IMG\right_2025_06_02_17_05_53_824.jpg,0.7500002,0,0,11.22425
C:\myData\IMG\center_2025_06_02_17_05_53_907.jpg,C:\myData\IMG\left_2025_06_02_17_05_53_907.jpg,C:\myData\IMG\right_2025_06_02_17_05_53_907.jpg,1,0,0,10.83853
C:\myData\IMG\center_2025_06_02_17_05_54_057.jpg,C:\myData\IMG\left_2025_06_02_17_05_54_057.jpg,C:\myData\IMG\right_2025_06_02_17_05_54_057.jpg,0,0,0,10.47972
C:\myData\IMG\center_2025_06_02_17_05_54_206.jpg,C:\myData\IMG\left_2025_06_02_17_05_54_206.jpg,C:\myData\IMG\right_2025_06_02_17_05_54_206.jpg,0,0,0,10.24134
C:\myData\IMG\center_2025_06_02_17_05_54_379.jpg,C:\myData\IMG\left_2025_06_02_17_05_54_379.jpg,C:\myData\IMG\right_2025_06_02_17_05_54_379.jpg,0,0,0,10.03509
C:\myData\IMG\center_2025_06_02_17_05_54_522.jpg,C:\myData\IMG\left_2025_06_02_17_05_54_522.jpg,C:\myData\IMG\right_2025_06_02_17_05_54_522.jpg,0,0,0,9.898308
C:\myData\IMG\center_2025_06_02_17_05_54_671.jpg,C:\myData\IMG\left_2025_06_02_17_05_54_671.jpg,C:\myData\IMG\right_2025_06_02_17_05_54_671.jpg,0,0,0,9.781495
C:\myData\IMG\center_2025_06_02_17_05_54_807.jpg,C:\myData\IMG\left_2025_06_02_17_05_54_807.jpg,C:\myData\IMG\right_2025_06_02_17_05_54_807.jpg,0,0,0,9.624332
C:\myData\IMG\center_2025_06_02_17_05_54_953.jpg,C:\myData\IMG\left_2025_06_02_17_05_54_953.jpg,C:\myData\IMG\right_2025_06_02_17_05_54_953.jpg,0,0,0,9.456962
C:\myData\IMG\center_2025_06_02_17_05_55_109.jpg,C:\myData\IMG\left_2025_06_02_17_05_55_109.jpg,C:\myData\IMG\right_2025_06_02_17_05_55_109.jpg,0,0,0,9.311423
C:\myData\IMG\center_2025_06_02_17_05_55_257.jpg,C:\myData\IMG\left_2025_06_02_17_05_55_257.jpg,C:\myData\IMG\right_2025_06_02_17_05_55_257.jpg,0,0,0,9.201281
C:\myData\IMG\center_2025_06_02_17_05_55_408.jpg,C:\myData\IMG\left_2025_06_02_17_05_55_408.jpg,C:\myData\IMG\right_2025_06_02_17_05_55_408.jpg,0,0,0,9.058896
C:\myData\IMG\center_2025_06_02_17_05_55_555.jpg,C:\myData\IMG\left_2025_06_02_17_05_55_555.jpg,C:\myData\IMG\right_2025_06_02_17_05_55_555.jpg,0,0,0,8.937308
C:\myData\IMG\center_2025_06_02_17_05_55_703.jpg,C:\myData\IMG\left_2025_06_02_17_05_55_703.jpg,C:\myData\IMG\right_2025_06_02_17_05_55_703.jpg,0,0,0,8.800434
C:\myData\IMG\center_2025_06_02_17_05_55_845.jpg,C:\myData\IMG\left_2025_06_02_17_05_55_845.jpg,C:\myData\IMG\right_2025_06_02_17_05_55_845.jpg,0,0,0,8.684424
C:\myData\IMG\center_2025_06_02_17_05_55_997.jpg,C:\myData\IMG\left_2025_06_02_17_05_55_997.jpg,C:\myData\IMG\right_2025_06_02_17_05_55_997.jpg,0,0,0,8.576268
C:\myData\IMG\center_2025_06_02_17_05_56_122.jpg,C:\myData\IMG\left_2025_06_02_17_05_56_122.jpg,C:\myData\IMG\right_2025_06_02_17_05_56_122.jpg,0,0,0,8.470621
C:\myData\IMG\center_2025_06_02_17_05_56_268.jpg,C:\myData\IMG\left_2025_06_02_17_05_56_268.jpg,C:\myData\IMG\right_2025_06_02_17_05_56_268.jpg,0,0,0,8.364028
C:\myData\IMG\center_2025_06_02_17_05_56_417.jpg,C:\myData\IMG\left_2025_06_02_17_05_56_417.jpg,C:\myData\IMG\right_2025_06_02_17_05_56_417.jpg,0.35,0,0,8.21823
C:\myData\IMG\center_2025_06_02_17_05_56_565.jpg,C:\myData\IMG\left_2025_06_02_17_05_56_565.jpg,C:\myData\IMG\right_2025_06_02_17_05_56_565.jpg,0.7500002,0,0,7.968754
C:\myData\IMG\center_2025_06_02_17_05_56_711.jpg,C:\myData\IMG\left_2025_06_02_17_05_56_711.jpg,C:\myData\IMG\right_2025_06_02_17_05_56_711.jpg,1,0,0,7.707731
C:\myData\IMG\center_2025_06_02_17_05_56_868.jpg,C:\myData\IMG\left_2025_06_02_17_05_56_868.jpg,C:\myData\IMG\right_2025_06_02_17_05_56_868.jpg,0,0,0,7.421072
C:\myData\IMG\center_2025_06_02_17_05_57_013.jpg,C:\myData\IMG\left_2025_06_02_17_05_57_013.jpg,C:\myData\IMG\right_2025_06_02_17_05_57_013.jpg,0,0,0,7.323893
C:\myData\IMG\center_2025_06_02_17_05_57_160.jpg,C:\myData\IMG\left_2025_06_02_17_05_57_160.jpg,C:\myData\IMG\right_2025_06_02_17_05_57_160.jpg,0,0,0,7.215015
C:\myData\IMG\center_2025_06_02_17_05_57_312.jpg,C:\myData\IMG\left_2025_06_02_17_05_57_312.jpg,C:\myData\IMG\right_2025_06_02_17_05_57_312.jpg,0,0,0,7.12041
C:\myData\IMG\center_2025_06_02_17_05_57_462.jpg,C:\myData\IMG\left_2025_06_02_17_05_57_462.jpg,C:\myData\IMG\right_2025_06_02_17_05_57_462.jpg,0,0,0,7.013909
C:\myData\IMG\center_2025_06_02_17_05_57_611.jpg,C:\myData\IMG\left_2025_06_02_17_05_57_611.jpg,C:\myData\IMG\right_2025_06_02_17_05_57_611.jpg,0,0,0,6.92212
C:\myData\IMG\center_2025_06_02_17_05_57_772.jpg,C:\myData\IMG\left_2025_06_02_17_05_57_772.jpg,C:\myData\IMG\right_2025_06_02_17_05_57_772.jpg,0,0,0,6.819568
C:\myData\IMG\center_2025_06_02_17_05_57_916.jpg,C:\myData\IMG\left_2025_06_02_17_05_57_916.jpg,C:\myData\IMG\right_2025_06_02_17_05_57_916.jpg,0,0,0,6.730696
C:\myData\IMG\center_2025_06_02_17_05_58_068.jpg,C:\myData\IMG\left_2025_06_02_17_05_58_068.jpg,C:\myData\IMG\right_2025_06_02_17_05_58_068.jpg,0.4,0,0,6.592675
C:\myData\IMG\center_2025_06_02_17_05_58_211.jpg,C:\myData\IMG\left_2025_06_02_17_05_58_211.jpg,C:\myData\IMG\right_2025_06_02_17_05_58_211.jpg,0.7500002,0,0,6.418243
C:\myData\IMG\center_2025_06_02_17_05_58_344.jpg,C:\myData\IMG\left_2025_06_02_17_05_58_344.jpg,C:\myData\IMG\right_2025_06_02_17_05_58_344.jpg,1,0,0,6.208765
C:\myData\IMG\center_2025_06_02_17_05_58_486.jpg,C:\myData\IMG\left_2025_06_02_17_05_58_486.jpg,C:\myData\IMG\right_2025_06_02_17_05_58_486.jpg,1,0,0,6.075013
C:\myData\IMG\center_2025_06_02_17_05_58_641.jpg,C:\myData\IMG\left_2025_06_02_17_05_58_641.jpg,C:\myData\IMG\right_2025_06_02_17_05_58_641.jpg,0,0,0,5.817065
C:\myData\IMG\center_2025_06_02_17_05_58_785.jpg,C:\myData\IMG\left_2025_06_02_17_05_58_785.jpg,C:\myData\IMG\right_2025_06_02_17_05_58_785.jpg,0,0,0,5.739493
C:\myData\IMG\center_2025_06_02_17_05_58_930.jpg,C:\myData\IMG\left_2025_06_02_17_05_58_930.jpg,C:\myData\IMG\right_2025_06_02_17_05_58_930.jpg,0,0,0,5.663927
C:\myData\IMG\center_2025_06_02_17_05_59_074.jpg,C:\myData\IMG\left_2025_06_02_17_05_59_074.jpg,C:\myData\IMG\right_2025_06_02_17_05_59_074.jpg,0,0,0,5.589422
C:\myData\IMG\center_2025_06_02_17_05_59_218.jpg,C:\myData\IMG\left_2025_06_02_17_05_59_218.jpg,C:\myData\IMG\right_2025_06_02_17_05_59_218.jpg,0,0,0,5.515964
C:\myData\IMG\center_2025_06_02_17_05_59_385.jpg,C:\myData\IMG\left_2025_06_02_17_05_59_385.jpg,C:\myData\IMG\right_2025_06_02_17_05_59_385.jpg,0,0,0,5.423028
C:\myData\IMG\center_2025_06_02_17_05_59_534.jpg,C:\myData\IMG\left_2025_06_02_17_05_59_534.jpg,C:\myData\IMG\right_2025_06_02_17_05_59_534.jpg,0,0,0,5.351912
C:\myData\IMG\center_2025_06_02_17_05_59_684.jpg,C:\myData\IMG\left_2025_06_02_17_05_59_684.jpg,C:\myData\IMG\right_2025_06_02_17_05_59_684.jpg,0,0,0,5.271859
C:\myData\IMG\center_2025_06_02_17_05_59_834.jpg,C:\myData\IMG\left_2025_06_02_17_05_59_834.jpg,C:\myData\IMG\right_2025_06_02_17_05_59_834.jpg,0.35,0,0,5.179312
C:\myData\IMG\center_2025_06_02_17_05_59_973.jpg,C:\myData\IMG\left_2025_06_02_17_05_59_973.jpg,C:\myData\IMG\right_2025_06_02_17_05_59_973.jpg,0.7,0,0,5.048144
C:\myData\IMG\center_2025_06_02_17_06_00_130.jpg,C:\myData\IMG\left_2025_06_02_17_06_00_130.jpg,C:\myData\IMG\right_2025_06_02_17_06_00_130.jpg,1,0,0,4.860738
C:\myData\IMG\center_2025_06_02_17_06_00_279.jpg,C:\myData\IMG\left_2025_06_02_17_06_00_279.jpg,C:\myData\IMG\right_2025_06_02_17_06_00_279.jpg,1,0,0,4.754086
C:\myData\IMG\center_2025_06_02_17_06_00_430.jpg,C:\myData\IMG\left_2025_06_02_17_06_00_430.jpg,C:\myData\IMG\right_2025_06_02_17_06_00_430.jpg,0,0,0,4.551363
C:\myData\IMG\center_2025_06_02_17_06_00_579.jpg,C:\myData\IMG\left_2025_06_02_17_06_00_579.jpg,C:\myData\IMG\right_2025_06_02_17_06_00_579.jpg,0,0,0,4.491584
C:\myData\IMG\center_2025_06_02_17_06_00_726.jpg,C:\myData\IMG\left_2025_06_02_17_06_00_726.jpg,C:\myData\IMG\right_2025_06_02_17_06_00_726.jpg,0,0,0,4.42432
C:\myData\IMG\center_2025_06_02_17_06_00_876.jpg,C:\myData\IMG\left_2025_06_02_17_06_00_876.jpg,C:\myData\IMG\right_2025_06_02_17_06_00_876.jpg,0,0,0,4.366337
C:\myData\IMG\center_2025_06_02_17_06_01_024.jpg,C:\myData\IMG\left_2025_06_02_17_06_01_024.jpg,C:\myData\IMG\right_2025_06_02_17_06_01_024.jpg,0,0,0,4.301055
C:\myData\IMG\center_2025_06_02_17_06_01_167.jpg,C:\myData\IMG\left_2025_06_02_17_06_01_167.jpg,C:\myData\IMG\right_2025_06_02_17_06_01_167.jpg,0,0,0,4.244782
C:\myData\IMG\center_2025_06_02_17_06_01_321.jpg,C:\myData\IMG\left_2025_06_02_17_06_01_321.jpg,C:\myData\IMG\right_2025_06_02_17_06_01_321.jpg,0,0,0,4.180121
C:\myData\IMG\center_2025_06_02_17_06_01_459.jpg,C:\myData\IMG\left_2025_06_02_17_06_01_459.jpg,C:\myData\IMG\right_2025_06_02_17_06_01_459.jpg,0,0,0,4.130436
C:\myData\IMG\center_2025_06_02_17_06_01_608.jpg,C:\myData\IMG\left_2025_06_02_17_06_01_608.jpg,C:\myData\IMG\right_2025_06_02_17_06_01_608.jpg,0,0,0,4.065127
C:\myData\IMG\center_2025_06_02_17_06_01_765.jpg,C:\myData\IMG\left_2025_06_02_17_06_01_765.jpg,C:\myData\IMG\right_2025_06_02_17_06_01_765.jpg,0,0,0,4.002152
C:\myData\IMG\center_2025_06_02_17_06_01_902.jpg,C:\myData\IMG\left_2025_06_02_17_06_01_902.jpg,C:\myData\IMG\right_2025_06_02_17_06_01_902.jpg,0,0,0,3.948624
C:\myData\IMG\center_2025_06_02_17_06_02_048.jpg,C:\myData\IMG\left_2025_06_02_17_06_02_048.jpg,C:\myData\IMG\right_2025_06_02_17_06_02_048.jpg,0,0,0,3.895854
C:\myData\IMG\center_2025_06_02_17_06_02_202.jpg,C:\myData\IMG\left_2025_06_02_17_06_02_202.jpg,C:\myData\IMG\right_2025_06_02_17_06_02_202.jpg,0,0,0,3.836461
C:\myData\IMG\center_2025_06_02_17_06_02_351.jpg,C:\myData\IMG\left_2025_06_02_17_06_02_351.jpg,C:\myData\IMG\right_2025_06_02_17_06_02_351.jpg,0.35,0,0,3.769187
C:\myData\IMG\center_2025_06_02_17_06_02_507.jpg,C:\myData\IMG\left_2025_06_02_17_06_02_507.jpg,C:\myData\IMG\right_2025_06_02_17_06_02_507.jpg,0.7500002,0,0,3.660976
C:\myData\IMG\center_2025_06_02_17_06_02_656.jpg,C:\myData\IMG\left_2025_06_02_17_06_02_656.jpg,C:\myData\IMG\right_2025_06_02_17_06_02_656.jpg,1,0,0,3.543189
C:\myData\IMG\center_2025_06_02_17_06_02_805.jpg,C:\myData\IMG\left_2025_06_02_17_06_02_805.jpg,C:\myData\IMG\right_2025_06_02_17_06_02_805.jpg,1,0,0,3.454936
C:\myData\IMG\center_2025_06_02_17_06_02_979.jpg,C:\myData\IMG\left_2025_06_02_17_06_02_979.jpg,C:\myData\IMG\right_2025_06_02_17_06_02_979.jpg,0,0,0,3.303125
C:\myData\IMG\center_2025_06_02_17_06_03_137.jpg,C:\myData\IMG\left_2025_06_02_17_06_03_137.jpg,C:\myData\IMG\right_2025_06_02_17_06_03_137.jpg,0,0,0,3.251991
C:\myData\IMG\center_2025_06_02_17_06_03_309.jpg,C:\myData\IMG\left_2025_06_02_17_06_03_309.jpg,C:\myData\IMG\right_2025_06_02_17_06_03_309.jpg,0,0,0,3.194694
C:\myData\IMG\center_2025_06_02_17_06_03_496.jpg,C:\myData\IMG\left_2025_06_02_17_06_03_496.jpg,C:\myData\IMG\right_2025_06_02_17_06_03_496.jpg,0,0,0,3.137244
C:\myData\IMG\center_2025_06_02_17_06_03_658.jpg,C:\myData\IMG\left_2025_06_02_17_06_03_658.jpg,C:\myData\IMG\right_2025_06_02_17_06_03_658.jpg,0,0,0,3.087044
C:\myData\IMG\center_2025_06_02_17_06_03_790.jpg,C:\myData\IMG\left_2025_06_02_17_06_03_790.jpg,C:\myData\IMG\right_2025_06_02_17_06_03_790.jpg,0,0,0,3.04378
C:\myData\IMG\center_2025_06_02_17_06_03_954.jpg,C:\myData\IMG\left_2025_06_02_17_06_03_954.jpg,C:\myData\IMG\right_2025_06_02_17_06_03_954.jpg,0,0,0,2.995077
C:\myData\IMG\center_2025_06_02_17_06_04_150.jpg,C:\myData\IMG\left_2025_06_02_17_06_04_150.jpg,C:\myData\IMG\right_2025_06_02_17_06_04_150.jpg,0,0,0,2.935295
C:\myData\IMG\center_2025_06_02_17_06_04_282.jpg,C:\myData\IMG\left_2025_06_02_17_06_04_282.jpg,C:\myData\IMG\right_2025_06_02_17_06_04_282.jpg,0,0,0,2.894159
C:\myData\IMG\center_2025_06_02_17_06_04_436.jpg,C:\myData\IMG\left_2025_06_02_17_06_04_436.jpg,C:\myData\IMG\right_2025_06_02_17_06_04_436.jpg,0,0,0,2.853819
C:\myData\IMG\center_2025_06_02_17_06_04_581.jpg,C:\myData\IMG\left_2025_06_02_17_06_04_581.jpg,C:\myData\IMG\right_2025_06_02_17_06_04_581.jpg,0.4,0,0,2.793261
C:\myData\IMG\center_2025_06_02_17_06_04_737.jpg,C:\myData\IMG\left_2025_06_02_17_06_04_737.jpg,C:\myData\IMG\right_2025_06_02_17_06_04_737.jpg,0.7500002,0,0,2.720415
C:\myData\IMG\center_2025_06_02_17_06_04_877.jpg,C:\myData\IMG\left_2025_06_02_17_06_04_877.jpg,C:\myData\IMG\right_2025_06_02_17_06_04_877.jpg,1,0,0,2.630586
C:\myData\IMG\center_2025_06_02_17_06_05_028.jpg,C:\myData\IMG\left_2025_06_02_17_06_05_028.jpg,C:\myData\IMG\right_2025_06_02_17_06_05_028.jpg,1,0,0,2.560445
C:\myData\IMG\center_2025_06_02_17_06_05_180.jpg,C:\myData\IMG\left_2025_06_02_17_06_05_180.jpg,C:\myData\IMG\right_2025_06_02_17_06_05_180.jpg,1,0,0,2.492963
C:\myData\IMG\center_2025_06_02_17_06_05_334.jpg,C:\myData\IMG\left_2025_06_02_17_06_05_334.jpg,C:\myData\IMG\right_2025_06_02_17_06_05_334.jpg,0,0,0,2.385529
C:\myData\IMG\center_2025_06_02_17_06_05_484.jpg,C:\myData\IMG\left_2025_06_02_17_06_05_484.jpg,C:\myData\IMG\right_2025_06_02_17_06_05_484.jpg,0,0,0,2.347351
C:\myData\IMG\center_2025_06_02_17_06_05_637.jpg,C:\myData\IMG\left_2025_06_02_17_06_05_637.jpg,C:\myData\IMG\right_2025_06_02_17_06_05_637.jpg,0,0,0,2.31445
C:\myData\IMG\center_2025_06_02_17_06_05_781.jpg,C:\myData\IMG\left_2025_06_02_17_06_05_781.jpg,C:\myData\IMG\right_2025_06_02_17_06_05_781.jpg,0,0,0,2.277413
C:\myData\IMG\center_2025_06_02_17_06_05_933.jpg,C:\myData\IMG\left_2025_06_02_17_06_05_933.jpg,C:\myData\IMG\right_2025_06_02_17_06_05_933.jpg,0,0,0,2.245492
C:\myData\IMG\center_2025_06_02_17_06_06_085.jpg,C:\myData\IMG\left_2025_06_02_17_06_06_085.jpg,C:\myData\IMG\right_2025_06_02_17_06_06_085.jpg,0,0,0,2.209558
C:\myData\IMG\center_2025_06_02_17_06_06_232.jpg,C:\myData\IMG\left_2025_06_02_17_06_06_232.jpg,C:\myData\IMG\right_2025_06_02_17_06_06_232.jpg,0.35,0,0,2.169636
C:\myData\IMG\center_2025_06_02_17_06_06_386.jpg,C:\myData\IMG\left_2025_06_02_17_06_06_386.jpg,C:\myData\IMG\right_2025_06_02_17_06_06_386.jpg,0.7500002,0,0,2.106527
C:\myData\IMG\center_2025_06_02_17_06_06_532.jpg,C:\myData\IMG\left_2025_06_02_17_06_06_532.jpg,C:\myData\IMG\right_2025_06_02_17_06_06_532.jpg,1,0,0,2.036042
C:\myData\IMG\center_2025_06_02_17_06_06_686.jpg,C:\myData\IMG\left_2025_06_02_17_06_06_686.jpg,C:\myData\IMG\right_2025_06_02_17_06_06_686.jpg,1,0,0,1.979398
C:\myData\IMG\center_2025_06_02_17_06_06_838.jpg,C:\myData\IMG\left_2025_06_02_17_06_06_838.jpg,C:\myData\IMG\right_2025_06_02_17_06_06_838.jpg,1,0,0,1.931428
C:\myData\IMG\center_2025_06_02_17_06_06_982.jpg,C:\myData\IMG\left_2025_06_02_17_06_06_982.jpg,C:\myData\IMG\right_2025_06_02_17_06_06_982.jpg,1,0,0,1.877797
C:\myData\IMG\center_2025_06_02_17_06_07_147.jpg,C:\myData\IMG\left_2025_06_02_17_06_07_147.jpg,C:\myData\IMG\right_2025_06_02_17_06_07_147.jpg,0,0,0,1.792579
C:\myData\IMG\center_2025_06_02_17_06_07_320.jpg,C:\myData\IMG\left_2025_06_02_17_06_07_320.jpg,C:\myData\IMG\right_2025_06_02_17_06_07_320.jpg,0,0,0,1.759948
C:\myData\IMG\center_2025_06_02_17_06_07_465.jpg,C:\myData\IMG\left_2025_06_02_17_06_07_465.jpg,C:\myData\IMG\right_2025_06_02_17_06_07_465.jpg,0,0,0,1.735244
C:\myData\IMG\center_2025_06_02_17_06_07_613.jpg,C:\myData\IMG\left_2025_06_02_17_06_07_613.jpg,C:\myData\IMG\right_2025_06_02_17_06_07_613.jpg,0,0.4431945,0,2.440285
C:\myData\IMG\center_2025_06_02_17_06_07_770.jpg,C:\myData\IMG\left_2025_06_02_17_06_07_770.jpg,C:\myData\IMG\right_2025_06_02_17_06_07_770.jpg,0,0.9157686,0,4.165236
C:\myData\IMG\center_2025_06_02_17_06_07_922.jpg,C:\myData\IMG\left_2025_06_02_17_06_07_922.jpg,C:\myData\IMG\right_2025_06_02_17_06_07_922.jpg,0,1,0,6.018337
C:\myData\IMG\center_2025_06_02_17_06_08_070.jpg,C:\myData\IMG\left_2025_06_02_17_06_08_070.jpg,C:\myData\IMG\right_2025_06_02_17_06_08_070.jpg,0,1,0,7.619909
C:\myData\IMG\center_2025_06_02_17_06_08_214.jpg,C:\myData\IMG\left_2025_06_02_17_06_08_214.jpg,C:\myData\IMG\right_2025_06_02_17_06_08_214.jpg,0,1,0,9.19973
C:\myData\IMG\center_2025_06_02_17_06_08_413.jpg,C:\myData\IMG\left_2025_06_02_17_06_08_413.jpg,C:\myData\IMG\right_2025_06_02_17_06_08_413.jpg,0,1,0,11.51829
C:\myData\IMG\center_2025_06_02_17_06_08_718.jpg,C:\myData\IMG\left_2025_06_02_17_06_08_718.jpg,C:\myData\IMG\right_2025_06_02_17_06_08_718.jpg,0,0.471979,0,11.98398
C:\myData\IMG\center_2025_06_02_17_06_08_919.jpg,C:\myData\IMG\left_2025_06_02_17_06_08_919.jpg,C:\myData\IMG\right_2025_06_02_17_06_08_919.jpg,0.45,0,0,12.11496
C:\myData\IMG\center_2025_06_02_17_06_09_119.jpg,C:\myData\IMG\left_2025_06_02_17_06_09_119.jpg,C:\myData\IMG\right_2025_06_02_17_06_09_119.jpg,1,0,0,11.5004
C:\myData\IMG\center_2025_06_02_17_06_09_289.jpg,C:\myData\IMG\left_2025_06_02_17_06_09_289.jpg,C:\myData\IMG\right_2025_06_02_17_06_09_289.jpg,0,0,0,11.06437
C:\myData\IMG\center_2025_06_02_17_06_09_345.jpg,C:\myData\IMG\left_2025_06_02_17_06_09_345.jpg,C:\myData\IMG\right_2025_06_02_17_06_09_345.jpg,0,0,0,10.86213
C:\myData\IMG\center_2025_06_02_17_06_09_535.jpg,C:\myData\IMG\left_2025_06_02_17_06_09_535.jpg,C:\myData\IMG\right_2025_06_02_17_06_09_535.jpg,0,0,0,10.66663
C:\myData\IMG\center_2025_06_02_17_06_09_723.jpg,C:\myData\IMG\left_2025_06_02_17_06_09_723.jpg,C:\myData\IMG\right_2025_06_02_17_06_09_723.jpg,0,0,0,10.45358
C:\myData\IMG\center_2025_06_02_17_06_09_911.jpg,C:\myData\IMG\left_2025_06_02_17_06_09_911.jpg,C:\myData\IMG\right_2025_06_02_17_06_09_911.jpg,0,0,0,10.26549
C:\myData\IMG\center_2025_06_02_17_06_10_077.jpg,C:\myData\IMG\left_2025_06_02_17_06_10_077.jpg,C:\myData\IMG\right_2025_06_02_17_06_10_077.jpg,0,0,0,10.10113
C:\myData\IMG\center_2025_06_02_17_06_10_238.jpg,C:\myData\IMG\left_2025_06_02_17_06_10_238.jpg,C:\myData\IMG\right_2025_06_02_17_06_10_238.jpg,0,0,0,9.939406
C:\myData\IMG\center_2025_06_02_17_06_10_406.jpg,C:\myData\IMG\left_2025_06_02_17_06_10_406.jpg,C:\myData\IMG\right_2025_06_02_17_06_10_406.jpg,0,0,0,9.760496
C:\myData\IMG\center_2025_06_02_17_06_10_551.jpg,C:\myData\IMG\left_2025_06_02_17_06_10_551.jpg,C:\myData\IMG\right_2025_06_02_17_06_10_551.jpg,0,0,0,9.623624
C:\myData\IMG\center_2025_06_02_17_06_10_715.jpg,C:\myData\IMG\left_2025_06_02_17_06_10_715.jpg,C:\myData\IMG\right_2025_06_02_17_06_10_715.jpg,0,0,0,9.469546
C:\myData\IMG\center_2025_06_02_17_06_10_866.jpg,C:\myData\IMG\left_2025_06_02_17_06_10_866.jpg,C:\myData\IMG\right_2025_06_02_17_06_10_866.jpg,0,0,0,9.317937
C:\myData\IMG\center_2025_06_02_17_06_11_031.jpg,C:\myData\IMG\left_2025_06_02_17_06_11_031.jpg,C:\myData\IMG\right_2025_06_02_17_06_11_031.jpg,0,0,0,9.168731
C:\myData\IMG\center_2025_06_02_17_06_11_194.jpg,C:\myData\IMG\left_2025_06_02_17_06_11_194.jpg,C:\myData\IMG\right_2025_06_02_17_06_11_194.jpg,0.4,0,0,8.974803
C:\myData\IMG\center_2025_06_02_17_06_11_355.jpg,C:\myData\IMG\left_2025_06_02_17_06_11_355.jpg,C:\myData\IMG\right_2025_06_02_17_06_11_355.jpg,0,0,0,8.814434
C:\myData\IMG\center_2025_06_02_17_06_11_520.jpg,C:\myData\IMG\left_2025_06_02_17_06_11_520.jpg,C:\myData\IMG\right_2025_06_02_17_06_11_520.jpg,0,0,0,8.655698
C:\myData\IMG\center_2025_06_02_17_06_11_693.jpg,C:\myData\IMG\left_2025_06_02_17_06_11_693.jpg,C:\myData\IMG\right_2025_06_02_17_06_11_693.jpg,0,0,0,8.517123
C:\myData\IMG\center_2025_06_02_17_06_11_880.jpg,C:\myData\IMG\left_2025_06_02_17_06_11_880.jpg,C:\myData\IMG\right_2025_06_02_17_06_11_880.jpg,0,0,0,8.36388
C:\myData\IMG\center_2025_06_02_17_06_12_055.jpg,C:\myData\IMG\left_2025_06_02_17_06_12_055.jpg,C:\myData\IMG\right_2025_06_02_17_06_12_055.jpg,0,0,0,8.213395
C:\myData\IMG\center_2025_06_02_17_06_12_238.jpg,C:\myData\IMG\left_2025_06_02_17_06_12_238.jpg,C:\myData\IMG\right_2025_06_02_17_06_12_238.jpg,0,0,0,8.065619
C:\myData\IMG\center_2025_06_02_17_06_12_409.jpg,C:\myData\IMG\left_2025_06_02_17_06_12_409.jpg,C:\myData\IMG\right_2025_06_02_17_06_12_409.jpg,0,0,0,7.920503
C:\myData\IMG\center_2025_06_02_17_06_12_570.jpg,C:\myData\IMG\left_2025_06_02_17_06_12_570.jpg,C:\myData\IMG\right_2025_06_02_17_06_12_570.jpg,0,0,0,7.79368
C:\myData\IMG\center_2025_06_02_17_06_12_744.jpg,C:\myData\IMG\left_2025_06_02_17_06_12_744.jpg,C:\myData\IMG\right_2025_06_02_17_06_12_744.jpg,0.45,0,0,7.602155
C:\myData\IMG\center_2025_06_02_17_06_12_915.jpg,C:\myData\IMG\left_2025_06_02_17_06_12_915.jpg,C:\myData\IMG\right_2025_06_02_17_06_12_915.jpg,0.8500001,0,0,7.355611
C:\myData\IMG\center_2025_06_02_17_06_13_088.jpg,C:\myData\IMG\left_2025_06_02_17_06_13_088.jpg,C:\myData\IMG\right_2025_06_02_17_06_13_088.jpg,1,0,0,7.092485
C:\myData\IMG\center_2025_06_02_17_06_13_239.jpg,C:\myData\IMG\left_2025_06_02_17_06_13_239.jpg,C:\myData\IMG\right_2025_06_02_17_06_13_239.jpg,0,0,0,6.809227
C:\myData\IMG\center_2025_06_02_17_06_13_412.jpg,C:\myData\IMG\left_2025_06_02_17_06_13_412.jpg,C:\myData\IMG\right_2025_06_02_17_06_13_412.jpg,0,0,0,6.684731
C:\myData\IMG\center_2025_06_02_17_06_13_588.jpg,C:\myData\IMG\left_2025_06_02_17_06_13_588.jpg,C:\myData\IMG\right_2025_06_02_17_06_13_588.jpg,0,0,0,6.564461
C:\myData\IMG\center_2025_06_02_17_06_13_762.jpg,C:\myData\IMG\left_2025_06_02_17_06_13_762.jpg,C:\myData\IMG\right_2025_06_02_17_06_13_762.jpg,0,0.5280726,0,7.563413
C:\myData\IMG\center_2025_06_02_17_06_13_936.jpg,C:\myData\IMG\left_2025_06_02_17_06_13_936.jpg,C:\myData\IMG\right_2025_06_02_17_06_13_936.jpg,0,0.008020759,0,7.490634
C:\myData\IMG\center_2025_06_02_17_06_14_110.jpg,C:\myData\IMG\left_2025_06_02_17_06_14_110.jpg,C:\myData\IMG\right_2025_06_02_17_06_14_110.jpg,0,0,0,7.356445
C:\myData\IMG\center_2025_06_02_17_06_14_288.jpg,C:\myData\IMG\left_2025_06_02_17_06_14_288.jpg,C:\myData\IMG\right_2025_06_02_17_06_14_288.jpg,0,0,0,7.224091
C:\myData\IMG\center_2025_06_02_17_06_14_464.jpg,C:\myData\IMG\left_2025_06_02_17_06_14_464.jpg,C:\myData\IMG\right_2025_06_02_17_06_14_464.jpg,-0.45,0,0,7.046433
C:\myData\IMG\center_2025_06_02_17_06_14_634.jpg,C:\myData\IMG\left_2025_06_02_17_06_14_634.jpg,C:\myData\IMG\right_2025_06_02_17_06_14_634.jpg,0,0,0,6.912606
C:\myData\IMG\center_2025_06_02_17_06_14_809.jpg,C:\myData\IMG\left_2025_06_02_17_06_14_809.jpg,C:\myData\IMG\right_2025_06_02_17_06_14_809.jpg,0,0,0,6.788167
C:\myData\IMG\center_2025_06_02_17_06_15_000.jpg,C:\myData\IMG\left_2025_06_02_17_06_15_000.jpg,C:\myData\IMG\right_2025_06_02_17_06_15_000.jpg,0,0,0,6.666039
C:\myData\IMG\center_2025_06_02_17_06_15_176.jpg,C:\myData\IMG\left_2025_06_02_17_06_15_176.jpg,C:\myData\IMG\right_2025_06_02_17_06_15_176.jpg,0,0.5273886,0,7.66127
C:\myData\IMG\center_2025_06_02_17_06_15_353.jpg,C:\myData\IMG\left_2025_06_02_17_06_15_353.jpg,C:\myData\IMG\right_2025_06_02_17_06_15_353.jpg,0,0,0,7.557031
C:\myData\IMG\center_2025_06_02_17_06_15_544.jpg,C:\myData\IMG\left_2025_06_02_17_06_15_544.jpg,C:\myData\IMG\right_2025_06_02_17_06_15_544.jpg,0,0,0,7.405931
C:\myData\IMG\center_2025_06_02_17_06_15_739.jpg,C:\myData\IMG\left_2025_06_02_17_06_15_739.jpg,C:\myData\IMG\right_2025_06_02_17_06_15_739.jpg,0,0.5877459,0,8.637515
C:\myData\IMG\center_2025_06_02_17_06_15_915.jpg,C:\myData\IMG\left_2025_06_02_17_06_15_915.jpg,C:\myData\IMG\right_2025_06_02_17_06_15_915.jpg,0,1,0,10.39488
C:\myData\IMG\center_2025_06_02_17_06_16_104.jpg,C:\myData\IMG\left_2025_06_02_17_06_16_104.jpg,C:\myData\IMG\right_2025_06_02_17_06_16_104.jpg,0,1,0,12.56866
C:\myData\IMG\center_2025_06_02_17_06_16_407.jpg,C:\myData\IMG\left_2025_06_02_17_06_16_407.jpg,C:\myData\IMG\right_2025_06_02_17_06_16_407.jpg,0,1,0,14.62194
C:\myData\IMG\center_2025_06_02_17_06_16_556.jpg,C:\myData\IMG\left_2025_06_02_17_06_16_556.jpg,C:\myData\IMG\right_2025_06_02_17_06_16_556.jpg,0,1,0,16.30332
C:\myData\IMG\center_2025_06_02_17_06_16_655.jpg,C:\myData\IMG\left_2025_06_02_17_06_16_655.jpg,C:\myData\IMG\right_2025_06_02_17_06_16_655.jpg,0,1,0,18.39316
C:\myData\IMG\center_2025_06_02_17_06_16_832.jpg,C:\myData\IMG\left_2025_06_02_17_06_16_832.jpg,C:\myData\IMG\right_2025_06_02_17_06_16_832.jpg,0,0.4673479,0,18.90967
C:\myData\IMG\center_2025_06_02_17_06_17_011.jpg,C:\myData\IMG\left_2025_06_02_17_06_17_011.jpg,C:\myData\IMG\right_2025_06_02_17_06_17_011.jpg,0,0,0,18.97176
C:\myData\IMG\center_2025_06_02_17_06_17_207.jpg,C:\myData\IMG\left_2025_06_02_17_06_17_207.jpg,C:\myData\IMG\right_2025_06_02_17_06_17_207.jpg,0,0,0,18.60541
C:\myData\IMG\center_2025_06_02_17_06_17_381.jpg,C:\myData\IMG\left_2025_06_02_17_06_17_381.jpg,C:\myData\IMG\right_2025_06_02_17_06_17_381.jpg,0,0,0,17.76741
C:\myData\IMG\center_2025_06_02_17_06_17_596.jpg,C:\myData\IMG\left_2025_06_02_17_06_17_596.jpg,C:\myData\IMG\right_2025_06_02_17_06_17_596.jpg,0,0,0,17.39813
C:\myData\IMG\center_2025_06_02_17_06_17_781.jpg,C:\myData\IMG\left_2025_06_02_17_06_17_781.jpg,C:\myData\IMG\right_2025_06_02_17_06_17_781.jpg,0,0,0,17.60377
C:\myData\IMG\center_2025_06_02_17_06_17_973.jpg,C:\myData\IMG\left_2025_06_02_17_06_17_973.jpg,C:\myData\IMG\right_2025_06_02_17_06_17_973.jpg,0,0,0,17.25851
C:\myData\IMG\center_2025_06_02_17_06_18_157.jpg,C:\myData\IMG\left_2025_06_02_17_06_18_157.jpg,C:\myData\IMG\right_2025_06_02_17_06_18_157.jpg,0,0,0,16.40972
C:\myData\IMG\center_2025_06_02_17_06_18_332.jpg,C:\myData\IMG\left_2025_06_02_17_06_18_332.jpg,C:\myData\IMG\right_2025_06_02_17_06_18_332.jpg,-0.45,0,0,16.53748
C:\myData\IMG\center_2025_06_02_17_06_18_672.jpg,C:\myData\IMG\left_2025_06_02_17_06_18_672.jpg,C:\myData\IMG\right_2025_06_02_17_06_18_672.jpg,0,0,0,16.22257
C:\myData\IMG\center_2025_06_02_17_06_18_876.jpg,C:\myData\IMG\left_2025_06_02_17_06_18_876.jpg,C:\myData\IMG\right_2025_06_02_17_06_18_876.jpg,0,0,0,15.91195
C:\myData\IMG\center_2025_06_02_17_06_19_056.jpg,C:\myData\IMG\left_2025_06_02_17_06_19_056.jpg,C:\myData\IMG\right_2025_06_02_17_06_19_056.jpg,0,0,0,15.11225
C:\myData\IMG\center_2025_06_02_17_06_19_201.jpg,C:\myData\IMG\left_2025_06_02_17_06_19_201.jpg,C:\myData\IMG\right_2025_06_02_17_06_19_201.jpg,0,0,0,14.81125
C:\myData\IMG\center_2025_06_02_17_06_19_353.jpg,C:\myData\IMG\left_2025_06_02_17_06_19_353.jpg,C:\myData\IMG\right_2025_06_02_17_06_19_353.jpg,0,0,0,14.57411
C:\myData\IMG\center_2025_06_02_17_06_19_609.jpg,C:\myData\IMG\left_2025_06_02_17_06_19_609.jpg,C:\myData\IMG\right_2025_06_02_17_06_19_609.jpg,0,0,0,14.28323
C:\myData\IMG\center_2025_06_02_17_06_19_804.jpg,C:\myData\IMG\left_2025_06_02_17_06_19_804.jpg,C:\myData\IMG\right_2025_06_02_17_06_19_804.jpg,0,0,0,14.5278
C:\myData\IMG\center_2025_06_02_17_06_19_952.jpg,C:\myData\IMG\left_2025_06_02_17_06_19_952.jpg,C:\myData\IMG\right_2025_06_02_17_06_19_952.jpg,0,0,0,14.24099
C:\myData\IMG\center_2025_06_02_17_06_20_189.jpg,C:\myData\IMG\left_2025_06_02_17_06_20_189.jpg,C:\myData\IMG\right_2025_06_02_17_06_20_189.jpg,0,0,0,13.42023
C:\myData\IMG\center_2025_06_02_17_06_20_384.jpg,C:\myData\IMG\left_2025_06_02_17_06_20_384.jpg,C:\myData\IMG\right_2025_06_02_17_06_20_384.jpg,0,0,0,13.09057
C:\myData\IMG\center_2025_06_02_17_06_20_562.jpg,C:\myData\IMG\left_2025_06_02_17_06_20_562.jpg,C:\myData\IMG\right_2025_06_02_17_06_20_562.jpg,0,0,0,12.8171
C:\myData\IMG\center_2025_06_02_17_06_20_672.jpg,C:\myData\IMG\left_2025_06_02_17_06_20_672.jpg,C:\myData\IMG\right_2025_06_02_17_06_20_672.jpg,0,0,0,13.13457
C:\myData\IMG\center_2025_06_02_17_06_20_876.jpg,C:\myData\IMG\left_2025_06_02_17_06_20_876.jpg,C:\myData\IMG\right_2025_06_02_17_06_20_876.jpg,0,0,0,12.33883
C:\myData\IMG\center_2025_06_02_17_06_21_069.jpg,C:\myData\IMG\left_2025_06_02_17_06_21_069.jpg,C:\myData\IMG\right_2025_06_02_17_06_21_069.jpg,0,0,0,12.08024
C:\myData\IMG\center_2025_06_02_17_06_21_266.jpg,C:\myData\IMG\left_2025_06_02_17_06_21_266.jpg,C:\myData\IMG\right_2025_06_02_17_06_21_266.jpg,0,0,0,12.40249
C:\myData\IMG\center_2025_06_02_17_06_21_435.jpg,C:\myData\IMG\left_2025_06_02_17_06_21_435.jpg,C:\myData\IMG\right_2025_06_02_17_06_21_435.jpg,0,0,0,12.14994
C:\myData\IMG\center_2025_06_02_17_06_21_605.jpg,C:\myData\IMG\left_2025_06_02_17_06_21_605.jpg,C:\myData\IMG\right_2025_06_02_17_06_21_605.jpg,0,0,0,11.3835
C:\myData\IMG\center_2025_06_02_17_06_21_798.jpg,C:\myData\IMG\left_2025_06_02_17_06_21_798.jpg,C:\myData\IMG\right_2025_06_02_17_06_21_798.jpg,0,0,0,11.19484
C:\myData\IMG\center_2025_06_02_17_06_22_000.jpg,C:\myData\IMG\left_2025_06_02_17_06_22_000.jpg,C:\myData\IMG\right_2025_06_02_17_06_22_000.jpg,-0.5500001,0,0,11.2199
C:\myData\IMG\center_2025_06_02_17_06_22_140.jpg,C:\myData\IMG\left_2025_06_02_17_06_22_140.jpg,C:\myData\IMG\right_2025_06_02_17_06_22_140.jpg,0,0,0,10.94107
C:\myData\IMG\center_2025_06_02_17_06_22_289.jpg,C:\myData\IMG\left_2025_06_02_17_06_22_289.jpg,C:\myData\IMG\right_2025_06_02_17_06_22_289.jpg,0,0,0,10.76563
C:\myData\IMG\center_2025_06_02_17_06_22_461.jpg,C:\myData\IMG\left_2025_06_02_17_06_22_461.jpg,C:\myData\IMG\right_2025_06_02_17_06_22_461.jpg,0,0,0,10.57189
C:\myData\IMG\center_2025_06_02_17_06_22_577.jpg,C:\myData\IMG\left_2025_06_02_17_06_22_577.jpg,C:\myData\IMG\right_2025_06_02_17_06_22_577.jpg,0,0,0,10.46578
C:\myData\IMG\center_2025_06_02_17_06_22_766.jpg,C:\myData\IMG\left_2025_06_02_17_06_22_766.jpg,C:\myData\IMG\right_2025_06_02_17_06_22_766.jpg,0,0,0,10.25672
C:\myData\IMG\center_2025_06_02_17_06_22_967.jpg,C:\myData\IMG\left_2025_06_02_17_06_22_967.jpg,C:\myData\IMG\right_2025_06_02_17_06_22_967.jpg,0,0,0,10.05183
C:\myData\IMG\center_2025_06_02_17_06_23_176.jpg,C:\myData\IMG\left_2025_06_02_17_06_23_176.jpg,C:\myData\IMG\right_2025_06_02_17_06_23_176.jpg,0,0,0,9.851035
C:\myData\IMG\center_2025_06_02_17_06_23_334.jpg,C:\myData\IMG\left_2025_06_02_17_06_23_334.jpg,C:\myData\IMG\right_2025_06_02_17_06_23_334.jpg,0,0,0,9.693295
C:\myData\IMG\center_2025_06_02_17_06_23_517.jpg,C:\myData\IMG\left_2025_06_02_17_06_23_517.jpg,C:\myData\IMG\right_2025_06_02_17_06_23_517.jpg,0,0,0,9.518852
C:\myData\IMG\center_2025_06_02_17_06_23_704.jpg,C:\myData\IMG\left_2025_06_02_17_06_23_704.jpg,C:\myData\IMG\right_2025_06_02_17_06_23_704.jpg,0,0,0,9.328756
C:\myData\IMG\center_2025_06_02_17_06_23_885.jpg,C:\myData\IMG\left_2025_06_02_17_06_23_885.jpg,C:\myData\IMG\right_2025_06_02_17_06_23_885.jpg,0,0,0,9.160871
C:\myData\IMG\center_2025_06_02_17_06_24_073.jpg,C:\myData\IMG\left_2025_06_02_17_06_24_073.jpg,C:\myData\IMG\right_2025_06_02_17_06_24_073.jpg,0,0,0,8.996006
C:\myData\IMG\center_2025_06_02_17_06_24_288.jpg,C:\myData\IMG\left_2025_06_02_17_06_24_288.jpg,C:\myData\IMG\right_2025_06_02_17_06_24_288.jpg,0,0,0,8.798532
C:\myData\IMG\center_2025_06_02_17_06_24_465.jpg,C:\myData\IMG\left_2025_06_02_17_06_24_465.jpg,C:\myData\IMG\right_2025_06_02_17_06_24_465.jpg,0,0,0,8.64025
C:\myData\IMG\center_2025_06_02_17_06_24_726.jpg,C:\myData\IMG\left_2025_06_02_17_06_24_726.jpg,C:\myData\IMG\right_2025_06_02_17_06_24_726.jpg,0,0,0,8.416553
C:\myData\IMG\center_2025_06_02_17_06_24_874.jpg,C:\myData\IMG\left_2025_06_02_17_06_24_874.jpg,C:\myData\IMG\right_2025_06_02_17_06_24_874.jpg,-0.35,0,0,8.26535
C:\myData\IMG\center_2025_06_02_17_06_25_102.jpg,C:\myData\IMG\left_2025_06_02_17_06_25_102.jpg,C:\myData\IMG\right_2025_06_02_17_06_25_102.jpg,0,0,0,8.056012
C:\myData\IMG\center_2025_06_02_17_06_25_232.jpg,C:\myData\IMG\left_2025_06_02_17_06_25_232.jpg,C:\myData\IMG\right_2025_06_02_17_06_25_232.jpg,0,0,0,7.958933
C:\myData\IMG\center_2025_06_02_17_06_25_472.jpg,C:\myData\IMG\left_2025_06_02_17_06_25_472.jpg,C:\myData\IMG\right_2025_06_02_17_06_25_472.jpg,0,0,0,7.768241
C:\myData\IMG\center_2025_06_02_17_06_25_572.jpg,C:\myData\IMG\left_2025_06_02_17_06_25_572.jpg,C:\myData\IMG\right_2025_06_02_17_06_25_572.jpg,0,0,0,7.690603
C:\myData\IMG\center_2025_06_02_17_06_25_752.jpg,C:\myData\IMG\left_2025_06_02_17_06_25_752.jpg,C:\myData\IMG\right_2025_06_02_17_06_25_752.jpg,0,0,0,7.552806
C:\myData\IMG\center_2025_06_02_17_06_25_946.jpg,C:\myData\IMG\left_2025_06_02_17_06_25_946.jpg,C:\myData\IMG\right_2025_06_02_17_06_25_946.jpg,0,0,0,7.401806
C:\myData\IMG\center_2025_06_02_17_06_26_114.jpg,C:\myData\IMG\left_2025_06_02_17_06_26_114.jpg,C:\myData\IMG\right_2025_06_02_17_06_26_114.jpg,-0.4,0,0,7.244163
C:\myData\IMG\center_2025_06_02_17_06_26_301.jpg,C:\myData\IMG\left_2025_06_02_17_06_26_301.jpg,C:\myData\IMG\right_2025_06_02_17_06_26_301.jpg,-0.9000002,0,0,6.948977
C:\myData\IMG\center_2025_06_02_17_06_26_498.jpg,C:\myData\IMG\left_2025_06_02_17_06_26_498.jpg,C:\myData\IMG\right_2025_06_02_17_06_26_498.jpg,0,0,0,6.711037
C:\myData\IMG\center_2025_06_02_17_06_26_660.jpg,C:\myData\IMG\left_2025_06_02_17_06_26_660.jpg,C:\myData\IMG\right_2025_06_02_17_06_26_660.jpg,0,0,0,6.589588
C:\myData\IMG\center_2025_06_02_17_06_26_850.jpg,C:\myData\IMG\left_2025_06_02_17_06_26_850.jpg,C:\myData\IMG\right_2025_06_02_17_06_26_850.jpg,0,0,0,6.470434
C:\myData\IMG\center_2025_06_02_17_06_27_045.jpg,C:\myData\IMG\left_2025_06_02_17_06_27_045.jpg,C:\myData\IMG\right_2025_06_02_17_06_27_045.jpg,0,0,0,6.340548
C:\myData\IMG\center_2025_06_02_17_06_27_219.jpg,C:\myData\IMG\left_2025_06_02_17_06_27_219.jpg,C:\myData\IMG\right_2025_06_02_17_06_27_219.jpg,0,0,0,6.238508
C:\myData\IMG\center_2025_06_02_17_06_27_399.jpg,C:\myData\IMG\left_2025_06_02_17_06_27_399.jpg,C:\myData\IMG\right_2025_06_02_17_06_27_399.jpg,0,0,0,6.125667
C:\myData\IMG\center_2025_06_02_17_06_27_575.jpg,C:\myData\IMG\left_2025_06_02_17_06_27_575.jpg,C:\myData\IMG\right_2025_06_02_17_06_27_575.jpg,0,0,0,6.014853
C:\myData\IMG\center_2025_06_02_17_06_27_725.jpg,C:\myData\IMG\left_2025_06_02_17_06_27_725.jpg,C:\myData\IMG\right_2025_06_02_17_06_27_725.jpg,0,0,0,5.918226
C:\myData\IMG\center_2025_06_02_17_06_27_916.jpg,C:\myData\IMG\left_2025_06_02_17_06_27_916.jpg,C:\myData\IMG\right_2025_06_02_17_06_27_916.jpg,0,0,0,5.812901
C:\myData\IMG\center_2025_06_02_17_06_28_098.jpg,C:\myData\IMG\left_2025_06_02_17_06_28_098.jpg,C:\myData\IMG\right_2025_06_02_17_06_28_098.jpg,0,0,0,5.709943
C:\myData\IMG\center_2025_06_02_17_06_28_280.jpg,C:\myData\IMG\left_2025_06_02_17_06_28_280.jpg,C:\myData\IMG\right_2025_06_02_17_06_28_280.jpg,0,0,0,5.597704
C:\myData\IMG\center_2025_06_02_17_06_28_466.jpg,C:\myData\IMG\left_2025_06_02_17_06_28_466.jpg,C:\myData\IMG\right_2025_06_02_17_06_28_466.jpg,0,0.5534073,0,6.67252
C:\myData\IMG\center_2025_06_02_17_06_28_648.jpg,C:\myData\IMG\left_2025_06_02_17_06_28_648.jpg,C:\myData\IMG\right_2025_06_02_17_06_28_648.jpg,0,1,0,8.689377
C:\myData\IMG\center_2025_06_02_17_06_28_817.jpg,C:\myData\IMG\left_2025_06_02_17_06_28_817.jpg,C:\myData\IMG\right_2025_06_02_17_06_28_817.jpg,-0.4,0.4906204,0,9.488061
C:\myData\IMG\center_2025_06_02_17_06_28_991.jpg,C:\myData\IMG\left_2025_06_02_17_06_28_991.jpg,C:\myData\IMG\right_2025_06_02_17_06_28_991.jpg,-0.8500001,0,0,9.183726
C:\myData\IMG\center_2025_06_02_17_06_29_166.jpg,C:\myData\IMG\left_2025_06_02_17_06_29_166.jpg,C:\myData\IMG\right_2025_06_02_17_06_29_166.jpg,0,0,0,8.90493
C:\myData\IMG\center_2025_06_02_17_06_29_329.jpg,C:\myData\IMG\left_2025_06_02_17_06_29_329.jpg,C:\myData\IMG\right_2025_06_02_17_06_29_329.jpg,0,0,0,8.762062
C:\myData\IMG\center_2025_06_02_17_06_29_502.jpg,C:\myData\IMG\left_2025_06_02_17_06_29_502.jpg,C:\myData\IMG\right_2025_06_02_17_06_29_502.jpg,0,0,0,8.604525
C:\myData\IMG\center_2025_06_02_17_06_29_671.jpg,C:\myData\IMG\left_2025_06_02_17_06_29_671.jpg,C:\myData\IMG\right_2025_06_02_17_06_29_671.jpg,0,0,0,8.468807
C:\myData\IMG\center_2025_06_02_17_06_29_851.jpg,C:\myData\IMG\left_2025_06_02_17_06_29_851.jpg,C:\myData\IMG\right_2025_06_02_17_06_29_851.jpg,-0.45,0,0,8.259912
C:\myData\IMG\center_2025_06_02_17_06_30_018.jpg,C:\myData\IMG\left_2025_06_02_17_06_30_018.jpg,C:\myData\IMG\right_2025_06_02_17_06_30_018.jpg,0,0,0,8.105556
C:\myData\IMG\center_2025_06_02_17_06_30_188.jpg,C:\myData\IMG\left_2025_06_02_17_06_30_188.jpg,C:\myData\IMG\right_2025_06_02_17_06_30_188.jpg,0,0,0,7.959211
C:\myData\IMG\center_2025_06_02_17_06_30_355.jpg,C:\myData\IMG\left_2025_06_02_17_06_30_355.jpg,C:\myData\IMG\right_2025_06_02_17_06_30_355.jpg,0,0,0,7.831852
C:\myData\IMG\center_2025_06_02_17_06_30_533.jpg,C:\myData\IMG\left_2025_06_02_17_06_30_533.jpg,C:\myData\IMG\right_2025_06_02_17_06_30_533.jpg,0,0,0,7.692732
C:\myData\IMG\center_2025_06_02_17_06_30_706.jpg,C:\myData\IMG\left_2025_06_02_17_06_30_706.jpg,C:\myData\IMG\right_2025_06_02_17_06_30_706.jpg,-0.45,0,0,7.504138
C:\myData\IMG\center_2025_06_02_17_06_30_883.jpg,C:\myData\IMG\left_2025_06_02_17_06_30_883.jpg,C:\myData\IMG\right_2025_06_02_17_06_30_883.jpg,-0.9000002,0,0,7.225349
C:\myData\IMG\center_2025_06_02_17_06_31_035.jpg,C:\myData\IMG\left_2025_06_02_17_06_31_035.jpg,C:\myData\IMG\right_2025_06_02_17_06_31_035.jpg,-1,0,0,7.021565
C:\myData\IMG\center_2025_06_02_17_06_31_216.jpg,C:\myData\IMG\left_2025_06_02_17_06_31_216.jpg,C:\myData\IMG\right_2025_06_02_17_06_31_216.jpg,-1,0,0,6.847512
C:\myData\IMG\center_2025_06_02_17_06_31_384.jpg,C:\myData\IMG\left_2025_06_02_17_06_31_384.jpg,C:\myData\IMG\right_2025_06_02_17_06_31_384.jpg,-1,0,0,6.676635
C:\myData\IMG\center_2025_06_02_17_06_31_538.jpg,C:\myData\IMG\left_2025_06_02_17_06_31_538.jpg,C:\myData\IMG\right_2025_06_02_17_06_31_538.jpg,0,0,0,6.404809
C:\myData\IMG\center_2025_06_02_17_06_31_710.jpg,C:\myData\IMG\left_2025_06_02_17_06_31_710.jpg,C:\myData\IMG\right_2025_06_02_17_06_31_710.jpg,0,0,0,6.287578
C:\myData\IMG\center_2025_06_02_17_06_31_877.jpg,C:\myData\IMG\left_2025_06_02_17_06_31_877.jpg,C:\myData\IMG\right_2025_06_02_17_06_31_877.jpg,0,0,0,6.185748
C:\myData\IMG\center_2025_06_02_17_06_32_044.jpg,C:\myData\IMG\left_2025_06_02_17_06_32_044.jpg,C:\myData\IMG\right_2025_06_02_17_06_32_044.jpg,0,0,0,6.073085
C:\myData\IMG\center_2025_06_02_17_06_32_188.jpg,C:\myData\IMG\left_2025_06_02_17_06_32_188.jpg,C:\myData\IMG\right_2025_06_02_17_06_32_188.jpg,0,0,0,5.986831
C:\myData\IMG\center_2025_06_02_17_06_32_330.jpg,C:\myData\IMG\left_2025_06_02_17_06_32_330.jpg,C:\myData\IMG\right_2025_06_02_17_06_32_330.jpg,0,0,0,5.903741
C:\myData\IMG\center_2025_06_02_17_06_32_490.jpg,C:\myData\IMG\left_2025_06_02_17_06_32_490.jpg,C:\myData\IMG\right_2025_06_02_17_06_32_490.jpg,0,0,0,5.81088
C:\myData\IMG\center_2025_06_02_17_06_32_653.jpg,C:\myData\IMG\left_2025_06_02_17_06_32_653.jpg,C:\myData\IMG\right_2025_06_02_17_06_32_653.jpg,0,0,0,5.719504
C:\myData\IMG\center_2025_06_02_17_06_32_810.jpg,C:\myData\IMG\left_2025_06_02_17_06_32_810.jpg,C:\myData\IMG\right_2025_06_02_17_06_32_810.jpg,-0.4,0,0,5.597008
C:\myData\IMG\center_2025_06_02_17_06_32_964.jpg,C:\myData\IMG\left_2025_06_02_17_06_32_964.jpg,C:\myData\IMG\right_2025_06_02_17_06_32_964.jpg,-0.8000001,0,0,5.420434
C:\myData\IMG\center_2025_06_02_17_06_33_133.jpg,C:\myData\IMG\left_2025_06_02_17_06_33_133.jpg,C:\myData\IMG\right_2025_06_02_17_06_33_133.jpg,-1,0,0,5.227468
C:\myData\IMG\center_2025_06_02_17_06_33_293.jpg,C:\myData\IMG\left_2025_06_02_17_06_33_293.jpg,C:\myData\IMG\right_2025_06_02_17_06_33_293.jpg,-1,0,0,5.101357
C:\myData\IMG\center_2025_06_02_17_06_33_452.jpg,C:\myData\IMG\left_2025_06_02_17_06_33_452.jpg,C:\myData\IMG\right_2025_06_02_17_06_33_452.jpg,0,0,0,4.880978
C:\myData\IMG\center_2025_06_02_17_06_33_609.jpg,C:\myData\IMG\left_2025_06_02_17_06_33_609.jpg,C:\myData\IMG\right_2025_06_02_17_06_33_609.jpg,0,0,0,4.804205
C:\myData\IMG\center_2025_06_02_17_06_33_783.jpg,C:\myData\IMG\left_2025_06_02_17_06_33_783.jpg,C:\myData\IMG\right_2025_06_02_17_06_33_783.jpg,0,0,0,4.719349
C:\myData\IMG\center_2025_06_02_17_06_33_942.jpg,C:\myData\IMG\left_2025_06_02_17_06_33_942.jpg,C:\myData\IMG\right_2025_06_02_17_06_33_942.jpg,0,0,0,4.645174
C:\myData\IMG\center_2025_06_02_17_06_34_113.jpg,C:\myData\IMG\left_2025_06_02_17_06_34_113.jpg,C:\myData\IMG\right_2025_06_02_17_06_34_113.jpg,0,0,0,4.572165
C:\myData\IMG\center_2025_06_02_17_06_34_289.jpg,C:\myData\IMG\left_2025_06_02_17_06_34_289.jpg,C:\myData\IMG\right_2025_06_02_17_06_34_289.jpg,0,0,0,4.491398
C:\myData\IMG\center_2025_06_02_17_06_34_442.jpg,C:\myData\IMG\left_2025_06_02_17_06_34_442.jpg,C:\myData\IMG\right_2025_06_02_17_06_34_442.jpg,0,0.4666887,0,5.302696
C:\myData\IMG\center_2025_06_02_17_06_34_611.jpg,C:\myData\IMG\left_2025_06_02_17_06_34_611.jpg,C:\myData\IMG\right_2025_06_02_17_06_34_611.jpg,0,0.9680034,0,7.059261
C:\myData\IMG\center_2025_06_02_17_06_34_789.jpg,C:\myData\IMG\left_2025_06_02_17_06_34_789.jpg,C:\myData\IMG\right_2025_06_02_17_06_34_789.jpg,-0.45,0.4366374,0,7.864617
C:\myData\IMG\center_2025_06_02_17_06_34_960.jpg,C:\myData\IMG\left_2025_06_02_17_06_34_960.jpg,C:\myData\IMG\right_2025_06_02_17_06_34_960.jpg,-0.9000002,0,0,7.602534
C:\myData\IMG\center_2025_06_02_17_06_35_137.jpg,C:\myData\IMG\left_2025_06_02_17_06_35_137.jpg,C:\myData\IMG\right_2025_06_02_17_06_35_137.jpg,-1,0,0,7.363485
C:\myData\IMG\center_2025_06_02_17_06_35_344.jpg,C:\myData\IMG\left_2025_06_02_17_06_35_344.jpg,C:\myData\IMG\right_2025_06_02_17_06_35_344.jpg,0,0,0,7.017721
C:\myData\IMG\center_2025_06_02_17_06_35_511.jpg,C:\myData\IMG\left_2025_06_02_17_06_35_511.jpg,C:\myData\IMG\right_2025_06_02_17_06_35_511.jpg,0,0,0,6.907334
C:\myData\IMG\center_2025_06_02_17_06_35_663.jpg,C:\myData\IMG\left_2025_06_02_17_06_35_663.jpg,C:\myData\IMG\right_2025_06_02_17_06_35_663.jpg,0,0,0,6.797468
C:\myData\IMG\center_2025_06_02_17_06_35_839.jpg,C:\myData\IMG\left_2025_06_02_17_06_35_839.jpg,C:\myData\IMG\right_2025_06_02_17_06_35_839.jpg,0,0,0,6.688577
C:\myData\IMG\center_2025_06_02_17_06_36_012.jpg,C:\myData\IMG\left_2025_06_02_17_06_36_012.jpg,C:\myData\IMG\right_2025_06_02_17_06_36_012.jpg,-0.45,0,0,6.523442
C:\myData\IMG\center_2025_06_02_17_06_36_187.jpg,C:\myData\IMG\left_2025_06_02_17_06_36_187.jpg,C:\myData\IMG\right_2025_06_02_17_06_36_187.jpg,-0.9000002,0,0,6.281425
C:\myData\IMG\center_2025_06_02_17_06_36_368.jpg,C:\myData\IMG\left_2025_06_02_17_06_36_368.jpg,C:\myData\IMG\right_2025_06_02_17_06_36_368.jpg,-1,0,0,6.070461
C:\myData\IMG\center_2025_06_02_17_06_36_570.jpg,C:\myData\IMG\left_2025_06_02_17_06_36_570.jpg,C:\myData\IMG\right_2025_06_02_17_06_36_570.jpg,-1,0,0,5.902123
C:\myData\IMG\center_2025_06_02_17_06_36_749.jpg,C:\myData\IMG\left_2025_06_02_17_06_36_749.jpg,C:\myData\IMG\right_2025_06_02_17_06_36_749.jpg,-1,0,0,5.748387
C:\myData\IMG\center_2025_06_02_17_06_36_969.jpg,C:\myData\IMG\left_2025_06_02_17_06_36_969.jpg,C:\myData\IMG\right_2025_06_02_17_06_36_969.jpg,0,0,0,5.464242
C:\myData\IMG\center_2025_06_02_17_06_37_146.jpg,C:\myData\IMG\left_2025_06_02_17_06_37_146.jpg,C:\myData\IMG\right_2025_06_02_17_06_37_146.jpg,0,0,0,5.364016
C:\myData\IMG\center_2025_06_02_17_06_37_325.jpg,C:\myData\IMG\left_2025_06_02_17_06_37_325.jpg,C:\myData\IMG\right_2025_06_02_17_06_37_325.jpg,0,0,0,5.267001
C:\myData\IMG\center_2025_06_02_17_06_37_513.jpg,C:\myData\IMG\left_2025_06_02_17_06_37_513.jpg,C:\myData\IMG\right_2025_06_02_17_06_37_513.jpg,0,0,0,5.173554
C:\myData\IMG\center_2025_06_02_17_06_37_688.jpg,C:\myData\IMG\left_2025_06_02_17_06_37_688.jpg,C:\myData\IMG\right_2025_06_02_17_06_37_688.jpg,0,0,0,5.081695
C:\myData\IMG\center_2025_06_02_17_06_37_856.jpg,C:\myData\IMG\left_2025_06_02_17_06_37_856.jpg,C:\myData\IMG\right_2025_06_02_17_06_37_856.jpg,0,0,0,5.001381
C:\myData\IMG\center_2025_06_02_17_06_38_028.jpg,C:\myData\IMG\left_2025_06_02_17_06_38_028.jpg,C:\myData\IMG\right_2025_06_02_17_06_38_028.jpg,0,0.5214741,0,6.021693
C:\myData\IMG\center_2025_06_02_17_06_38_214.jpg,C:\myData\IMG\left_2025_06_02_17_06_38_214.jpg,C:\myData\IMG\right_2025_06_02_17_06_38_214.jpg,0,1,0,8.051744
C:\myData\IMG\center_2025_06_02_17_06_38_380.jpg,C:\myData\IMG\left_2025_06_02_17_06_38_380.jpg,C:\myData\IMG\right_2025_06_02_17_06_38_380.jpg,0,0.4950829,0,8.915046
C:\myData\IMG\center_2025_06_02_17_06_38_560.jpg,C:\myData\IMG\left_2025_06_02_17_06_38_560.jpg,C:\myData\IMG\right_2025_06_02_17_06_38_560.jpg,-0.5000001,0,0,8.701251
C:\myData\IMG\center_2025_06_02_17_06_38_734.jpg,C:\myData\IMG\left_2025_06_02_17_06_38_734.jpg,C:\myData\IMG\right_2025_06_02_17_06_38_734.jpg,0,0,0,8.533596
C:\myData\IMG\center_2025_06_02_17_06_38_906.jpg,C:\myData\IMG\left_2025_06_02_17_06_38_906.jpg,C:\myData\IMG\right_2025_06_02_17_06_38_906.jpg,0,0,0,8.381035
C:\myData\IMG\center_2025_06_02_17_06_39_094.jpg,C:\myData\IMG\left_2025_06_02_17_06_39_094.jpg,C:\myData\IMG\right_2025_06_02_17_06_39_094.jpg,0,0,0,8.231388
C:\myData\IMG\center_2025_06_02_17_06_39_265.jpg,C:\myData\IMG\left_2025_06_02_17_06_39_265.jpg,C:\myData\IMG\right_2025_06_02_17_06_39_265.jpg,0,0,0,8.084147
C:\myData\IMG\center_2025_06_02_17_06_39_429.jpg,C:\myData\IMG\left_2025_06_02_17_06_39_429.jpg,C:\myData\IMG\right_2025_06_02_17_06_39_429.jpg,0,0,0,7.955169
C:\myData\IMG\center_2025_06_02_17_06_39_589.jpg,C:\myData\IMG\left_2025_06_02_17_06_39_589.jpg,C:\myData\IMG\right_2025_06_02_17_06_39_589.jpg,0,0,0,7.827825
C:\myData\IMG\center_2025_06_02_17_06_39_757.jpg,C:\myData\IMG\left_2025_06_02_17_06_39_757.jpg,C:\myData\IMG\right_2025_06_02_17_06_39_757.jpg,-0.4,0,0,7.661718
C:\myData\IMG\center_2025_06_02_17_06_39_932.jpg,C:\myData\IMG\left_2025_06_02_17_06_39_932.jpg,C:\myData\IMG\right_2025_06_02_17_06_39_932.jpg,-0.8500001,0,0,7.387531
C:\myData\IMG\center_2025_06_02_17_06_40_102.jpg,C:\myData\IMG\left_2025_06_02_17_06_40_102.jpg,C:\myData\IMG\right_2025_06_02_17_06_40_102.jpg,0,0,0,7.151905
C:\myData\IMG\center_2025_06_02_17_06_40_273.jpg,C:\myData\IMG\left_2025_06_02_17_06_40_273.jpg,C:\myData\IMG\right_2025_06_02_17_06_40_273.jpg,0,0,0,7.037222
C:\myData\IMG\center_2025_06_02_17_06_40_440.jpg,C:\myData\IMG\left_2025_06_02_17_06_40_440.jpg,C:\myData\IMG\right_2025_06_02_17_06_40_440.jpg,0,0,0,6.910626
C:\myData\IMG\center_2025_06_02_17_06_40_609.jpg,C:\myData\IMG\left_2025_06_02_17_06_40_609.jpg,C:\myData\IMG\right_2025_06_02_17_06_40_609.jpg,0,0,0,6.800017
C:\myData\IMG\center_2025_06_02_17_06_40_781.jpg,C:\myData\IMG\left_2025_06_02_17_06_40_781.jpg,C:\myData\IMG\right_2025_06_02_17_06_40_781.jpg,0,0,0,6.677701
C:\myData\IMG\center_2025_06_02_17_06_40_951.jpg,C:\myData\IMG\left_2025_06_02_17_06_40_951.jpg,C:\myData\IMG\right_2025_06_02_17_06_40_951.jpg,0,0,0,6.570822
C:\myData\IMG\center_2025_06_02_17_06_41_134.jpg,C:\myData\IMG\left_2025_06_02_17_06_41_134.jpg,C:\myData\IMG\right_2025_06_02_17_06_41_134.jpg,-0.45,0,0,6.409224
C:\myData\IMG\center_2025_06_02_17_06_41_303.jpg,C:\myData\IMG\left_2025_06_02_17_06_41_303.jpg,C:\myData\IMG\right_2025_06_02_17_06_41_303.jpg,-0.9000002,0,0,6.172456
C:\myData\IMG\center_2025_06_02_17_06_41_479.jpg,C:\myData\IMG\left_2025_06_02_17_06_41_479.jpg,C:\myData\IMG\right_2025_06_02_17_06_41_479.jpg,0,0,0,5.968846
C:\myData\IMG\center_2025_06_02_17_06_41_652.jpg,C:\myData\IMG\left_2025_06_02_17_06_41_652.jpg,C:\myData\IMG\right_2025_06_02_17_06_41_652.jpg,0,0,0,5.861269
C:\myData\IMG\center_2025_06_02_17_06_41_818.jpg,C:\myData\IMG\left_2025_06_02_17_06_41_818.jpg,C:\myData\IMG\right_2025_06_02_17_06_41_818.jpg,0,0,0,5.767457
C:\myData\IMG\center_2025_06_02_17_06_41_995.jpg,C:\myData\IMG\left_2025_06_02_17_06_41_995.jpg,C:\myData\IMG\right_2025_06_02_17_06_41_995.jpg,0,0,0,5.663707
C:\myData\IMG\center_2025_06_02_17_06_42_176.jpg,C:\myData\IMG\left_2025_06_02_17_06_42_176.jpg,C:\myData\IMG\right_2025_06_02_17_06_42_176.jpg,0,0,0,5.561828
C:\myData\IMG\center_2025_06_02_17_06_42_354.jpg,C:\myData\IMG\left_2025_06_02_17_06_42_354.jpg,C:\myData\IMG\right_2025_06_02_17_06_42_354.jpg,0,0,0,5.461734
C:\myData\IMG\center_2025_06_02_17_06_42_523.jpg,C:\myData\IMG\left_2025_06_02_17_06_42_523.jpg,C:\myData\IMG\right_2025_06_02_17_06_42_523.jpg,-0.45,0,0,5.32744
C:\myData\IMG\center_2025_06_02_17_06_42_697.jpg,C:\myData\IMG\left_2025_06_02_17_06_42_697.jpg,C:\myData\IMG\right_2025_06_02_17_06_42_697.jpg,-0.8500001,0,0,5.156791
C:\myData\IMG\center_2025_06_02_17_06_42_870.jpg,C:\myData\IMG\left_2025_06_02_17_06_42_870.jpg,C:\myData\IMG\right_2025_06_02_17_06_42_870.jpg,0,0,0,4.983122
C:\myData\IMG\center_2025_06_02_17_06_43_039.jpg,C:\myData\IMG\left_2025_06_02_17_06_43_039.jpg,C:\myData\IMG\right_2025_06_02_17_06_43_039.jpg,0,0,0,4.903344
C:\myData\IMG\center_2025_06_02_17_06_43_240.jpg,C:\myData\IMG\left_2025_06_02_17_06_43_240.jpg,C:\myData\IMG\right_2025_06_02_17_06_43_240.jpg,0,0,0,4.805449
C:\myData\IMG\center_2025_06_02_17_06_43_423.jpg,C:\myData\IMG\left_2025_06_02_17_06_43_423.jpg,C:\myData\IMG\right_2025_06_02_17_06_43_423.jpg,0,0,0,4.709512
C:\myData\IMG\center_2025_06_02_17_06_43_602.jpg,C:\myData\IMG\left_2025_06_02_17_06_43_602.jpg,C:\myData\IMG\right_2025_06_02_17_06_43_602.jpg,0,0,0,4.624807
C:\myData\IMG\center_2025_06_02_17_06_43_782.jpg,C:\myData\IMG\left_2025_06_02_17_06_43_782.jpg,C:\myData\IMG\right_2025_06_02_17_06_43_782.jpg,0,0,0,4.541618
C:\myData\IMG\center_2025_06_02_17_06_43_969.jpg,C:\myData\IMG\left_2025_06_02_17_06_43_969.jpg,C:\myData\IMG\right_2025_06_02_17_06_43_969.jpg,-0.45,0,0,4.430111
C:\myData\IMG\center_2025_06_02_17_06_44_162.jpg,C:\myData\IMG\left_2025_06_02_17_06_44_162.jpg,C:\myData\IMG\right_2025_06_02_17_06_44_162.jpg,-0.9500002,0,0,4.245718
C:\myData\IMG\center_2025_06_02_17_06_44_350.jpg,C:\myData\IMG\left_2025_06_02_17_06_44_350.jpg,C:\myData\IMG\right_2025_06_02_17_06_44_350.jpg,-1,0,0,4.109643
C:\myData\IMG\center_2025_06_02_17_06_44_526.jpg,C:\myData\IMG\left_2025_06_02_17_06_44_526.jpg,C:\myData\IMG\right_2025_06_02_17_06_44_526.jpg,0,0,0,3.919262
C:\myData\IMG\center_2025_06_02_17_06_44_718.jpg,C:\myData\IMG\left_2025_06_02_17_06_44_718.jpg,C:\myData\IMG\right_2025_06_02_17_06_44_718.jpg,0,0,0,3.848755
C:\myData\IMG\center_2025_06_02_17_06_44_894.jpg,C:\myData\IMG\left_2025_06_02_17_06_44_894.jpg,C:\myData\IMG\right_2025_06_02_17_06_44_894.jpg,0,0,0,3.77953
C:\myData\IMG\center_2025_06_02_17_06_45_078.jpg,C:\myData\IMG\left_2025_06_02_17_06_45_078.jpg,C:\myData\IMG\right_2025_06_02_17_06_45_078.jpg,0,0,0,3.711552
C:\myData\IMG\center_2025_06_02_17_06_45_265.jpg,C:\myData\IMG\left_2025_06_02_17_06_45_265.jpg,C:\myData\IMG\right_2025_06_02_17_06_45_265.jpg,0,0,0,3.637453
C:\myData\IMG\center_2025_06_02_17_06_45_462.jpg,C:\myData\IMG\left_2025_06_02_17_06_45_462.jpg,C:\myData\IMG\right_2025_06_02_17_06_45_462.jpg,0,0.5903079,0,4.967066
C:\myData\IMG\center_2025_06_02_17_06_45_651.jpg,C:\myData\IMG\left_2025_06_02_17_06_45_651.jpg,C:\myData\IMG\right_2025_06_02_17_06_45_651.jpg,0,1,0,7.02106
C:\myData\IMG\center_2025_06_02_17_06_45_840.jpg,C:\myData\IMG\left_2025_06_02_17_06_45_840.jpg,C:\myData\IMG\right_2025_06_02_17_06_45_840.jpg,0,1,0,9.058729
C:\myData\IMG\center_2025_06_02_17_06_46_034.jpg,C:\myData\IMG\left_2025_06_02_17_06_46_034.jpg,C:\myData\IMG\right_2025_06_02_17_06_46_034.jpg,0,1,0,11.28089
C:\myData\IMG\center_2025_06_02_17_06_46_213.jpg,C:\myData\IMG\left_2025_06_02_17_06_46_213.jpg,C:\myData\IMG\right_2025_06_02_17_06_46_213.jpg,0,1,0,13.12407
C:\myData\IMG\center_2025_06_02_17_06_46_496.jpg,C:\myData\IMG\left_2025_06_02_17_06_46_496.jpg,C:\myData\IMG\right_2025_06_02_17_06_46_496.jpg,0,1,0,15.44181
C:\myData\IMG\center_2025_06_02_17_06_46_691.jpg,C:\myData\IMG\left_2025_06_02_17_06_46_691.jpg,C:\myData\IMG\right_2025_06_02_17_06_46_691.jpg,0,0.4365934,0,16.15507
C:\myData\IMG\center_2025_06_02_17_06_46_881.jpg,C:\myData\IMG\left_2025_06_02_17_06_46_881.jpg,C:\myData\IMG\right_2025_06_02_17_06_46_881.jpg,0,1,0,18.06841
C:\myData\IMG\center_2025_06_02_17_06_46_987.jpg,C:\myData\IMG\left_2025_06_02_17_06_46_987.jpg,C:\myData\IMG\right_2025_06_02_17_06_46_987.jpg,0,0.4250329,0,18.84749
C:\myData\IMG\center_2025_06_02_17_06_47_177.jpg,C:\myData\IMG\left_2025_06_02_17_06_47_177.jpg,C:\myData\IMG\right_2025_06_02_17_06_47_177.jpg,0,0,0,18.23765
C:\myData\IMG\center_2025_06_02_17_06_47_366.jpg,C:\myData\IMG\left_2025_06_02_17_06_47_366.jpg,C:\myData\IMG\right_2025_06_02_17_06_47_366.jpg,0,0,0,17.78658
C:\myData\IMG\center_2025_06_02_17_06_47_565.jpg,C:\myData\IMG\left_2025_06_02_17_06_47_565.jpg,C:\myData\IMG\right_2025_06_02_17_06_47_565.jpg,0,0,0,17.41173
C:\myData\IMG\center_2025_06_02_17_06_47_767.jpg,C:\myData\IMG\left_2025_06_02_17_06_47_767.jpg,C:\myData\IMG\right_2025_06_02_17_06_47_767.jpg,-0.5000001,0,0,16.95791
C:\myData\IMG\center_2025_06_02_17_06_48_049.jpg,C:\myData\IMG\left_2025_06_02_17_06_48_049.jpg,C:\myData\IMG\right_2025_06_02_17_06_48_049.jpg,0,0,0,16.54906
C:\myData\IMG\center_2025_06_02_17_06_48_245.jpg,C:\myData\IMG\left_2025_06_02_17_06_48_245.jpg,C:\myData\IMG\right_2025_06_02_17_06_48_245.jpg,0,0,0,16.78304
C:\myData\IMG\center_2025_06_02_17_06_48_445.jpg,C:\myData\IMG\left_2025_06_02_17_06_48_445.jpg,C:\myData\IMG\right_2025_06_02_17_06_48_445.jpg,0,0,0,16.45541
C:\myData\IMG\center_2025_06_02_17_06_48_655.jpg,C:\myData\IMG\left_2025_06_02_17_06_48_655.jpg,C:\myData\IMG\right_2025_06_02_17_06_48_655.jpg,0,0,0,15.57454
C:\myData\IMG\center_2025_06_02_17_06_48_851.jpg,C:\myData\IMG\left_2025_06_02_17_06_48_851.jpg,C:\myData\IMG\right_2025_06_02_17_06_48_851.jpg,0,0,0,15.27616
C:\myData\IMG\center_2025_06_02_17_06_49_051.jpg,C:\myData\IMG\left_2025_06_02_17_06_49_051.jpg,C:\myData\IMG\right_2025_06_02_17_06_49_051.jpg,0,0,0,15.52243
C:\myData\IMG\center_2025_06_02_17_06_49_264.jpg,C:\myData\IMG\left_2025_06_02_17_06_49_264.jpg,C:\myData\IMG\right_2025_06_02_17_06_49_264.jpg,0,0,0,14.67245
C:\myData\IMG\center_2025_06_02_17_06_49_464.jpg,C:\myData\IMG\left_2025_06_02_17_06_49_464.jpg,C:\myData\IMG\right_2025_06_02_17_06_49_464.jpg,0,0,0,14.37852
C:\myData\IMG\center_2025_06_02_17_06_49_685.jpg,C:\myData\IMG\left_2025_06_02_17_06_49_685.jpg,C:\myData\IMG\right_2025_06_02_17_06_49_685.jpg,0,0,0,14.08985
C:\myData\IMG\center_2025_06_02_17_06_49_914.jpg,C:\myData\IMG\left_2025_06_02_17_06_49_914.jpg,C:\myData\IMG\right_2025_06_02_17_06_49_914.jpg,0,0,0,14.26835
C:\myData\IMG\center_2025_06_02_17_06_50_133.jpg,C:\myData\IMG\left_2025_06_02_17_06_50_133.jpg,C:\myData\IMG\right_2025_06_02_17_06_50_133.jpg,0,0,0,13.92469
C:\myData\IMG\center_2025_06_02_17_06_50_342.jpg,C:\myData\IMG\left_2025_06_02_17_06_50_342.jpg,C:\myData\IMG\right_2025_06_02_17_06_50_342.jpg,0,0,0,13.0274
C:\myData\IMG\center_2025_06_02_17_06_50_599.jpg,C:\myData\IMG\left_2025_06_02_17_06_50_599.jpg,C:\myData\IMG\right_2025_06_02_17_06_50_599.jpg,0,0,0,12.79668
C:\myData\IMG\center_2025_06_02_17_06_50_811.jpg,C:\myData\IMG\left_2025_06_02_17_06_50_811.jpg,C:\myData\IMG\right_2025_06_02_17_06_50_811.jpg,0,0,0,12.45358
C:\myData\IMG\center_2025_06_02_17_06_51_031.jpg,C:\myData\IMG\left_2025_06_02_17_06_51_031.jpg,C:\myData\IMG\right_2025_06_02_17_06_51_031.jpg,0,0,0,12.11381
C:\myData\IMG\center_2025_06_02_17_06_51_263.jpg,C:\myData\IMG\left_2025_06_02_17_06_51_263.jpg,C:\myData\IMG\right_2025_06_02_17_06_51_263.jpg,0,0,0,12.38743
C:\myData\IMG\center_2025_06_02_17_06_51_489.jpg,C:\myData\IMG\left_2025_06_02_17_06_51_489.jpg,C:\myData\IMG\right_2025_06_02_17_06_51_489.jpg,0,0,0,11.568
C:\myData\IMG\center_2025_06_02_17_06_51_721.jpg,C:\myData\IMG\left_2025_06_02_17_06_51_721.jpg,C:\myData\IMG\right_2025_06_02_17_06_51_721.jpg,0,0,0,11.28261
C:\myData\IMG\center_2025_06_02_17_06_51_957.jpg,C:\myData\IMG\left_2025_06_02_17_06_51_957.jpg,C:\myData\IMG\right_2025_06_02_17_06_51_957.jpg,0,0,0,11.52152
C:\myData\IMG\center_2025_06_02_17_06_52_192.jpg,C:\myData\IMG\left_2025_06_02_17_06_52_192.jpg,C:\myData\IMG\right_2025_06_02_17_06_52_192.jpg,0,0,0,11.10525
C:\myData\IMG\center_2025_06_02_17_06_52_320.jpg,C:\myData\IMG\left_2025_06_02_17_06_52_320.jpg,C:\myData\IMG\right_2025_06_02_17_06_52_320.jpg,0.5500001,0,0,10.74981
C:\myData\IMG\center_2025_06_02_17_06_52_541.jpg,C:\myData\IMG\left_2025_06_02_17_06_52_541.jpg,C:\myData\IMG\right_2025_06_02_17_06_52_541.jpg,0,0,0,10.45227
C:\myData\IMG\center_2025_06_02_17_06_52_742.jpg,C:\myData\IMG\left_2025_06_02_17_06_52_742.jpg,C:\myData\IMG\right_2025_06_02_17_06_52_742.jpg,0,0,0,10.24289
C:\myData\IMG\center_2025_06_02_17_06_52_962.jpg,C:\myData\IMG\left_2025_06_02_17_06_52_962.jpg,C:\myData\IMG\right_2025_06_02_17_06_52_962.jpg,0,0,0,10.0174
C:\myData\IMG\center_2025_06_02_17_06_53_193.jpg,C:\myData\IMG\left_2025_06_02_17_06_53_193.jpg,C:\myData\IMG\right_2025_06_02_17_06_53_193.jpg,0,0,0,9.797045
C:\myData\IMG\center_2025_06_02_17_06_53_412.jpg,C:\myData\IMG\left_2025_06_02_17_06_53_412.jpg,C:\myData\IMG\right_2025_06_02_17_06_53_412.jpg,0,0,0,9.581779
C:\myData\IMG\center_2025_06_02_17_06_53_634.jpg,C:\myData\IMG\left_2025_06_02_17_06_53_634.jpg,C:\myData\IMG\right_2025_06_02_17_06_53_634.jpg,0,0,0,9.371238
C:\myData\IMG\center_2025_06_02_17_06_53_849.jpg,C:\myData\IMG\left_2025_06_02_17_06_53_849.jpg,C:\myData\IMG\right_2025_06_02_17_06_53_849.jpg,0,0,0,9.165321
C:\myData\IMG\center_2025_06_02_17_06_54_065.jpg,C:\myData\IMG\left_2025_06_02_17_06_54_065.jpg,C:\myData\IMG\right_2025_06_02_17_06_54_065.jpg,0,0,0,8.964161
C:\myData\IMG\center_2025_06_02_17_06_54_287.jpg,C:\myData\IMG\left_2025_06_02_17_06_54_287.jpg,C:\myData\IMG\right_2025_06_02_17_06_54_287.jpg,0,0,0,8.767895
C:\myData\IMG\center_2025_06_02_17_06_54_493.jpg,C:\myData\IMG\left_2025_06_02_17_06_54_493.jpg,C:\myData\IMG\right_2025_06_02_17_06_54_493.jpg,0,0,0,8.593196
C:\myData\IMG\center_2025_06_02_17_06_54_684.jpg,C:\myData\IMG\left_2025_06_02_17_06_54_684.jpg,C:\myData\IMG\right_2025_06_02_17_06_54_684.jpg,0.5000001,0,0,8.348721
C:\myData\IMG\center_2025_06_02_17_06_54_906.jpg,C:\myData\IMG\left_2025_06_02_17_06_54_906.jpg,C:\myData\IMG\right_2025_06_02_17_06_54_906.jpg,0,0,0,8.136865
C:\myData\IMG\center_2025_06_02_17_06_55_124.jpg,C:\myData\IMG\left_2025_06_02_17_06_55_124.jpg,C:\myData\IMG\right_2025_06_02_17_06_55_124.jpg,0,0,0,7.958126
C:\myData\IMG\center_2025_06_02_17_06_55_323.jpg,C:\myData\IMG\left_2025_06_02_17_06_55_323.jpg,C:\myData\IMG\right_2025_06_02_17_06_55_323.jpg,0,0,0,7.799034
C:\myData\IMG\center_2025_06_02_17_06_55_559.jpg,C:\myData\IMG\left_2025_06_02_17_06_55_559.jpg,C:\myData\IMG\right_2025_06_02_17_06_55_559.jpg,0,0,0,7.627701
C:\myData\IMG\center_2025_06_02_17_06_55_772.jpg,C:\myData\IMG\left_2025_06_02_17_06_55_772.jpg,C:\myData\IMG\right_2025_06_02_17_06_55_772.jpg,0,0,0,7.460255
C:\myData\IMG\center_2025_06_02_17_06_55_977.jpg,C:\myData\IMG\left_2025_06_02_17_06_55_977.jpg,C:\myData\IMG\right_2025_06_02_17_06_55_977.jpg,0,0,0,7.311887
C:\myData\IMG\center_2025_06_02_17_06_56_209.jpg,C:\myData\IMG\left_2025_06_02_17_06_56_209.jpg,C:\myData\IMG\right_2025_06_02_17_06_56_209.jpg,0,0,0,7.137733
C:\myData\IMG\center_2025_06_02_17_06_56_433.jpg,C:\myData\IMG\left_2025_06_02_17_06_56_433.jpg,C:\myData\IMG\right_2025_06_02_17_06_56_433.jpg,0,0,0,6.981743
C:\myData\IMG\center_2025_06_02_17_06_56_654.jpg,C:\myData\IMG\left_2025_06_02_17_06_56_654.jpg,C:\myData\IMG\right_2025_06_02_17_06_56_654.jpg,0,0,0,6.829214
C:\myData\IMG\center_2025_06_02_17_06_56_883.jpg,C:\myData\IMG\left_2025_06_02_17_06_56_883.jpg,C:\myData\IMG\right_2025_06_02_17_06_56_883.jpg,0,0,0,6.667293
C:\myData\IMG\center_2025_06_02_17_06_57_110.jpg,C:\myData\IMG\left_2025_06_02_17_06_57_110.jpg,C:\myData\IMG\right_2025_06_02_17_06_57_110.jpg,0,0,0,6.522291
C:\myData\IMG\center_2025_06_02_17_06_57_297.jpg,C:\myData\IMG\left_2025_06_02_17_06_57_297.jpg,C:\myData\IMG\right_2025_06_02_17_06_57_297.jpg,0,0,0,6.40602
C:\myData\IMG\center_2025_06_02_17_06_57_550.jpg,C:\myData\IMG\left_2025_06_02_17_06_57_550.jpg,C:\myData\IMG\right_2025_06_02_17_06_57_550.jpg,0,0,0,6.24176
C:\myData\IMG\center_2025_06_02_17_06_57_786.jpg,C:\myData\IMG\left_2025_06_02_17_06_57_786.jpg,C:\myData\IMG\right_2025_06_02_17_06_57_786.jpg,0,0,0,6.094138
C:\myData\IMG\center_2025_06_02_17_06_58_018.jpg,C:\myData\IMG\left_2025_06_02_17_06_58_018.jpg,C:\myData\IMG\right_2025_06_02_17_06_58_018.jpg,0,0,0,5.962725
C:\myData\IMG\center_2025_06_02_17_06_58_250.jpg,C:\myData\IMG\left_2025_06_02_17_06_58_250.jpg,C:\myData\IMG\right_2025_06_02_17_06_58_250.jpg,0.6000001,0,0,5.749891
C:\myData\IMG\center_2025_06_02_17_06_58_492.jpg,C:\myData\IMG\left_2025_06_02_17_06_58_492.jpg,C:\myData\IMG\right_2025_06_02_17_06_58_492.jpg,0,0,0,5.576633
C:\myData\IMG\center_2025_06_02_17_06_58_724.jpg,C:\myData\IMG\left_2025_06_02_17_06_58_724.jpg,C:\myData\IMG\right_2025_06_02_17_06_58_724.jpg,0,0,0,5.444559
C:\myData\IMG\center_2025_06_02_17_06_58_983.jpg,C:\myData\IMG\left_2025_06_02_17_06_58_983.jpg,C:\myData\IMG\right_2025_06_02_17_06_58_983.jpg,0,0,0,5.305491
C:\myData\IMG\center_2025_06_02_17_06_59_223.jpg,C:\myData\IMG\left_2025_06_02_17_06_59_223.jpg,C:\myData\IMG\right_2025_06_02_17_06_59_223.jpg,0,0,0,5.180789
C:\myData\IMG\center_2025_06_02_17_06_59_432.jpg,C:\myData\IMG\left_2025_06_02_17_06_59_432.jpg,C:\myData\IMG\right_2025_06_02_17_06_59_432.jpg,0,0,0,5.079154
C:\myData\IMG\center_2025_06_02_17_06_59_615.jpg,C:\myData\IMG\left_2025_06_02_17_06_59_615.jpg,C:\myData\IMG\right_2025_06_02_17_06_59_615.jpg,0,0,0,4.989413
C:\myData\IMG\center_2025_06_02_17_06_59_857.jpg,C:\myData\IMG\left_2025_06_02_17_06_59_857.jpg,C:\myData\IMG\right_2025_06_02_17_06_59_857.jpg,0,0,0,4.872257
C:\myData\IMG\center_2025_06_02_17_07_00_106.jpg,C:\myData\IMG\left_2025_06_02_17_07_00_106.jpg,C:\myData\IMG\right_2025_06_02_17_07_00_106.jpg,0,0,0,4.757905
C:\myData\IMG\center_2025_06_02_17_07_00_336.jpg,C:\myData\IMG\left_2025_06_02_17_07_00_336.jpg,C:\myData\IMG\right_2025_06_02_17_07_00_336.jpg,0,0,0,4.647377
C:\myData\IMG\center_2025_06_02_17_07_00_585.jpg,C:\myData\IMG\left_2025_06_02_17_07_00_585.jpg,C:\myData\IMG\right_2025_06_02_17_07_00_585.jpg,0,0,0,4.530919
C:\myData\IMG\center_2025_06_02_17_07_00_838.jpg,C:\myData\IMG\left_2025_06_02_17_07_00_838.jpg,C:\myData\IMG\right_2025_06_02_17_07_00_838.jpg,0,0,0,4.426087
C:\myData\IMG\center_2025_06_02_17_07_01_082.jpg,C:\myData\IMG\left_2025_06_02_17_07_01_082.jpg,C:\myData\IMG\right_2025_06_02_17_07_01_082.jpg,0,0,0,4.315327
C:\myData\IMG\center_2025_06_02_17_07_01_310.jpg,C:\myData\IMG\left_2025_06_02_17_07_01_310.jpg,C:\myData\IMG\right_2025_06_02_17_07_01_310.jpg,0,0,0,4.223839
C:\myData\IMG\center_2025_06_02_17_07_01_560.jpg,C:\myData\IMG\left_2025_06_02_17_07_01_560.jpg,C:\myData\IMG\right_2025_06_02_17_07_01_560.jpg,0,0,0,4.118293
C:\myData\IMG\center_2025_06_02_17_07_01_790.jpg,C:\myData\IMG\left_2025_06_02_17_07_01_790.jpg,C:\myData\IMG\right_2025_06_02_17_07_01_790.jpg,0,0,0,4.031009
C:\myData\IMG\center_2025_06_02_17_07_02_045.jpg,C:\myData\IMG\left_2025_06_02_17_07_02_045.jpg,C:\myData\IMG\right_2025_06_02_17_07_02_045.jpg,0.6500001,0,0,3.875055
C:\myData\IMG\center_2025_06_02_17_07_02_266.jpg,C:\myData\IMG\left_2025_06_02_17_07_02_266.jpg,C:\myData\IMG\right_2025_06_02_17_07_02_266.jpg,0,0,0,3.758045
C:\myData\IMG\center_2025_06_02_17_07_02_497.jpg,C:\myData\IMG\left_2025_06_02_17_07_02_497.jpg,C:\myData\IMG\right_2025_06_02_17_07_02_497.jpg,0,0,0,3.677847
C:\myData\IMG\center_2025_06_02_17_07_02_740.jpg,C:\myData\IMG\left_2025_06_02_17_07_02_740.jpg,C:\myData\IMG\right_2025_06_02_17_07_02_740.jpg,0,0,0,3.591523
C:\myData\IMG\center_2025_06_02_17_07_02_977.jpg,C:\myData\IMG\left_2025_06_02_17_07_02_977.jpg,C:\myData\IMG\right_2025_06_02_17_07_02_977.jpg,0,0,0,3.507199
C:\myData\IMG\center_2025_06_02_17_07_03_209.jpg,C:\myData\IMG\left_2025_06_02_17_07_03_209.jpg,C:\myData\IMG\right_2025_06_02_17_07_03_209.jpg,0,0,0,3.425108
C:\myData\IMG\center_2025_06_02_17_07_03_435.jpg,C:\myData\IMG\left_2025_06_02_17_07_03_435.jpg,C:\myData\IMG\right_2025_06_02_17_07_03_435.jpg,0,0,0,3.351536
C:\myData\IMG\center_2025_06_02_17_07_03_653.jpg,C:\myData\IMG\left_2025_06_02_17_07_03_653.jpg,C:\myData\IMG\right_2025_06_02_17_07_03_653.jpg,0,0,0,3.279424
C:\myData\IMG\center_2025_06_02_17_07_03_870.jpg,C:\myData\IMG\left_2025_06_02_17_07_03_870.jpg,C:\myData\IMG\right_2025_06_02_17_07_03_870.jpg,0,0,0,3.208441
C:\myData\IMG\center_2025_06_02_17_07_04_105.jpg,C:\myData\IMG\left_2025_06_02_17_07_04_105.jpg,C:\myData\IMG\right_2025_06_02_17_07_04_105.jpg,0,0,0,3.132379
C:\myData\IMG\center_2025_06_02_17_07_04_329.jpg,C:\myData\IMG\left_2025_06_02_17_07_04_329.jpg,C:\myData\IMG\right_2025_06_02_17_07_04_329.jpg,0,0,0,3.064252
C:\myData\IMG\center_2025_06_02_17_07_04_569.jpg,C:\myData\IMG\left_2025_06_02_17_07_04_569.jpg,C:\myData\IMG\right_2025_06_02_17_07_04_569.jpg,0,0,0,2.991172
C:\myData\IMG\center_2025_06_02_17_07_04_793.jpg,C:\myData\IMG\left_2025_06_02_17_07_04_793.jpg,C:\myData\IMG\right_2025_06_02_17_07_04_793.jpg,0,0,0,2.925509
C:\myData\IMG\center_2025_06_02_17_07_05_014.jpg,C:\myData\IMG\left_2025_06_02_17_07_05_014.jpg,C:\myData\IMG\right_2025_06_02_17_07_05_014.jpg,0,0,0,2.861288
C:\myData\IMG\center_2025_06_02_17_07_05_250.jpg,C:\myData\IMG\left_2025_06_02_17_07_05_250.jpg,C:\myData\IMG\right_2025_06_02_17_07_05_250.jpg,0,0,0,2.792981
C:\myData\IMG\center_2025_06_02_17_07_05_471.jpg,C:\myData\IMG\left_2025_06_02_17_07_05_471.jpg,C:\myData\IMG\right_2025_06_02_17_07_05_471.jpg,0.5500001,0,0,2.705803
C:\myData\IMG\center_2025_06_02_17_07_05_691.jpg,C:\myData\IMG\left_2025_06_02_17_07_05_691.jpg,C:\myData\IMG\right_2025_06_02_17_07_05_691.jpg,1,0,0,2.574717
C:\myData\IMG\center_2025_06_02_17_07_05_899.jpg,C:\myData\IMG\left_2025_06_02_17_07_05_899.jpg,C:\myData\IMG\right_2025_06_02_17_07_05_899.jpg,0,0,0,2.451015
C:\myData\IMG\center_2025_06_02_17_07_06_125.jpg,C:\myData\IMG\left_2025_06_02_17_07_06_125.jpg,C:\myData\IMG\right_2025_06_02_17_07_06_125.jpg,0,0,0,2.39238
C:\myData\IMG\center_2025_06_02_17_07_06_353.jpg,C:\myData\IMG\left_2025_06_02_17_07_06_353.jpg,C:\myData\IMG\right_2025_06_02_17_07_06_353.jpg,0,0,0,2.339865
C:\myData\IMG\center_2025_06_02_17_07_06_562.jpg,C:\myData\IMG\left_2025_06_02_17_07_06_562.jpg,C:\myData\IMG\right_2025_06_02_17_07_06_562.jpg,0,0,0,2.288503
C:\myData\IMG\center_2025_06_02_17_07_06_770.jpg,C:\myData\IMG\left_2025_06_02_17_07_06_770.jpg,C:\myData\IMG\right_2025_06_02_17_07_06_770.jpg,0,0,0,2.242788
C:\myData\IMG\center_2025_06_02_17_07_06_998.jpg,C:\myData\IMG\left_2025_06_02_17_07_06_998.jpg,C:\myData\IMG\right_2025_06_02_17_07_06_998.jpg,0,0,0,2.193556
C:\myData\IMG\center_2025_06_02_17_07_07_204.jpg,C:\myData\IMG\left_2025_06_02_17_07_07_204.jpg,C:\myData\IMG\right_2025_06_02_17_07_07_204.jpg,0,0,0,2.145405
C:\myData\IMG\center_2025_06_02_17_07_07_400.jpg,C:\myData\IMG\left_2025_06_02_17_07_07_400.jpg,C:\myData\IMG\right_2025_06_02_17_07_07_400.jpg,0,0,0,2.102874
C:\myData\IMG\center_2025_06_02_17_07_07_622.jpg,C:\myData\IMG\left_2025_06_02_17_07_07_622.jpg,C:\myData\IMG\right_2025_06_02_17_07_07_622.jpg,0,0,0,2.057109
C:\myData\IMG\center_2025_06_02_17_07_07_835.jpg,C:\myData\IMG\left_2025_06_02_17_07_07_835.jpg,C:\myData\IMG\right_2025_06_02_17_07_07_835.jpg,0,0,0,2.016116
C:\myData\IMG\center_2025_06_02_17_07_08_041.jpg,C:\myData\IMG\left_2025_06_02_17_07_08_041.jpg,C:\myData\IMG\right_2025_06_02_17_07_08_041.jpg,0,0,0,1.975832
C:\myData\IMG\center_2025_06_02_17_07_08_254.jpg,C:\myData\IMG\left_2025_06_02_17_07_08_254.jpg,C:\myData\IMG\right_2025_06_02_17_07_08_254.jpg,0.5500001,0,0,1.914225
C:\myData\IMG\center_2025_06_02_17_07_08_459.jpg,C:\myData\IMG\left_2025_06_02_17_07_08_459.jpg,C:\myData\IMG\right_2025_06_02_17_07_08_459.jpg,1,0,0,1.827187
C:\myData\IMG\center_2025_06_02_17_07_08_681.jpg,C:\myData\IMG\left_2025_06_02_17_07_08_681.jpg,C:\myData\IMG\right_2025_06_02_17_07_08_681.jpg,1,0,0,1.749336
C:\myData\IMG\center_2025_06_02_17_07_08_876.jpg,C:\myData\IMG\left_2025_06_02_17_07_08_876.jpg,C:\myData\IMG\right_2025_06_02_17_07_08_876.jpg,1,0,0,1.693591
C:\myData\IMG\center_2025_06_02_17_07_09_094.jpg,C:\myData\IMG\left_2025_06_02_17_07_09_094.jpg,C:\myData\IMG\right_2025_06_02_17_07_09_094.jpg,0,0,0,1.607171
C:\myData\IMG\center_2025_06_02_17_07_09_284.jpg,C:\myData\IMG\left_2025_06_02_17_07_09_284.jpg,C:\myData\IMG\right_2025_06_02_17_07_09_284.jpg,0,0,0,1.575055
C:\myData\IMG\center_2025_06_02_17_07_09_505.jpg,C:\myData\IMG\left_2025_06_02_17_07_09_505.jpg,C:\myData\IMG\right_2025_06_02_17_07_09_505.jpg,0,0,0,1.54047
C:\myData\IMG\center_2025_06_02_17_07_09_717.jpg,C:\myData\IMG\left_2025_06_02_17_07_09_717.jpg,C:\myData\IMG\right_2025_06_02_17_07_09_717.jpg,0,0,0,1.509687
C:\myData\IMG\center_2025_06_02_17_07_09_909.jpg,C:\myData\IMG\left_2025_06_02_17_07_09_909.jpg,C:\myData\IMG\right_2025_06_02_17_07_09_909.jpg,0,0.5739438,0,2.858871
C:\myData\IMG\center_2025_06_02_17_07_10_127.jpg,C:\myData\IMG\left_2025_06_02_17_07_10_127.jpg,C:\myData\IMG\right_2025_06_02_17_07_10_127.jpg,0,1,0,5.414216
C:\myData\IMG\center_2025_06_02_17_07_10_334.jpg,C:\myData\IMG\left_2025_06_02_17_07_10_334.jpg,C:\myData\IMG\right_2025_06_02_17_07_10_334.jpg,0,1,0,7.707234
C:\myData\IMG\center_2025_06_02_17_07_10_531.jpg,C:\myData\IMG\left_2025_06_02_17_07_10_531.jpg,C:\myData\IMG\right_2025_06_02_17_07_10_531.jpg,0,0.4111393,0,8.583762
C:\myData\IMG\center_2025_06_02_17_07_10_713.jpg,C:\myData\IMG\left_2025_06_02_17_07_10_713.jpg,C:\myData\IMG\right_2025_06_02_17_07_10_713.jpg,0,0,0,8.458201
C:\myData\IMG\center_2025_06_02_17_07_10_923.jpg,C:\myData\IMG\left_2025_06_02_17_07_10_923.jpg,C:\myData\IMG\right_2025_06_02_17_07_10_923.jpg,0,0,0,8.272806
C:\myData\IMG\center_2025_06_02_17_07_11_135.jpg,C:\myData\IMG\left_2025_06_02_17_07_11_135.jpg,C:\myData\IMG\right_2025_06_02_17_07_11_135.jpg,0,0,0,8.107543
C:\myData\IMG\center_2025_06_02_17_07_11_346.jpg,C:\myData\IMG\left_2025_06_02_17_07_11_346.jpg,C:\myData\IMG\right_2025_06_02_17_07_11_346.jpg,0.5500001,0,0,7.850458
C:\myData\IMG\center_2025_06_02_17_07_11_584.jpg,C:\myData\IMG\left_2025_06_02_17_07_11_584.jpg,C:\myData\IMG\right_2025_06_02_17_07_11_584.jpg,1,0,0,7.444866
C:\myData\IMG\center_2025_06_02_17_07_11_771.jpg,C:\myData\IMG\left_2025_06_02_17_07_11_771.jpg,C:\myData\IMG\right_2025_06_02_17_07_11_771.jpg,0,0,0,7.13104
C:\myData\IMG\center_2025_06_02_17_07_11_989.jpg,C:\myData\IMG\left_2025_06_02_17_07_11_989.jpg,C:\myData\IMG\right_2025_06_02_17_07_11_989.jpg,0,0,0,6.973991
C:\myData\IMG\center_2025_06_02_17_07_12_196.jpg,C:\myData\IMG\left_2025_06_02_17_07_12_196.jpg,C:\myData\IMG\right_2025_06_02_17_07_12_196.jpg,0.5000001,0,0,6.778438
C:\myData\IMG\center_2025_06_02_17_07_12_410.jpg,C:\myData\IMG\left_2025_06_02_17_07_12_410.jpg,C:\myData\IMG\right_2025_06_02_17_07_12_410.jpg,1,0,0,6.454135
C:\myData\IMG\center_2025_06_02_17_07_12_622.jpg,C:\myData\IMG\left_2025_06_02_17_07_12_622.jpg,C:\myData\IMG\right_2025_06_02_17_07_12_622.jpg,0,0,0,6.16413
C:\myData\IMG\center_2025_06_02_17_07_12_837.jpg,C:\myData\IMG\left_2025_06_02_17_07_12_837.jpg,C:\myData\IMG\right_2025_06_02_17_07_12_837.jpg,0,0,0,6.040947
C:\myData\IMG\center_2025_06_02_17_07_13_060.jpg,C:\myData\IMG\left_2025_06_02_17_07_13_060.jpg,C:\myData\IMG\right_2025_06_02_17_07_13_060.jpg,0,0,0,5.908335
C:\myData\IMG\center_2025_06_02_17_07_13_277.jpg,C:\myData\IMG\left_2025_06_02_17_07_13_277.jpg,C:\myData\IMG\right_2025_06_02_17_07_13_277.jpg,0.5500001,0,0,5.721684
C:\myData\IMG\center_2025_06_02_17_07_13_492.jpg,C:\myData\IMG\left_2025_06_02_17_07_13_492.jpg,C:\myData\IMG\right_2025_06_02_17_07_13_492.jpg,1,0,0,5.447876
C:\myData\IMG\center_2025_06_02_17_07_13_713.jpg,C:\myData\IMG\left_2025_06_02_17_07_13_713.jpg,C:\myData\IMG\right_2025_06_02_17_07_13_713.jpg,0,0,0,5.19033
C:\myData\IMG\center_2025_06_02_17_07_13_932.jpg,C:\myData\IMG\left_2025_06_02_17_07_13_932.jpg,C:\myData\IMG\right_2025_06_02_17_07_13_932.jpg,0,0,0,5.076627
C:\myData\IMG\center_2025_06_02_17_07_14_157.jpg,C:\myData\IMG\left_2025_06_02_17_07_14_157.jpg,C:\myData\IMG\right_2025_06_02_17_07_14_157.jpg,0.5500001,0,0,4.9165
C:\myData\IMG\center_2025_06_02_17_07_14_370.jpg,C:\myData\IMG\left_2025_06_02_17_07_14_370.jpg,C:\myData\IMG\right_2025_06_02_17_07_14_370.jpg,1,0,0,4.681503
C:\myData\IMG\center_2025_06_02_17_07_14_582.jpg,C:\myData\IMG\left_2025_06_02_17_07_14_582.jpg,C:\myData\IMG\right_2025_06_02_17_07_14_582.jpg,0,0,0,4.456549
C:\myData\IMG\center_2025_06_02_17_07_14_796.jpg,C:\myData\IMG\left_2025_06_02_17_07_14_796.jpg,C:\myData\IMG\right_2025_06_02_17_07_14_796.jpg,0,0,0,4.367513
C:\myData\IMG\center_2025_06_02_17_07_15_042.jpg,C:\myData\IMG\left_2025_06_02_17_07_15_042.jpg,C:\myData\IMG\right_2025_06_02_17_07_15_042.jpg,0.6500001,0,0,4.197642
C:\myData\IMG\center_2025_06_02_17_07_15_254.jpg,C:\myData\IMG\left_2025_06_02_17_07_15_254.jpg,C:\myData\IMG\right_2025_06_02_17_07_15_254.jpg,1,0,0,4.014124
C:\myData\IMG\center_2025_06_02_17_07_15_471.jpg,C:\myData\IMG\left_2025_06_02_17_07_15_471.jpg,C:\myData\IMG\right_2025_06_02_17_07_15_471.jpg,0,0,0,3.815902
C:\myData\IMG\center_2025_06_02_17_07_15_677.jpg,C:\myData\IMG\left_2025_06_02_17_07_15_677.jpg,C:\myData\IMG\right_2025_06_02_17_07_15_677.jpg,0,0,0,3.739666
C:\myData\IMG\center_2025_06_02_17_07_15_907.jpg,C:\myData\IMG\left_2025_06_02_17_07_15_907.jpg,C:\myData\IMG\right_2025_06_02_17_07_15_907.jpg,0.6000001,0,0,3.608737
C:\myData\IMG\center_2025_06_02_17_07_16_136.jpg,C:\myData\IMG\left_2025_06_02_17_07_16_136.jpg,C:\myData\IMG\right_2025_06_02_17_07_16_136.jpg,0,0,0,3.501895
C:\myData\IMG\center_2025_06_02_17_07_16_349.jpg,C:\myData\IMG\left_2025_06_02_17_07_16_349.jpg,C:\myData\IMG\right_2025_06_02_17_07_16_349.jpg,0,0,0,3.42509
C:\myData\IMG\center_2025_06_02_17_07_16_553.jpg,C:\myData\IMG\left_2025_06_02_17_07_16_553.jpg,C:\myData\IMG\right_2025_06_02_17_07_16_553.jpg,0,0,0,3.35667
C:\myData\IMG\center_2025_06_02_17_07_16_749.jpg,C:\myData\IMG\left_2025_06_02_17_07_16_749.jpg,C:\myData\IMG\right_2025_06_02_17_07_16_749.jpg,0,0,0,3.289615
C:\myData\IMG\center_2025_06_02_17_07_16_970.jpg,C:\myData\IMG\left_2025_06_02_17_07_16_970.jpg,C:\myData\IMG\right_2025_06_02_17_07_16_970.jpg,0,0,0,3.217402
C:\myData\IMG\center_2025_06_02_17_07_17_178.jpg,C:\myData\IMG\left_2025_06_02_17_07_17_178.jpg,C:\myData\IMG\right_2025_06_02_17_07_17_178.jpg,0,0,0,3.153123
C:\myData\IMG\center_2025_06_02_17_07_17_369.jpg,C:\myData\IMG\left_2025_06_02_17_07_17_369.jpg,C:\myData\IMG\right_2025_06_02_17_07_17_369.jpg,0.5000001,0,0,3.065376
C:\myData\IMG\center_2025_06_02_17_07_17_571.jpg,C:\myData\IMG\left_2025_06_02_17_07_17_571.jpg,C:\myData\IMG\right_2025_06_02_17_07_17_571.jpg,1,0,0,2.931118
C:\myData\IMG\center_2025_06_02_17_07_17_773.jpg,C:\myData\IMG\left_2025_06_02_17_07_17_773.jpg,C:\myData\IMG\right_2025_06_02_17_07_17_773.jpg,1,0,0,2.831294
C:\myData\IMG\center_2025_06_02_17_07_18_013.jpg,C:\myData\IMG\left_2025_06_02_17_07_18_013.jpg,C:\myData\IMG\right_2025_06_02_17_07_18_013.jpg,0,0,0,2.682407
C:\myData\IMG\center_2025_06_02_17_07_18_244.jpg,C:\myData\IMG\left_2025_06_02_17_07_18_244.jpg,C:\myData\IMG\right_2025_06_02_17_07_18_244.jpg,0,0,0,2.618062
C:\myData\IMG\center_2025_06_02_17_07_18_463.jpg,C:\myData\IMG\left_2025_06_02_17_07_18_463.jpg,C:\myData\IMG\right_2025_06_02_17_07_18_463.jpg,0,0,0,2.560543
C:\myData\IMG\center_2025_06_02_17_07_18_682.jpg,C:\myData\IMG\left_2025_06_02_17_07_18_682.jpg,C:\myData\IMG\right_2025_06_02_17_07_18_682.jpg,0,0,0,2.504338
C:\myData\IMG\center_2025_06_02_17_07_18_902.jpg,C:\myData\IMG\left_2025_06_02_17_07_18_902.jpg,C:\myData\IMG\right_2025_06_02_17_07_18_902.jpg,0,0,0,2.449366
C:\myData\IMG\center_2025_06_02_17_07_19_127.jpg,C:\myData\IMG\left_2025_06_02_17_07_19_127.jpg,C:\myData\IMG\right_2025_06_02_17_07_19_127.jpg,0,0,0,2.395601
C:\myData\IMG\center_2025_06_02_17_07_19_348.jpg,C:\myData\IMG\left_2025_06_02_17_07_19_348.jpg,C:\myData\IMG\right_2025_06_02_17_07_19_348.jpg,0.5500001,0,0,2.320934
C:\myData\IMG\center_2025_06_02_17_07_19_557.jpg,C:\myData\IMG\left_2025_06_02_17_07_19_557.jpg,C:\myData\IMG\right_2025_06_02_17_07_19_557.jpg,1,0,0,2.216763
C:\myData\IMG\center_2025_06_02_17_07_19_779.jpg,C:\myData\IMG\left_2025_06_02_17_07_19_779.jpg,C:\myData\IMG\right_2025_06_02_17_07_19_779.jpg,1,0,0,2.132807
C:\myData\IMG\center_2025_06_02_17_07_19_997.jpg,C:\myData\IMG\left_2025_06_02_17_07_19_997.jpg,C:\myData\IMG\right_2025_06_02_17_07_19_997.jpg,1,0,0,2.053107
C:\myData\IMG\center_2025_06_02_17_07_20_204.jpg,C:\myData\IMG\left_2025_06_02_17_07_20_204.jpg,C:\myData\IMG\right_2025_06_02_17_07_20_204.jpg,1,0,0,1.975898
C:\myData\IMG\center_2025_06_02_17_07_20_415.jpg,C:\myData\IMG\left_2025_06_02_17_07_20_415.jpg,C:\myData\IMG\right_2025_06_02_17_07_20_415.jpg,0,0,0,1.879127
C:\myData\IMG\center_2025_06_02_17_07_20_630.jpg,C:\myData\IMG\left_2025_06_02_17_07_20_630.jpg,C:\myData\IMG\right_2025_06_02_17_07_20_630.jpg,0,0,0,1.837895
C:\myData\IMG\center_2025_06_02_17_07_20_853.jpg,C:\myData\IMG\left_2025_06_02_17_07_20_853.jpg,C:\myData\IMG\right_2025_06_02_17_07_20_853.jpg,0,0,0,1.797562
C:\myData\IMG\center_2025_06_02_17_07_21_063.jpg,C:\myData\IMG\left_2025_06_02_17_07_21_063.jpg,C:\myData\IMG\right_2025_06_02_17_07_21_063.jpg,0,0,0,1.758113
C:\myData\IMG\center_2025_06_02_17_07_21_272.jpg,C:\myData\IMG\left_2025_06_02_17_07_21_272.jpg,C:\myData\IMG\right_2025_06_02_17_07_21_272.jpg,0,0,0,1.723002
C:\myData\IMG\center_2025_06_02_17_07_21_487.jpg,C:\myData\IMG\left_2025_06_02_17_07_21_487.jpg,C:\myData\IMG\right_2025_06_02_17_07_21_487.jpg,0,0,0,1.685187
C:\myData\IMG\center_2025_06_02_17_07_21_701.jpg,C:\myData\IMG\left_2025_06_02_17_07_21_701.jpg,C:\myData\IMG\right_2025_06_02_17_07_21_701.jpg,0.5500001,0,0,1.632826
C:\myData\IMG\center_2025_06_02_17_07_21_908.jpg,C:\myData\IMG\left_2025_06_02_17_07_21_908.jpg,C:\myData\IMG\right_2025_06_02_17_07_21_908.jpg,1,0,0,1.558316
C:\myData\IMG\center_2025_06_02_17_07_22_128.jpg,C:\myData\IMG\left_2025_06_02_17_07_22_128.jpg,C:\myData\IMG\right_2025_06_02_17_07_22_128.jpg,1,0,0,1.496029
C:\myData\IMG\center_2025_06_02_17_07_22_341.jpg,C:\myData\IMG\left_2025_06_02_17_07_22_341.jpg,C:\myData\IMG\right_2025_06_02_17_07_22_341.jpg,1,0,0,1.44196
C:\myData\IMG\center_2025_06_02_17_07_22_557.jpg,C:\myData\IMG\left_2025_06_02_17_07_22_557.jpg,C:\myData\IMG\right_2025_06_02_17_07_22_557.jpg,0,0,0,1.368344
C:\myData\IMG\center_2025_06_02_17_07_22_767.jpg,C:\myData\IMG\left_2025_06_02_17_07_22_767.jpg,C:\myData\IMG\right_2025_06_02_17_07_22_767.jpg,0,0,0,1.338316
C:\myData\IMG\center_2025_06_02_17_07_22_977.jpg,C:\myData\IMG\left_2025_06_02_17_07_22_977.jpg,C:\myData\IMG\right_2025_06_02_17_07_22_977.jpg,0,0,0,1.311589
C:\myData\IMG\center_2025_06_02_17_07_23_195.jpg,C:\myData\IMG\left_2025_06_02_17_07_23_195.jpg,C:\myData\IMG\right_2025_06_02_17_07_23_195.jpg,0,0,0,1.282253
C:\myData\IMG\center_2025_06_02_17_07_23_409.jpg,C:\myData\IMG\left_2025_06_02_17_07_23_409.jpg,C:\myData\IMG\right_2025_06_02_17_07_23_409.jpg,0.5500001,0,0,1.241922
C:\myData\IMG\center_2025_06_02_17_07_23_612.jpg,C:\myData\IMG\left_2025_06_02_17_07_23_612.jpg,C:\myData\IMG\right_2025_06_02_17_07_23_612.jpg,1,0,0,1.184534
C:\myData\IMG\center_2025_06_02_17_07_23_832.jpg,C:\myData\IMG\left_2025_06_02_17_07_23_832.jpg,C:\myData\IMG\right_2025_06_02_17_07_23_832.jpg,1,0,0,1.135207
C:\myData\IMG\center_2025_06_02_17_07_24_047.jpg,C:\myData\IMG\left_2025_06_02_17_07_24_047.jpg,C:\myData\IMG\right_2025_06_02_17_07_24_047.jpg,1,0,0,1.088132
C:\myData\IMG\center_2025_06_02_17_07_24_256.jpg,C:\myData\IMG\left_2025_06_02_17_07_24_256.jpg,C:\myData\IMG\right_2025_06_02_17_07_24_256.jpg,0,0,0,1.034587
C:\myData\IMG\center_2025_06_02_17_07_24_464.jpg,C:\myData\IMG\left_2025_06_02_17_07_24_464.jpg,C:\myData\IMG\right_2025_06_02_17_07_24_464.jpg,0,0,0,1.011894
C:\myData\IMG\center_2025_06_02_17_07_24_685.jpg,C:\myData\IMG\left_2025_06_02_17_07_24_685.jpg,C:\myData\IMG\right_2025_06_02_17_07_24_685.jpg,0,0,0,0.9896997
C:\myData\IMG\center_2025_06_02_17_07_24_897.jpg,C:\myData\IMG\left_2025_06_02_17_07_24_897.jpg,C:\myData\IMG\right_2025_06_02_17_07_24_897.jpg,0,0.6333081,0,2.458611
C:\myData\IMG\center_2025_06_02_17_07_25_120.jpg,C:\myData\IMG\left_2025_06_02_17_07_25_120.jpg,C:\myData\IMG\right_2025_06_02_17_07_25_120.jpg,0,1,0,5.261222
C:\myData\IMG\center_2025_06_02_17_07_25_337.jpg,C:\myData\IMG\left_2025_06_02_17_07_25_337.jpg,C:\myData\IMG\right_2025_06_02_17_07_25_337.jpg,0,1,0,7.557019
C:\myData\IMG\center_2025_06_02_17_07_25_550.jpg,C:\myData\IMG\left_2025_06_02_17_07_25_550.jpg,C:\myData\IMG\right_2025_06_02_17_07_25_550.jpg,0,1,0,10.03122
C:\myData\IMG\center_2025_06_02_17_07_25_767.jpg,C:\myData\IMG\left_2025_06_02_17_07_25_767.jpg,C:\myData\IMG\right_2025_06_02_17_07_25_767.jpg,0,0.3441793,0,10.77672
C:\myData\IMG\center_2025_06_02_17_07_25_974.jpg,C:\myData\IMG\left_2025_06_02_17_07_25_974.jpg,C:\myData\IMG\right_2025_06_02_17_07_25_974.jpg,0,0,0,10.59069
C:\myData\IMG\center_2025_06_02_17_07_26_198.jpg,C:\myData\IMG\left_2025_06_02_17_07_26_198.jpg,C:\myData\IMG\right_2025_06_02_17_07_26_198.jpg,0,0,0,10.35839
C:\myData\IMG\center_2025_06_02_17_07_26_405.jpg,C:\myData\IMG\left_2025_06_02_17_07_26_405.jpg,C:\myData\IMG\right_2025_06_02_17_07_26_405.jpg,0.5500001,0,0,10.03016
C:\myData\IMG\center_2025_06_02_17_07_26_621.jpg,C:\myData\IMG\left_2025_06_02_17_07_26_621.jpg,C:\myData\IMG\right_2025_06_02_17_07_26_621.jpg,1,0,0,9.539297
C:\myData\IMG\center_2025_06_02_17_07_26_836.jpg,C:\myData\IMG\left_2025_06_02_17_07_26_836.jpg,C:\myData\IMG\right_2025_06_02_17_07_26_836.jpg,1,0,0,9.260648
C:\myData\IMG\center_2025_06_02_17_07_27_039.jpg,C:\myData\IMG\left_2025_06_02_17_07_27_039.jpg,C:\myData\IMG\right_2025_06_02_17_07_27_039.jpg,1,0,0,9.022324
C:\myData\IMG\center_2025_06_02_17_07_27_226.jpg,C:\myData\IMG\left_2025_06_02_17_07_27_226.jpg,C:\myData\IMG\right_2025_06_02_17_07_27_226.jpg,1,0,0,8.790915
C:\myData\IMG\center_2025_06_02_17_07_27_423.jpg,C:\myData\IMG\left_2025_06_02_17_07_27_423.jpg,C:\myData\IMG\right_2025_06_02_17_07_27_423.jpg,0,0,0,8.389708
C:\myData\IMG\center_2025_06_02_17_07_27_666.jpg,C:\myData\IMG\left_2025_06_02_17_07_27_666.jpg,C:\myData\IMG\right_2025_06_02_17_07_27_666.jpg,0,0,0,8.188261
C:\myData\IMG\center_2025_06_02_17_07_27_845.jpg,C:\myData\IMG\left_2025_06_02_17_07_27_845.jpg,C:\myData\IMG\right_2025_06_02_17_07_27_845.jpg,0,0,0,8.039717
C:\myData\IMG\center_2025_06_02_17_07_28_052.jpg,C:\myData\IMG\left_2025_06_02_17_07_28_052.jpg,C:\myData\IMG\right_2025_06_02_17_07_28_052.jpg,-0.5000001,0,0,7.814954
C:\myData\IMG\center_2025_06_02_17_07_28_246.jpg,C:\myData\IMG\left_2025_06_02_17_07_28_246.jpg,C:\myData\IMG\right_2025_06_02_17_07_28_246.jpg,0,0,0,7.627549
C:\myData\IMG\center_2025_06_02_17_07_28_446.jpg,C:\myData\IMG\left_2025_06_02_17_07_28_446.jpg,C:\myData\IMG\right_2025_06_02_17_07_28_446.jpg,-0.5000001,0,0,7.416641
C:\myData\IMG\center_2025_06_02_17_07_28_652.jpg,C:\myData\IMG\left_2025_06_02_17_07_28_652.jpg,C:\myData\IMG\right_2025_06_02_17_07_28_652.jpg,0,0,0,7.238761
C:\myData\IMG\center_2025_06_02_17_07_28_846.jpg,C:\myData\IMG\left_2025_06_02_17_07_28_846.jpg,C:\myData\IMG\right_2025_06_02_17_07_28_846.jpg,0,0,0,7.093545
C:\myData\IMG\center_2025_06_02_17_07_29_046.jpg,C:\myData\IMG\left_2025_06_02_17_07_29_046.jpg,C:\myData\IMG\right_2025_06_02_17_07_29_046.jpg,0,0,0,6.952855
C:\myData\IMG\center_2025_06_02_17_07_29_249.jpg,C:\myData\IMG\left_2025_06_02_17_07_29_249.jpg,C:\myData\IMG\right_2025_06_02_17_07_29_249.jpg,0.5000001,0,0,6.754598
C:\myData\IMG\center_2025_06_02_17_07_29_454.jpg,C:\myData\IMG\left_2025_06_02_17_07_29_454.jpg,C:\myData\IMG\right_2025_06_02_17_07_29_454.jpg,0,0,0,6.593536
C:\myData\IMG\center_2025_06_02_17_07_29_650.jpg,C:\myData\IMG\left_2025_06_02_17_07_29_650.jpg,C:\myData\IMG\right_2025_06_02_17_07_29_650.jpg,0,0,0,6.461475
C:\myData\IMG\center_2025_06_02_17_07_29_847.jpg,C:\myData\IMG\left_2025_06_02_17_07_29_847.jpg,C:\myData\IMG\right_2025_06_02_17_07_29_847.jpg,0,0,0,6.332584
C:\myData\IMG\center_2025_06_02_17_07_30_050.jpg,C:\myData\IMG\left_2025_06_02_17_07_30_050.jpg,C:\myData\IMG\right_2025_06_02_17_07_30_050.jpg,0,0,0,6.207268
C:\myData\IMG\center_2025_06_02_17_07_30_248.jpg,C:\myData\IMG\left_2025_06_02_17_07_30_248.jpg,C:\myData\IMG\right_2025_06_02_17_07_30_248.jpg,0,0,0,6.084458
C:\myData\IMG\center_2025_06_02_17_07_30_441.jpg,C:\myData\IMG\left_2025_06_02_17_07_30_441.jpg,C:\myData\IMG\right_2025_06_02_17_07_30_441.jpg,0,0,0,5.975577
C:\myData\IMG\center_2025_06_02_17_07_30_643.jpg,C:\myData\IMG\left_2025_06_02_17_07_30_643.jpg,C:\myData\IMG\right_2025_06_02_17_07_30_643.jpg,0,0,0,5.845171
C:\myData\IMG\center_2025_06_02_17_07_30_845.jpg,C:\myData\IMG\left_2025_06_02_17_07_30_845.jpg,C:\myData\IMG\right_2025_06_02_17_07_30_845.jpg,0,0,0,5.728893
C:\myData\IMG\center_2025_06_02_17_07_31_038.jpg,C:\myData\IMG\left_2025_06_02_17_07_31_038.jpg,C:\myData\IMG\right_2025_06_02_17_07_31_038.jpg,0,0,0,5.626178
C:\myData\IMG\center_2025_06_02_17_07_31_242.jpg,C:\myData\IMG\left_2025_06_02_17_07_31_242.jpg,C:\myData\IMG\right_2025_06_02_17_07_31_242.jpg,0,0,0,5.503142
C:\myData\IMG\center_2025_06_02_17_07_31_433.jpg,C:\myData\IMG\left_2025_06_02_17_07_31_433.jpg,C:\myData\IMG\right_2025_06_02_17_07_31_433.jpg,0,0,0,5.404295
C:\myData\IMG\center_2025_06_02_17_07_31_647.jpg,C:\myData\IMG\left_2025_06_02_17_07_31_647.jpg,C:\myData\IMG\right_2025_06_02_17_07_31_647.jpg,0,0,0,5.285713
C:\myData\IMG\center_2025_06_02_17_07_31_847.jpg,C:\myData\IMG\left_2025_06_02_17_07_31_847.jpg,C:\myData\IMG\right_2025_06_02_17_07_31_847.jpg,0,0,0,5.180169
C:\myData\IMG\center_2025_06_02_17_07_32_041.jpg,C:\myData\IMG\left_2025_06_02_17_07_32_041.jpg,C:\myData\IMG\right_2025_06_02_17_07_32_041.jpg,0,0,0,5.086955
C:\myData\IMG\center_2025_06_02_17_07_32_232.jpg,C:\myData\IMG\left_2025_06_02_17_07_32_232.jpg,C:\myData\IMG\right_2025_06_02_17_07_32_232.jpg,0,0,0,4.985389
C:\myData\IMG\center_2025_06_02_17_07_32_432.jpg,C:\myData\IMG\left_2025_06_02_17_07_32_432.jpg,C:\myData\IMG\right_2025_06_02_17_07_32_432.jpg,0,0,0,4.885851
C:\myData\IMG\center_2025_06_02_17_07_32_631.jpg,C:\myData\IMG\left_2025_06_02_17_07_32_631.jpg,C:\myData\IMG\right_2025_06_02_17_07_32_631.jpg,0.5000001,0,0,4.749146
C:\myData\IMG\center_2025_06_02_17_07_32_837.jpg,C:\myData\IMG\left_2025_06_02_17_07_32_837.jpg,C:\myData\IMG\right_2025_06_02_17_07_32_837.jpg,0,0,0,4.632333
C:\myData\IMG\center_2025_06_02_17_07_33_032.jpg,C:\myData\IMG\left_2025_06_02_17_07_33_032.jpg,C:\myData\IMG\right_2025_06_02_17_07_33_032.jpg,0.5000001,0,0,4.503037
C:\myData\IMG\center_2025_06_02_17_07_33_232.jpg,C:\myData\IMG\left_2025_06_02_17_07_33_232.jpg,C:\myData\IMG\right_2025_06_02_17_07_33_232.jpg,1,0,0,4.30717
C:\myData\IMG\center_2025_06_02_17_07_33_436.jpg,C:\myData\IMG\left_2025_06_02_17_07_33_436.jpg,C:\myData\IMG\right_2025_06_02_17_07_33_436.jpg,0,0,0,4.11893
C:\myData\IMG\center_2025_06_02_17_07_33_649.jpg,C:\myData\IMG\left_2025_06_02_17_07_33_649.jpg,C:\myData\IMG\right_2025_06_02_17_07_33_649.jpg,0,0,0,4.02855
C:\myData\IMG\center_2025_06_02_17_07_33_845.jpg,C:\myData\IMG\left_2025_06_02_17_07_33_845.jpg,C:\myData\IMG\right_2025_06_02_17_07_33_845.jpg,0,0,0,3.948114
C:\myData\IMG\center_2025_06_02_17_07_34_040.jpg,C:\myData\IMG\left_2025_06_02_17_07_34_040.jpg,C:\myData\IMG\right_2025_06_02_17_07_34_040.jpg,0,0,0,3.869285
C:\myData\IMG\center_2025_06_02_17_07_34_233.jpg,C:\myData\IMG\left_2025_06_02_17_07_34_233.jpg,C:\myData\IMG\right_2025_06_02_17_07_34_233.jpg,0,0,0,3.799685
C:\myData\IMG\center_2025_06_02_17_07_34_433.jpg,C:\myData\IMG\left_2025_06_02_17_07_34_433.jpg,C:\myData\IMG\right_2025_06_02_17_07_34_433.jpg,0,0,0,3.72382
C:\myData\IMG\center_2025_06_02_17_07_34_637.jpg,C:\myData\IMG\left_2025_06_02_17_07_34_637.jpg,C:\myData\IMG\right_2025_06_02_17_07_34_637.jpg,0,0,0,3.649469
C:\myData\IMG\center_2025_06_02_17_07_34_831.jpg,C:\myData\IMG\left_2025_06_02_17_07_34_831.jpg,C:\myData\IMG\right_2025_06_02_17_07_34_831.jpg,0.5000001,0,0,3.547737
C:\myData\IMG\center_2025_06_02_17_07_35_017.jpg,C:\myData\IMG\left_2025_06_02_17_07_35_017.jpg,C:\myData\IMG\right_2025_06_02_17_07_35_017.jpg,0.9500002,0,0,3.411699
C:\myData\IMG\center_2025_06_02_17_07_35_213.jpg,C:\myData\IMG\left_2025_06_02_17_07_35_213.jpg,C:\myData\IMG\right_2025_06_02_17_07_35_213.jpg,0,0,0,3.268252
C:\myData\IMG\center_2025_06_02_17_07_35_409.jpg,C:\myData\IMG\left_2025_06_02_17_07_35_409.jpg,C:\myData\IMG\right_2025_06_02_17_07_35_409.jpg,0,0,0,3.203008
C:\myData\IMG\center_2025_06_02_17_07_35_608.jpg,C:\myData\IMG\left_2025_06_02_17_07_35_608.jpg,C:\myData\IMG\right_2025_06_02_17_07_35_608.jpg,0,0,0,3.139065
C:\myData\IMG\center_2025_06_02_17_07_35_807.jpg,C:\myData\IMG\left_2025_06_02_17_07_35_807.jpg,C:\myData\IMG\right_2025_06_02_17_07_35_807.jpg,0,0,0,3.076396
C:\myData\IMG\center_2025_06_02_17_07_36_001.jpg,C:\myData\IMG\left_2025_06_02_17_07_36_001.jpg,C:\myData\IMG\right_2025_06_02_17_07_36_001.jpg,0,0,0,3.014979
C:\myData\IMG\center_2025_06_02_17_07_36_181.jpg,C:\myData\IMG\left_2025_06_02_17_07_36_181.jpg,C:\myData\IMG\right_2025_06_02_17_07_36_181.jpg,0,0,0,2.966731
C:\myData\IMG\center_2025_06_02_17_07_36_376.jpg,C:\myData\IMG\left_2025_06_02_17_07_36_376.jpg,C:\myData\IMG\right_2025_06_02_17_07_36_376.jpg,0.5000001,0,0,2.884261
C:\myData\IMG\center_2025_06_02_17_07_36_571.jpg,C:\myData\IMG\left_2025_06_02_17_07_36_571.jpg,C:\myData\IMG\right_2025_06_02_17_07_36_571.jpg,0,0,0,2.811379
C:\myData\IMG\center_2025_06_02_17_07_36_777.jpg,C:\myData\IMG\left_2025_06_02_17_07_36_777.jpg,C:\myData\IMG\right_2025_06_02_17_07_36_777.jpg,0,0,0,2.755254
C:\myData\IMG\center_2025_06_02_17_07_36_966.jpg,C:\myData\IMG\left_2025_06_02_17_07_36_966.jpg,C:\myData\IMG\right_2025_06_02_17_07_36_966.jpg,0,0,0,2.70025
C:\myData\IMG\center_2025_06_02_17_07_37_170.jpg,C:\myData\IMG\left_2025_06_02_17_07_37_170.jpg,C:\myData\IMG\right_2025_06_02_17_07_37_170.jpg,0,0,0,2.646344
C:\myData\IMG\center_2025_06_02_17_07_37_387.jpg,C:\myData\IMG\left_2025_06_02_17_07_37_387.jpg,C:\myData\IMG\right_2025_06_02_17_07_37_387.jpg,0,0,0,2.588292
C:\myData\IMG\center_2025_06_02_17_07_37_571.jpg,C:\myData\IMG\left_2025_06_02_17_07_37_571.jpg,C:\myData\IMG\right_2025_06_02_17_07_37_571.jpg,0.45,0,0,2.52513
C:\myData\IMG\center_2025_06_02_17_07_37_772.jpg,C:\myData\IMG\left_2025_06_02_17_07_37_772.jpg,C:\myData\IMG\right_2025_06_02_17_07_37_772.jpg,0.9500002,0,0,2.419342
C:\myData\IMG\center_2025_06_02_17_07_37_930.jpg,C:\myData\IMG\left_2025_06_02_17_07_37_930.jpg,C:\myData\IMG\right_2025_06_02_17_07_37_930.jpg,1,0,0,2.345032
C:\myData\IMG\center_2025_06_02_17_07_38_108.jpg,C:\myData\IMG\left_2025_06_02_17_07_38_108.jpg,C:\myData\IMG\right_2025_06_02_17_07_38_108.jpg,0,0,0,2.23493
C:\myData\IMG\center_2025_06_02_17_07_38_305.jpg,C:\myData\IMG\left_2025_06_02_17_07_38_305.jpg,C:\myData\IMG\right_2025_06_02_17_07_38_305.jpg,0,0,0,2.19029
C:\myData\IMG\center_2025_06_02_17_07_38_511.jpg,C:\myData\IMG\left_2025_06_02_17_07_38_511.jpg,C:\myData\IMG\right_2025_06_02_17_07_38_511.jpg,0,0,0,2.146513
C:\myData\IMG\center_2025_06_02_17_07_38_713.jpg,C:\myData\IMG\left_2025_06_02_17_07_38_713.jpg,C:\myData\IMG\right_2025_06_02_17_07_38_713.jpg,0,0,0,2.103662
C:\myData\IMG\center_2025_06_02_17_07_38_911.jpg,C:\myData\IMG\left_2025_06_02_17_07_38_911.jpg,C:\myData\IMG\right_2025_06_02_17_07_38_911.jpg,0,0,0,2.061666
C:\myData\IMG\center_2025_06_02_17_07_39_085.jpg,C:\myData\IMG\left_2025_06_02_17_07_39_085.jpg,C:\myData\IMG\right_2025_06_02_17_07_39_085.jpg,0,0,0,2.024588
C:\myData\IMG\center_2025_06_02_17_07_39_291.jpg,C:\myData\IMG\left_2025_06_02_17_07_39_291.jpg,C:\myData\IMG\right_2025_06_02_17_07_39_291.jpg,0.5000001,0,0,1.968572
C:\myData\IMG\center_2025_06_02_17_07_39_510.jpg,C:\myData\IMG\left_2025_06_02_17_07_39_510.jpg,C:\myData\IMG\right_2025_06_02_17_07_39_510.jpg,1,0,0,1.872714
C:\myData\IMG\center_2025_06_02_17_07_39_718.jpg,C:\myData\IMG\left_2025_06_02_17_07_39_718.jpg,C:\myData\IMG\right_2025_06_02_17_07_39_718.jpg,1,0,0,1.806366
C:\myData\IMG\center_2025_06_02_17_07_39_895.jpg,C:\myData\IMG\left_2025_06_02_17_07_39_895.jpg,C:\myData\IMG\right_2025_06_02_17_07_39_895.jpg,0,0,0,1.721266
C:\myData\IMG\center_2025_06_02_17_07_40_095.jpg,C:\myData\IMG\left_2025_06_02_17_07_40_095.jpg,C:\myData\IMG\right_2025_06_02_17_07_40_095.jpg,0,0,0,1.686908
C:\myData\IMG\center_2025_06_02_17_07_40_291.jpg,C:\myData\IMG\left_2025_06_02_17_07_40_291.jpg,C:\myData\IMG\right_2025_06_02_17_07_40_291.jpg,0,0,0,1.653237
C:\myData\IMG\center_2025_06_02_17_07_40_473.jpg,C:\myData\IMG\left_2025_06_02_17_07_40_473.jpg,C:\myData\IMG\right_2025_06_02_17_07_40_473.jpg,0,0,0,1.623507
C:\myData\IMG\center_2025_06_02_17_07_40_672.jpg,C:\myData\IMG\left_2025_06_02_17_07_40_672.jpg,C:\myData\IMG\right_2025_06_02_17_07_40_672.jpg,0,0,0,1.591101
C:\myData\IMG\center_2025_06_02_17_07_40_847.jpg,C:\myData\IMG\left_2025_06_02_17_07_40_847.jpg,C:\myData\IMG\right_2025_06_02_17_07_40_847.jpg,0,0,0,1.562489
C:\myData\IMG\center_2025_06_02_17_07_41_040.jpg,C:\myData\IMG\left_2025_06_02_17_07_41_040.jpg,C:\myData\IMG\right_2025_06_02_17_07_41_040.jpg,0.5000001,0,0,1.519398
C:\myData\IMG\center_2025_06_02_17_07_41_233.jpg,C:\myData\IMG\left_2025_06_02_17_07_41_233.jpg,C:\myData\IMG\right_2025_06_02_17_07_41_233.jpg,0.9500002,0,0,1.459928
C:\myData\IMG\center_2025_06_02_17_07_41_431.jpg,C:\myData\IMG\left_2025_06_02_17_07_41_431.jpg,C:\myData\IMG\right_2025_06_02_17_07_41_431.jpg,1,0,0,1.401862
C:\myData\IMG\center_2025_06_02_17_07_41_635.jpg,C:\myData\IMG\left_2025_06_02_17_07_41_635.jpg,C:\myData\IMG\right_2025_06_02_17_07_41_635.jpg,0,0,0,1.332984
C:\myData\IMG\center_2025_06_02_17_07_41_800.jpg,C:\myData\IMG\left_2025_06_02_17_07_41_800.jpg,C:\myData\IMG\right_2025_06_02_17_07_41_800.jpg,0,0,0,1.309017
C:\myData\IMG\center_2025_06_02_17_07_41_991.jpg,C:\myData\IMG\left_2025_06_02_17_07_41_991.jpg,C:\myData\IMG\right_2025_06_02_17_07_41_991.jpg,0,0,0,1.285396
C:\myData\IMG\center_2025_06_02_17_07_42_181.jpg,C:\myData\IMG\left_2025_06_02_17_07_42_181.jpg,C:\myData\IMG\right_2025_06_02_17_07_42_181.jpg,0,0,0,1.259531
C:\myData\IMG\center_2025_06_02_17_07_42_374.jpg,C:\myData\IMG\left_2025_06_02_17_07_42_374.jpg,C:\myData\IMG\right_2025_06_02_17_07_42_374.jpg,0,0,0,1.236738
C:\myData\IMG\center_2025_06_02_17_07_42_583.jpg,C:\myData\IMG\left_2025_06_02_17_07_42_583.jpg,C:\myData\IMG\right_2025_06_02_17_07_42_583.jpg,0.5500001,0,0,1.198427
C:\myData\IMG\center_2025_06_02_17_07_42_774.jpg,C:\myData\IMG\left_2025_06_02_17_07_42_774.jpg,C:\myData\IMG\right_2025_06_02_17_07_42_774.jpg,1,0,0,1.148269
C:\myData\IMG\center_2025_06_02_17_07_42_962.jpg,C:\myData\IMG\left_2025_06_02_17_07_42_962.jpg,C:\myData\IMG\right_2025_06_02_17_07_42_962.jpg,1,0,0,1.103717
C:\myData\IMG\center_2025_06_02_17_07_43_166.jpg,C:\myData\IMG\left_2025_06_02_17_07_43_166.jpg,C:\myData\IMG\right_2025_06_02_17_07_43_166.jpg,1,0,0,1.061922
C:\myData\IMG\center_2025_06_02_17_07_43_356.jpg,C:\myData\IMG\left_2025_06_02_17_07_43_356.jpg,C:\myData\IMG\right_2025_06_02_17_07_43_356.jpg,0,0,0,1.011711
C:\myData\IMG\center_2025_06_02_17_07_43_544.jpg,C:\myData\IMG\left_2025_06_02_17_07_43_544.jpg,C:\myData\IMG\right_2025_06_02_17_07_43_544.jpg,0,0,0,0.9915205
C:\myData\IMG\center_2025_06_02_17_07_43_728.jpg,C:\myData\IMG\left_2025_06_02_17_07_43_728.jpg,C:\myData\IMG\right_2025_06_02_17_07_43_728.jpg,0,0,0,0.9736934
C:\myData\IMG\center_2025_06_02_17_07_43_924.jpg,C:\myData\IMG\left_2025_06_02_17_07_43_924.jpg,C:\myData\IMG\right_2025_06_02_17_07_43_924.jpg,0,0,0,0.9542613
C:\myData\IMG\center_2025_06_02_17_07_44_112.jpg,C:\myData\IMG\left_2025_06_02_17_07_44_112.jpg,C:\myData\IMG\right_2025_06_02_17_07_44_112.jpg,0,0,0,0.9371043
C:\myData\IMG\center_2025_06_02_17_07_44_307.jpg,C:\myData\IMG\left_2025_06_02_17_07_44_307.jpg,C:\myData\IMG\right_2025_06_02_17_07_44_307.jpg,0,0.5820249,0,2.304327
C:\myData\IMG\center_2025_06_02_17_07_44_513.jpg,C:\myData\IMG\left_2025_06_02_17_07_44_513.jpg,C:\myData\IMG\right_2025_06_02_17_07_44_513.jpg,0,1,0,4.653539
C:\myData\IMG\center_2025_06_02_17_07_44_708.jpg,C:\myData\IMG\left_2025_06_02_17_07_44_708.jpg,C:\myData\IMG\right_2025_06_02_17_07_44_708.jpg,0,1,0,6.96108
C:\myData\IMG\center_2025_06_02_17_07_44_908.jpg,C:\myData\IMG\left_2025_06_02_17_07_44_908.jpg,C:\myData\IMG\right_2025_06_02_17_07_44_908.jpg,0,1,0,9.224117
C:\myData\IMG\center_2025_06_02_17_07_45_093.jpg,C:\myData\IMG\left_2025_06_02_17_07_45_093.jpg,C:\myData\IMG\right_2025_06_02_17_07_45_093.jpg,0,1,0,11.22312
C:\myData\IMG\center_2025_06_02_17_07_45_432.jpg,C:\myData\IMG\left_2025_06_02_17_07_45_432.jpg,C:\myData\IMG\right_2025_06_02_17_07_45_432.jpg,0,1,0,13.3483
C:\myData\IMG\center_2025_06_02_17_07_45_655.jpg,C:\myData\IMG\left_2025_06_02_17_07_45_655.jpg,C:\myData\IMG\right_2025_06_02_17_07_45_655.jpg,0,1,0,15.86409
C:\myData\IMG\center_2025_06_02_17_07_45_839.jpg,C:\myData\IMG\left_2025_06_02_17_07_45_839.jpg,C:\myData\IMG\right_2025_06_02_17_07_45_839.jpg,0,0.4152385,0,16.2013
C:\myData\IMG\center_2025_06_02_17_07_46_049.jpg,C:\myData\IMG\left_2025_06_02_17_07_46_049.jpg,C:\myData\IMG\right_2025_06_02_17_07_46_049.jpg,0,0,0,15.85027
C:\myData\IMG\center_2025_06_02_17_07_46_252.jpg,C:\myData\IMG\left_2025_06_02_17_07_46_252.jpg,C:\myData\IMG\right_2025_06_02_17_07_46_252.jpg,0,0,0,15.5499
C:\myData\IMG\center_2025_06_02_17_07_46_452.jpg,C:\myData\IMG\left_2025_06_02_17_07_46_452.jpg,C:\myData\IMG\right_2025_06_02_17_07_46_452.jpg,0.5500001,0,0,15.57379
C:\myData\IMG\center_2025_06_02_17_07_46_661.jpg,C:\myData\IMG\left_2025_06_02_17_07_46_661.jpg,C:\myData\IMG\right_2025_06_02_17_07_46_661.jpg,0,0,0,14.74927
C:\myData\IMG\center_2025_06_02_17_07_46_860.jpg,C:\myData\IMG\left_2025_06_02_17_07_46_860.jpg,C:\myData\IMG\right_2025_06_02_17_07_46_860.jpg,0,0,0,14.878
C:\myData\IMG\center_2025_06_02_17_07_47_079.jpg,C:\myData\IMG\left_2025_06_02_17_07_47_079.jpg,C:\myData\IMG\right_2025_06_02_17_07_47_079.jpg,0,0,0.5207985,12.14372
C:\myData\IMG\center_2025_06_02_17_07_47_285.jpg,C:\myData\IMG\left_2025_06_02_17_07_47_285.jpg,C:\myData\IMG\right_2025_06_02_17_07_47_285.jpg,0,0,1,7.91061
C:\myData\IMG\center_2025_06_02_17_07_47_457.jpg,C:\myData\IMG\left_2025_06_02_17_07_47_457.jpg,C:\myData\IMG\right_2025_06_02_17_07_47_457.jpg,0,0,0.4098847,4.99495
C:\myData\IMG\center_2025_06_02_17_07_47_636.jpg,C:\myData\IMG\left_2025_06_02_17_07_47_636.jpg,C:\myData\IMG\right_2025_06_02_17_07_47_636.jpg,0,0,0.0957562,4.720565
C:\myData\IMG\center_2025_06_02_17_07_47_675.jpg,C:\myData\IMG\left_2025_06_02_17_07_47_675.jpg,C:\myData\IMG\right_2025_06_02_17_07_47_675.jpg,-0.45,0,0,4.604378
C:\myData\IMG\center_2025_06_02_17_07_47_847.jpg,C:\myData\IMG\left_2025_06_02_17_07_47_847.jpg,C:\myData\IMG\right_2025_06_02_17_07_47_847.jpg,0,0,0,4.504679
C:\myData\IMG\center_2025_06_02_17_07_48_027.jpg,C:\myData\IMG\left_2025_06_02_17_07_48_027.jpg,C:\myData\IMG\right_2025_06_02_17_07_48_027.jpg,0,0,0,4.423496
C:\myData\IMG\center_2025_06_02_17_07_48_221.jpg,C:\myData\IMG\left_2025_06_02_17_07_48_221.jpg,C:\myData\IMG\right_2025_06_02_17_07_48_221.jpg,0,0,0,4.343611
C:\myData\IMG\center_2025_06_02_17_07_48_402.jpg,C:\myData\IMG\left_2025_06_02_17_07_48_402.jpg,C:\myData\IMG\right_2025_06_02_17_07_48_402.jpg,0,0,0,4.25654
C:\myData\IMG\center_2025_06_02_17_07_48_597.jpg,C:\myData\IMG\left_2025_06_02_17_07_48_597.jpg,C:\myData\IMG\right_2025_06_02_17_07_48_597.jpg,0,0,0,4.179667
C:\myData\IMG\center_2025_06_02_17_07_48_789.jpg,C:\myData\IMG\left_2025_06_02_17_07_48_789.jpg,C:\myData\IMG\right_2025_06_02_17_07_48_789.jpg,0,0,0,4.095876
C:\myData\IMG\center_2025_06_02_17_07_48_969.jpg,C:\myData\IMG\left_2025_06_02_17_07_48_969.jpg,C:\myData\IMG\right_2025_06_02_17_07_48_969.jpg,0,0,0,4.021898
C:\myData\IMG\center_2025_06_02_17_07_49_157.jpg,C:\myData\IMG\left_2025_06_02_17_07_49_157.jpg,C:\myData\IMG\right_2025_06_02_17_07_49_157.jpg,0,0,0,3.949228
C:\myData\IMG\center_2025_06_02_17_07_49_351.jpg,C:\myData\IMG\left_2025_06_02_17_07_49_351.jpg,C:\myData\IMG\right_2025_06_02_17_07_49_351.jpg,0,0.5823081,0,5.25159
C:\myData\IMG\center_2025_06_02_17_07_49_519.jpg,C:\myData\IMG\left_2025_06_02_17_07_49_519.jpg,C:\myData\IMG\right_2025_06_02_17_07_49_519.jpg,0,0.07815152,0,5.349452
C:\myData\IMG\center_2025_06_02_17_07_49_712.jpg,C:\myData\IMG\left_2025_06_02_17_07_49_712.jpg,C:\myData\IMG\right_2025_06_02_17_07_49_712.jpg,0,0.6578688,0,6.652534
C:\myData\IMG\center_2025_06_02_17_07_49_900.jpg,C:\myData\IMG\left_2025_06_02_17_07_49_900.jpg,C:\myData\IMG\right_2025_06_02_17_07_49_900.jpg,0,1,0,8.675735
C:\myData\IMG\center_2025_06_02_17_07_50_080.jpg,C:\myData\IMG\left_2025_06_02_17_07_50_080.jpg,C:\myData\IMG\right_2025_06_02_17_07_50_080.jpg,0,0.4568197,0,9.551397
C:\myData\IMG\center_2025_06_02_17_07_50_256.jpg,C:\myData\IMG\left_2025_06_02_17_07_50_256.jpg,C:\myData\IMG\right_2025_06_02_17_07_50_256.jpg,0,0,0,9.414194
C:\myData\IMG\center_2025_06_02_17_07_50_427.jpg,C:\myData\IMG\left_2025_06_02_17_07_50_427.jpg,C:\myData\IMG\right_2025_06_02_17_07_50_427.jpg,0,0,0,9.2444
C:\myData\IMG\center_2025_06_02_17_07_50_614.jpg,C:\myData\IMG\left_2025_06_02_17_07_50_614.jpg,C:\myData\IMG\right_2025_06_02_17_07_50_614.jpg,0,0,0,9.077959
C:\myData\IMG\center_2025_06_02_17_07_50_794.jpg,C:\myData\IMG\left_2025_06_02_17_07_50_794.jpg,C:\myData\IMG\right_2025_06_02_17_07_50_794.jpg,0,0,0,8.914516
C:\myData\IMG\center_2025_06_02_17_07_50_985.jpg,C:\myData\IMG\left_2025_06_02_17_07_50_985.jpg,C:\myData\IMG\right_2025_06_02_17_07_50_985.jpg,0,0,0,8.736367
C:\myData\IMG\center_2025_06_02_17_07_51_168.jpg,C:\myData\IMG\left_2025_06_02_17_07_51_168.jpg,C:\myData\IMG\right_2025_06_02_17_07_51_168.jpg,0,0,0,8.579082
C:\myData\IMG\center_2025_06_02_17_07_51_342.jpg,C:\myData\IMG\left_2025_06_02_17_07_51_342.jpg,C:\myData\IMG\right_2025_06_02_17_07_51_342.jpg,0,0,0,8.424625
C:\myData\IMG\center_2025_06_02_17_07_51_532.jpg,C:\myData\IMG\left_2025_06_02_17_07_51_532.jpg,C:\myData\IMG\right_2025_06_02_17_07_51_532.jpg,0,0,0,8.27295
C:\myData\IMG\center_2025_06_02_17_19_46_150.jpg,C:\myData\IMG\left_2025_06_02_17_19_46_150.jpg,C:\myData\IMG\right_2025_06_02_17_19_46_150.jpg,0,0,0,5.429492E-05
C:\myData\IMG\center_2025_06_02_17_19_46_318.jpg,C:\myData\IMG\left_2025_06_02_17_19_46_318.jpg,C:\myData\IMG\right_2025_06_02_17_19_46_318.jpg,0,0,0,5.457114E-05
C:\myData\IMG\center_2025_06_02_17_19_46_470.jpg,C:\myData\IMG\left_2025_06_02_17_19_46_470.jpg,C:\myData\IMG\right_2025_06_02_17_19_46_470.jpg,0,0,0,5.458694E-05
C:\myData\IMG\center_2025_06_02_17_19_46_624.jpg,C:\myData\IMG\left_2025_06_02_17_19_46_624.jpg,C:\myData\IMG\right_2025_06_02_17_19_46_624.jpg,0,0,0,5.428858E-05
C:\myData\IMG\center_2025_06_02_17_19_46_788.jpg,C:\myData\IMG\left_2025_06_02_17_19_46_788.jpg,C:\myData\IMG\right_2025_06_02_17_19_46_788.jpg,0,0,0,5.508635E-05
C:\myData\IMG\center_2025_06_02_17_19_46_940.jpg,C:\myData\IMG\left_2025_06_02_17_19_46_940.jpg,C:\myData\IMG\right_2025_06_02_17_19_46_940.jpg,0,0,0,5.593054E-05
C:\myData\IMG\center_2025_06_02_17_19_47_096.jpg,C:\myData\IMG\left_2025_06_02_17_19_47_096.jpg,C:\myData\IMG\right_2025_06_02_17_19_47_096.jpg,0,0,0,5.49104E-05
C:\myData\IMG\center_2025_06_02_17_19_47_246.jpg,C:\myData\IMG\left_2025_06_02_17_19_47_246.jpg,C:\myData\IMG\right_2025_06_02_17_19_47_246.jpg,0,0,0,5.544574E-05
C:\myData\IMG\center_2025_06_02_17_19_47_401.jpg,C:\myData\IMG\left_2025_06_02_17_19_47_401.jpg,C:\myData\IMG\right_2025_06_02_17_19_47_401.jpg,0,0,0,5.45922E-05
C:\myData\IMG\center_2025_06_02_17_19_47_555.jpg,C:\myData\IMG\left_2025_06_02_17_19_47_555.jpg,C:\myData\IMG\right_2025_06_02_17_19_47_555.jpg,0,0.4592301,0,0.7646106
C:\myData\IMG\center_2025_06_02_17_19_47_823.jpg,C:\myData\IMG\left_2025_06_02_17_19_47_823.jpg,C:\myData\IMG\right_2025_06_02_17_19_47_823.jpg,0,0.9282861,0,2.491307
C:\myData\IMG\center_2025_06_02_17_19_47_872.jpg,C:\myData\IMG\left_2025_06_02_17_19_47_872.jpg,C:\myData\IMG\right_2025_06_02_17_19_47_872.jpg,0,1,0,4.367888
C:\myData\IMG\center_2025_06_02_17_19_48_024.jpg,C:\myData\IMG\left_2025_06_02_17_19_48_024.jpg,C:\myData\IMG\right_2025_06_02_17_19_48_024.jpg,0,1,0,6.213322
C:\myData\IMG\center_2025_06_02_17_19_48_176.jpg,C:\myData\IMG\left_2025_06_02_17_19_48_176.jpg,C:\myData\IMG\right_2025_06_02_17_19_48_176.jpg,0,1,0,7.808901
C:\myData\IMG\center_2025_06_02_17_19_48_329.jpg,C:\myData\IMG\left_2025_06_02_17_19_48_329.jpg,C:\myData\IMG\right_2025_06_02_17_19_48_329.jpg,0,1,0,9.62679
C:\myData\IMG\center_2025_06_02_17_19_48_488.jpg,C:\myData\IMG\left_2025_06_02_17_19_48_488.jpg,C:\myData\IMG\right_2025_06_02_17_19_48_488.jpg,0,1,0,11.40488
C:\myData\IMG\center_2025_06_02_17_19_48_749.jpg,C:\myData\IMG\left_2025_06_02_17_19_48_749.jpg,C:\myData\IMG\right_2025_06_02_17_19_48_749.jpg,0,1,0,13.14589
C:\myData\IMG\center_2025_06_02_17_19_48_904.jpg,C:\myData\IMG\left_2025_06_02_17_19_48_904.jpg,C:\myData\IMG\right_2025_06_02_17_19_48_904.jpg,0,0.5366542,0,13.61604
C:\myData\IMG\center_2025_06_02_17_19_49_061.jpg,C:\myData\IMG\left_2025_06_02_17_19_49_061.jpg,C:\myData\IMG\right_2025_06_02_17_19_49_061.jpg,0,0.06632292,0,13.95202
C:\myData\IMG\center_2025_06_02_17_19_49_224.jpg,C:\myData\IMG\left_2025_06_02_17_19_49_224.jpg,C:\myData\IMG\right_2025_06_02_17_19_49_224.jpg,0,0,0,13.75232
C:\myData\IMG\center_2025_06_02_17_19_49_386.jpg,C:\myData\IMG\left_2025_06_02_17_19_49_386.jpg,C:\myData\IMG\right_2025_06_02_17_19_49_386.jpg,0,0,0,13.55702
C:\myData\IMG\center_2025_06_02_17_19_49_560.jpg,C:\myData\IMG\left_2025_06_02_17_19_49_560.jpg,C:\myData\IMG\right_2025_06_02_17_19_49_560.jpg,0,0,0,13.37747
C:\myData\IMG\center_2025_06_02_17_19_49_717.jpg,C:\myData\IMG\left_2025_06_02_17_19_49_717.jpg,C:\myData\IMG\right_2025_06_02_17_19_49_717.jpg,0,0,0,13.09539
C:\myData\IMG\center_2025_06_02_17_19_49_874.jpg,C:\myData\IMG\left_2025_06_02_17_19_49_874.jpg,C:\myData\IMG\right_2025_06_02_17_19_49_874.jpg,0,0,0,12.56839
C:\myData\IMG\center_2025_06_02_17_19_50_021.jpg,C:\myData\IMG\left_2025_06_02_17_19_50_021.jpg,C:\myData\IMG\right_2025_06_02_17_19_50_021.jpg,0,0,0,12.68058
C:\myData\IMG\center_2025_06_02_17_19_50_188.jpg,C:\myData\IMG\left_2025_06_02_17_19_50_188.jpg,C:\myData\IMG\right_2025_06_02_17_19_50_188.jpg,0,0,0,12.49109
C:\myData\IMG\center_2025_06_02_17_19_50_337.jpg,C:\myData\IMG\left_2025_06_02_17_19_50_337.jpg,C:\myData\IMG\right_2025_06_02_17_19_50_337.jpg,0,0,0,12.26991
C:\myData\IMG\center_2025_06_02_17_19_50_485.jpg,C:\myData\IMG\left_2025_06_02_17_19_50_485.jpg,C:\myData\IMG\right_2025_06_02_17_19_50_485.jpg,0,0,0,11.7887
C:\myData\IMG\center_2025_06_02_17_19_50_639.jpg,C:\myData\IMG\left_2025_06_02_17_19_50_639.jpg,C:\myData\IMG\right_2025_06_02_17_19_50_639.jpg,0,0,0,11.59423
C:\myData\IMG\center_2025_06_02_17_19_50_791.jpg,C:\myData\IMG\left_2025_06_02_17_19_50_791.jpg,C:\myData\IMG\right_2025_06_02_17_19_50_791.jpg,0.4,0,0,11.35312
C:\myData\IMG\center_2025_06_02_17_19_50_944.jpg,C:\myData\IMG\left_2025_06_02_17_19_50_944.jpg,C:\myData\IMG\right_2025_06_02_17_19_50_944.jpg,0,0,0,11.37735
C:\myData\IMG\center_2025_06_02_17_19_51_107.jpg,C:\myData\IMG\left_2025_06_02_17_19_51_107.jpg,C:\myData\IMG\right_2025_06_02_17_19_51_107.jpg,0,0,0,11.13567
C:\myData\IMG\center_2025_06_02_17_19_51_272.jpg,C:\myData\IMG\left_2025_06_02_17_19_51_272.jpg,C:\myData\IMG\right_2025_06_02_17_19_51_272.jpg,0,0,0,11.04244
C:\myData\IMG\center_2025_06_02_17_19_51_323.jpg,C:\myData\IMG\left_2025_06_02_17_19_51_323.jpg,C:\myData\IMG\right_2025_06_02_17_19_51_323.jpg,0,0,0,10.86794
C:\myData\IMG\center_2025_06_02_17_19_51_482.jpg,C:\myData\IMG\left_2025_06_02_17_19_51_482.jpg,C:\myData\IMG\right_2025_06_02_17_19_51_482.jpg,0,0,0,10.69622
C:\myData\IMG\center_2025_06_02_17_19_51_641.jpg,C:\myData\IMG\left_2025_06_02_17_19_51_641.jpg,C:\myData\IMG\right_2025_06_02_17_19_51_641.jpg,0,0,0,10.52725
C:\myData\IMG\center_2025_06_02_17_19_51_799.jpg,C:\myData\IMG\left_2025_06_02_17_19_51_799.jpg,C:\myData\IMG\right_2025_06_02_17_19_51_799.jpg,0,0,0,10.38163
C:\myData\IMG\center_2025_06_02_17_19_51_957.jpg,C:\myData\IMG\left_2025_06_02_17_19_51_957.jpg,C:\myData\IMG\right_2025_06_02_17_19_51_957.jpg,0,0,0,10.2177
C:\myData\IMG\center_2025_06_02_17_19_52_107.jpg,C:\myData\IMG\left_2025_06_02_17_19_52_107.jpg,C:\myData\IMG\right_2025_06_02_17_19_52_107.jpg,0,0,0,10.05639
C:\myData\IMG\center_2025_06_02_17_19_52_262.jpg,C:\myData\IMG\left_2025_06_02_17_19_52_262.jpg,C:\myData\IMG\right_2025_06_02_17_19_52_262.jpg,0,0,0,9.897675
C:\myData\IMG\center_2025_06_02_17_19_52_428.jpg,C:\myData\IMG\left_2025_06_02_17_19_52_428.jpg,C:\myData\IMG\right_2025_06_02_17_19_52_428.jpg,0,0,0,9.741498
C:\myData\IMG\center_2025_06_02_17_19_52_583.jpg,C:\myData\IMG\left_2025_06_02_17_19_52_583.jpg,C:\myData\IMG\right_2025_06_02_17_19_52_583.jpg,0,0,0,9.587824
C:\myData\IMG\center_2025_06_02_17_19_52_744.jpg,C:\myData\IMG\left_2025_06_02_17_19_52_744.jpg,C:\myData\IMG\right_2025_06_02_17_19_52_744.jpg,0,0,0,9.436612
C:\myData\IMG\center_2025_06_02_17_19_52_904.jpg,C:\myData\IMG\left_2025_06_02_17_19_52_904.jpg,C:\myData\IMG\right_2025_06_02_17_19_52_904.jpg,0,0,0,9.287823
C:\myData\IMG\center_2025_06_02_17_19_53_057.jpg,C:\myData\IMG\left_2025_06_02_17_19_53_057.jpg,C:\myData\IMG\right_2025_06_02_17_19_53_057.jpg,0,0,0,9.159588
C:\myData\IMG\center_2025_06_02_17_19_53_211.jpg,C:\myData\IMG\left_2025_06_02_17_19_53_211.jpg,C:\myData\IMG\right_2025_06_02_17_19_53_211.jpg,0,0,0,9.015234
C:\myData\IMG\center_2025_06_02_17_19_53_376.jpg,C:\myData\IMG\left_2025_06_02_17_19_53_376.jpg,C:\myData\IMG\right_2025_06_02_17_19_53_376.jpg,0,0,0,8.87319
C:\myData\IMG\center_2025_06_02_17_19_53_535.jpg,C:\myData\IMG\left_2025_06_02_17_19_53_535.jpg,C:\myData\IMG\right_2025_06_02_17_19_53_535.jpg,0,0,0,8.733427
C:\myData\IMG\center_2025_06_02_17_19_53_690.jpg,C:\myData\IMG\left_2025_06_02_17_19_53_690.jpg,C:\myData\IMG\right_2025_06_02_17_19_53_690.jpg,0,0,0,8.595899
C:\myData\IMG\center_2025_06_02_17_19_53_851.jpg,C:\myData\IMG\left_2025_06_02_17_19_53_851.jpg,C:\myData\IMG\right_2025_06_02_17_19_53_851.jpg,0,0,0,8.460571
C:\myData\IMG\center_2025_06_02_17_19_54_001.jpg,C:\myData\IMG\left_2025_06_02_17_19_54_001.jpg,C:\myData\IMG\right_2025_06_02_17_19_54_001.jpg,0,0,0,8.327414
C:\myData\IMG\center_2025_06_02_17_19_54_156.jpg,C:\myData\IMG\left_2025_06_02_17_19_54_156.jpg,C:\myData\IMG\right_2025_06_02_17_19_54_156.jpg,0,0,0,8.212649
C:\myData\IMG\center_2025_06_02_17_19_54_311.jpg,C:\myData\IMG\left_2025_06_02_17_19_54_311.jpg,C:\myData\IMG\right_2025_06_02_17_19_54_311.jpg,0.4,0,0,8.041941
C:\myData\IMG\center_2025_06_02_17_19_54_467.jpg,C:\myData\IMG\left_2025_06_02_17_19_54_467.jpg,C:\myData\IMG\right_2025_06_02_17_19_54_467.jpg,0,0,0,7.899179
C:\myData\IMG\center_2025_06_02_17_19_54_622.jpg,C:\myData\IMG\left_2025_06_02_17_19_54_622.jpg,C:\myData\IMG\right_2025_06_02_17_19_54_622.jpg,0,0,0,7.775119
C:\myData\IMG\center_2025_06_02_17_19_54_774.jpg,C:\myData\IMG\left_2025_06_02_17_19_54_774.jpg,C:\myData\IMG\right_2025_06_02_17_19_54_774.jpg,0,0,0,7.6683
C:\myData\IMG\center_2025_06_02_17_19_54_938.jpg,C:\myData\IMG\left_2025_06_02_17_19_54_938.jpg,C:\myData\IMG\right_2025_06_02_17_19_54_938.jpg,0,0,0,7.548059
C:\myData\IMG\center_2025_06_02_17_19_55_092.jpg,C:\myData\IMG\left_2025_06_02_17_19_55_092.jpg,C:\myData\IMG\right_2025_06_02_17_19_55_092.jpg,0,0,0,7.429742
C:\myData\IMG\center_2025_06_02_17_19_55_247.jpg,C:\myData\IMG\left_2025_06_02_17_19_55_247.jpg,C:\myData\IMG\right_2025_06_02_17_19_55_247.jpg,0,0,0,7.313322
C:\myData\IMG\center_2025_06_02_17_19_55_404.jpg,C:\myData\IMG\left_2025_06_02_17_19_55_404.jpg,C:\myData\IMG\right_2025_06_02_17_19_55_404.jpg,0,0.466605,0,8.071937
C:\myData\IMG\center_2025_06_02_17_19_55_561.jpg,C:\myData\IMG\left_2025_06_02_17_19_55_561.jpg,C:\myData\IMG\right_2025_06_02_17_19_55_561.jpg,0,0,0,7.976411
C:\myData\IMG\center_2025_06_02_17_19_55_716.jpg,C:\myData\IMG\left_2025_06_02_17_19_55_716.jpg,C:\myData\IMG\right_2025_06_02_17_19_55_716.jpg,0,0.4663578,0,8.625414
C:\myData\IMG\center_2025_06_02_17_19_55_874.jpg,C:\myData\IMG\left_2025_06_02_17_19_55_874.jpg,C:\myData\IMG\right_2025_06_02_17_19_55_874.jpg,0,0.9387105,0,10.26458
C:\myData\IMG\center_2025_06_02_17_19_56_027.jpg,C:\myData\IMG\left_2025_06_02_17_19_56_027.jpg,C:\myData\IMG\right_2025_06_02_17_19_56_027.jpg,0,1,0,12.15414
C:\myData\IMG\center_2025_06_02_17_19_56_183.jpg,C:\myData\IMG\left_2025_06_02_17_19_56_183.jpg,C:\myData\IMG\right_2025_06_02_17_19_56_183.jpg,0,1,0,13.84562
C:\myData\IMG\center_2025_06_02_17_19_56_337.jpg,C:\myData\IMG\left_2025_06_02_17_19_56_337.jpg,C:\myData\IMG\right_2025_06_02_17_19_56_337.jpg,0,1,0,15.07156
C:\myData\IMG\center_2025_06_02_17_19_56_599.jpg,C:\myData\IMG\left_2025_06_02_17_19_56_599.jpg,C:\myData\IMG\right_2025_06_02_17_19_56_599.jpg,0,0.5307988,0,15.87207
C:\myData\IMG\center_2025_06_02_17_19_56_761.jpg,C:\myData\IMG\left_2025_06_02_17_19_56_761.jpg,C:\myData\IMG\right_2025_06_02_17_19_56_761.jpg,0,0.04457679,0,15.64328
C:\myData\IMG\center_2025_06_02_17_19_56_916.jpg,C:\myData\IMG\left_2025_06_02_17_19_56_916.jpg,C:\myData\IMG\right_2025_06_02_17_19_56_916.jpg,0,0,0,15.4032
C:\myData\IMG\center_2025_06_02_17_19_57_073.jpg,C:\myData\IMG\left_2025_06_02_17_19_57_073.jpg,C:\myData\IMG\right_2025_06_02_17_19_57_073.jpg,0,0,0,15.19746
C:\myData\IMG\center_2025_06_02_17_19_57_229.jpg,C:\myData\IMG\left_2025_06_02_17_19_57_229.jpg,C:\myData\IMG\right_2025_06_02_17_19_57_229.jpg,0,0,0,14.97275
C:\myData\IMG\center_2025_06_02_17_19_57_385.jpg,C:\myData\IMG\left_2025_06_02_17_19_57_385.jpg,C:\myData\IMG\right_2025_06_02_17_19_57_385.jpg,0,0,0,14.73585
C:\myData\IMG\center_2025_06_02_17_19_57_543.jpg,C:\myData\IMG\left_2025_06_02_17_19_57_543.jpg,C:\myData\IMG\right_2025_06_02_17_19_57_543.jpg,0,0,0,14.50237
C:\myData\IMG\center_2025_06_02_17_19_57_701.jpg,C:\myData\IMG\left_2025_06_02_17_19_57_701.jpg,C:\myData\IMG\right_2025_06_02_17_19_57_701.jpg,0,0,0,14.81017
C:\myData\IMG\center_2025_06_02_17_19_57_863.jpg,C:\myData\IMG\left_2025_06_02_17_19_57_863.jpg,C:\myData\IMG\right_2025_06_02_17_19_57_863.jpg,0,0,0,14.04454
C:\myData\IMG\center_2025_06_02_17_19_58_019.jpg,C:\myData\IMG\left_2025_06_02_17_19_58_019.jpg,C:\myData\IMG\right_2025_06_02_17_19_58_019.jpg,0,0,0,14.34491
C:\myData\IMG\center_2025_06_02_17_19_58_197.jpg,C:\myData\IMG\left_2025_06_02_17_19_58_197.jpg,C:\myData\IMG\right_2025_06_02_17_19_58_197.jpg,0,0,0,14.12838
C:\myData\IMG\center_2025_06_02_17_19_58_353.jpg,C:\myData\IMG\left_2025_06_02_17_19_58_353.jpg,C:\myData\IMG\right_2025_06_02_17_19_58_353.jpg,0,0,0,13.9073
C:\myData\IMG\center_2025_06_02_17_19_58_513.jpg,C:\myData\IMG\left_2025_06_02_17_19_58_513.jpg,C:\myData\IMG\right_2025_06_02_17_19_58_513.jpg,0,0,0,13.65004
C:\myData\IMG\center_2025_06_02_17_19_58_651.jpg,C:\myData\IMG\left_2025_06_02_17_19_58_651.jpg,C:\myData\IMG\right_2025_06_02_17_19_58_651.jpg,0,0,0,13.45217
C:\myData\IMG\center_2025_06_02_17_19_58_810.jpg,C:\myData\IMG\left_2025_06_02_17_19_58_810.jpg,C:\myData\IMG\right_2025_06_02_17_19_58_810.jpg,0,0,0,12.66538
C:\myData\IMG\center_2025_06_02_17_19_58_969.jpg,C:\myData\IMG\left_2025_06_02_17_19_58_969.jpg,C:\myData\IMG\right_2025_06_02_17_19_58_969.jpg,0,0,0,12.45551
C:\myData\IMG\center_2025_06_02_17_19_59_127.jpg,C:\myData\IMG\left_2025_06_02_17_19_59_127.jpg,C:\myData\IMG\right_2025_06_02_17_19_59_127.jpg,0,0,0,12.77873
C:\myData\IMG\center_2025_06_02_17_19_59_291.jpg,C:\myData\IMG\left_2025_06_02_17_19_59_291.jpg,C:\myData\IMG\right_2025_06_02_17_19_59_291.jpg,0,0,0,12.04574
C:\myData\IMG\center_2025_06_02_17_19_59_444.jpg,C:\myData\IMG\left_2025_06_02_17_19_59_444.jpg,C:\myData\IMG\right_2025_06_02_17_19_59_444.jpg,0,0,0,11.84558
C:\myData\IMG\center_2025_06_02_17_19_59_607.jpg,C:\myData\IMG\left_2025_06_02_17_19_59_607.jpg,C:\myData\IMG\right_2025_06_02_17_19_59_607.jpg,0,0,0,11.64852
C:\myData\IMG\center_2025_06_02_17_19_59_769.jpg,C:\myData\IMG\left_2025_06_02_17_19_59_769.jpg,C:\myData\IMG\right_2025_06_02_17_19_59_769.jpg,0,0,0,11.45431
C:\myData\IMG\center_2025_06_02_17_19_59_922.jpg,C:\myData\IMG\left_2025_06_02_17_19_59_922.jpg,C:\myData\IMG\right_2025_06_02_17_19_59_922.jpg,0,0,0,11.26017
C:\myData\IMG\center_2025_06_02_17_20_00_079.jpg,C:\myData\IMG\left_2025_06_02_17_20_00_079.jpg,C:\myData\IMG\right_2025_06_02_17_20_00_079.jpg,0,0,0,11.74604
C:\myData\IMG\center_2025_06_02_17_20_00_242.jpg,C:\myData\IMG\left_2025_06_02_17_20_00_242.jpg,C:\myData\IMG\right_2025_06_02_17_20_00_242.jpg,0,0,0,11.2779
C:\myData\IMG\center_2025_06_02_17_20_00_396.jpg,C:\myData\IMG\left_2025_06_02_17_20_00_396.jpg,C:\myData\IMG\right_2025_06_02_17_20_00_396.jpg,0,0,0,11.10488
C:\myData\IMG\center_2025_06_02_17_20_00_440.jpg,C:\myData\IMG\left_2025_06_02_17_20_00_440.jpg,C:\myData\IMG\right_2025_06_02_17_20_00_440.jpg,0,0,0,10.9296
C:\myData\IMG\center_2025_06_02_17_20_00_599.jpg,C:\myData\IMG\left_2025_06_02_17_20_00_599.jpg,C:\myData\IMG\right_2025_06_02_17_20_00_599.jpg,0,0,0,10.77853
C:\myData\IMG\center_2025_06_02_17_20_00_753.jpg,C:\myData\IMG\left_2025_06_02_17_20_00_753.jpg,C:\myData\IMG\right_2025_06_02_17_20_00_753.jpg,0,0,0,10.60848
C:\myData\IMG\center_2025_06_02_17_20_00_919.jpg,C:\myData\IMG\left_2025_06_02_17_20_00_919.jpg,C:\myData\IMG\right_2025_06_02_17_20_00_919.jpg,0,0,0,10.44116
C:\myData\IMG\center_2025_06_02_17_20_01_078.jpg,C:\myData\IMG\left_2025_06_02_17_20_01_078.jpg,C:\myData\IMG\right_2025_06_02_17_20_01_078.jpg,0,0,0,10.27652
C:\myData\IMG\center_2025_06_02_17_20_01_248.jpg,C:\myData\IMG\left_2025_06_02_17_20_01_248.jpg,C:\myData\IMG\right_2025_06_02_17_20_01_248.jpg,0,0,0,10.09445
C:\myData\IMG\center_2025_06_02_17_20_01_405.jpg,C:\myData\IMG\left_2025_06_02_17_20_01_405.jpg,C:\myData\IMG\right_2025_06_02_17_20_01_405.jpg,0,0,0,9.935355
C:\myData\IMG\center_2025_06_02_17_20_01_567.jpg,C:\myData\IMG\left_2025_06_02_17_20_01_567.jpg,C:\myData\IMG\right_2025_06_02_17_20_01_567.jpg,0,0,0,9.778812
C:\myData\IMG\center_2025_06_02_17_20_01_725.jpg,C:\myData\IMG\left_2025_06_02_17_20_01_725.jpg,C:\myData\IMG\right_2025_06_02_17_20_01_725.jpg,0,0,0,9.624778
C:\myData\IMG\center_2025_06_02_17_20_01_881.jpg,C:\myData\IMG\left_2025_06_02_17_20_01_881.jpg,C:\myData\IMG\right_2025_06_02_17_20_01_881.jpg,0,0,0,9.473206
C:\myData\IMG\center_2025_06_02_17_20_02_029.jpg,C:\myData\IMG\left_2025_06_02_17_20_02_029.jpg,C:\myData\IMG\right_2025_06_02_17_20_02_029.jpg,0,0,0,9.342573
C:\myData\IMG\center_2025_06_02_17_20_02_202.jpg,C:\myData\IMG\left_2025_06_02_17_20_02_202.jpg,C:\myData\IMG\right_2025_06_02_17_20_02_202.jpg,0,0,0,9.177302
C:\myData\IMG\center_2025_06_02_17_20_02_363.jpg,C:\myData\IMG\left_2025_06_02_17_20_02_363.jpg,C:\myData\IMG\right_2025_06_02_17_20_02_363.jpg,0,0,0,9.032895
C:\myData\IMG\center_2025_06_02_17_20_02_524.jpg,C:\myData\IMG\left_2025_06_02_17_20_02_524.jpg,C:\myData\IMG\right_2025_06_02_17_20_02_524.jpg,0,0,0,8.890804
C:\myData\IMG\center_2025_06_02_17_20_02_681.jpg,C:\myData\IMG\left_2025_06_02_17_20_02_681.jpg,C:\myData\IMG\right_2025_06_02_17_20_02_681.jpg,0,0,0,8.750995
C:\myData\IMG\center_2025_06_02_17_20_02_838.jpg,C:\myData\IMG\left_2025_06_02_17_20_02_838.jpg,C:\myData\IMG\right_2025_06_02_17_20_02_838.jpg,0.35,0,0,8.597042
C:\myData\IMG\center_2025_06_02_17_20_03_005.jpg,C:\myData\IMG\left_2025_06_02_17_20_03_005.jpg,C:\myData\IMG\right_2025_06_02_17_20_03_005.jpg,0,0,0,8.433645
C:\myData\IMG\center_2025_06_02_17_20_03_173.jpg,C:\myData\IMG\left_2025_06_02_17_20_03_173.jpg,C:\myData\IMG\right_2025_06_02_17_20_03_173.jpg,0,0,0,8.301277
C:\myData\IMG\center_2025_06_02_17_20_03_336.jpg,C:\myData\IMG\left_2025_06_02_17_20_03_336.jpg,C:\myData\IMG\right_2025_06_02_17_20_03_336.jpg,0,0,0,8.171097
C:\myData\IMG\center_2025_06_02_17_20_03_486.jpg,C:\myData\IMG\left_2025_06_02_17_20_03_486.jpg,C:\myData\IMG\right_2025_06_02_17_20_03_486.jpg,0,0,0,8.043004
C:\myData\IMG\center_2025_06_02_17_20_03_653.jpg,C:\myData\IMG\left_2025_06_02_17_20_03_653.jpg,C:\myData\IMG\right_2025_06_02_17_20_03_653.jpg,0,0,0,7.916965
C:\myData\IMG\center_2025_06_02_17_20_03_811.jpg,C:\myData\IMG\left_2025_06_02_17_20_03_811.jpg,C:\myData\IMG\right_2025_06_02_17_20_03_811.jpg,0,0,0,7.792938
C:\myData\IMG\center_2025_06_02_17_20_03_981.jpg,C:\myData\IMG\left_2025_06_02_17_20_03_981.jpg,C:\myData\IMG\right_2025_06_02_17_20_03_981.jpg,0,0,0,7.655784
C:\myData\IMG\center_2025_06_02_17_20_04_143.jpg,C:\myData\IMG\left_2025_06_02_17_20_04_143.jpg,C:\myData\IMG\right_2025_06_02_17_20_04_143.jpg,0,0.4828221,0,8.438221
C:\myData\IMG\center_2025_06_02_17_20_04_309.jpg,C:\myData\IMG\left_2025_06_02_17_20_04_309.jpg,C:\myData\IMG\right_2025_06_02_17_20_04_309.jpg,0,0.9835242,0,10.16465
C:\myData\IMG\center_2025_06_02_17_20_04_466.jpg,C:\myData\IMG\left_2025_06_02_17_20_04_466.jpg,C:\myData\IMG\right_2025_06_02_17_20_04_466.jpg,0,0.5127834,0,11.03457
C:\myData\IMG\center_2025_06_02_17_20_04_742.jpg,C:\myData\IMG\left_2025_06_02_17_20_04_742.jpg,C:\myData\IMG\right_2025_06_02_17_20_04_742.jpg,0,1,0,13.33166
C:\myData\IMG\center_2025_06_02_17_20_04_902.jpg,C:\myData\IMG\left_2025_06_02_17_20_04_902.jpg,C:\myData\IMG\right_2025_06_02_17_20_04_902.jpg,0,1,0,14.53911
C:\myData\IMG\center_2025_06_02_17_20_05_067.jpg,C:\myData\IMG\left_2025_06_02_17_20_05_067.jpg,C:\myData\IMG\right_2025_06_02_17_20_05_067.jpg,0,0.5059,0,15.17305
C:\myData\IMG\center_2025_06_02_17_20_05_117.jpg,C:\myData\IMG\left_2025_06_02_17_20_05_117.jpg,C:\myData\IMG\right_2025_06_02_17_20_05_117.jpg,0,0.989462,0,16.79846
C:\myData\IMG\center_2025_06_02_17_20_05_284.jpg,C:\myData\IMG\left_2025_06_02_17_20_05_284.jpg,C:\myData\IMG\right_2025_06_02_17_20_05_284.jpg,0,0.4895374,0,17.86235
C:\myData\IMG\center_2025_06_02_17_20_05_441.jpg,C:\myData\IMG\left_2025_06_02_17_20_05_441.jpg,C:\myData\IMG\right_2025_06_02_17_20_05_441.jpg,0,0.01534215,0,17.71996
C:\myData\IMG\center_2025_06_02_17_20_05_618.jpg,C:\myData\IMG\left_2025_06_02_17_20_05_618.jpg,C:\myData\IMG\right_2025_06_02_17_20_05_618.jpg,0,0,0,17.45497
C:\myData\IMG\center_2025_06_02_17_20_05_782.jpg,C:\myData\IMG\left_2025_06_02_17_20_05_782.jpg,C:\myData\IMG\right_2025_06_02_17_20_05_782.jpg,0,0,0,16.60879
C:\myData\IMG\center_2025_06_02_17_20_05_942.jpg,C:\myData\IMG\left_2025_06_02_17_20_05_942.jpg,C:\myData\IMG\right_2025_06_02_17_20_05_942.jpg,0,0,0,16.33753
C:\myData\IMG\center_2025_06_02_17_20_06_212.jpg,C:\myData\IMG\left_2025_06_02_17_20_06_212.jpg,C:\myData\IMG\right_2025_06_02_17_20_06_212.jpg,0,0,0,16.65389
C:\myData\IMG\center_2025_06_02_17_20_06_381.jpg,C:\myData\IMG\left_2025_06_02_17_20_06_381.jpg,C:\myData\IMG\right_2025_06_02_17_20_06_381.jpg,0,0,0,16.39878
C:\myData\IMG\center_2025_06_02_17_20_06_547.jpg,C:\myData\IMG\left_2025_06_02_17_20_06_547.jpg,C:\myData\IMG\right_2025_06_02_17_20_06_547.jpg,0.45,0,0,15.48974
C:\myData\IMG\center_2025_06_02_17_20_06_712.jpg,C:\myData\IMG\left_2025_06_02_17_20_06_712.jpg,C:\myData\IMG\right_2025_06_02_17_20_06_712.jpg,0,0,0,15.20389
C:\myData\IMG\center_2025_06_02_17_20_06_878.jpg,C:\myData\IMG\left_2025_06_02_17_20_06_878.jpg,C:\myData\IMG\right_2025_06_02_17_20_06_878.jpg,0,0,0,15.00393
C:\myData\IMG\center_2025_06_02_17_20_07_088.jpg,C:\myData\IMG\left_2025_06_02_17_20_07_088.jpg,C:\myData\IMG\right_2025_06_02_17_20_07_088.jpg,0,0,0,15.25352
C:\myData\IMG\center_2025_06_02_17_20_07_230.jpg,C:\myData\IMG\left_2025_06_02_17_20_07_230.jpg,C:\myData\IMG\right_2025_06_02_17_20_07_230.jpg,0,0,0,14.47572
C:\myData\IMG\center_2025_06_02_17_20_07_409.jpg,C:\myData\IMG\left_2025_06_02_17_20_07_409.jpg,C:\myData\IMG\right_2025_06_02_17_20_07_409.jpg,0,0,0,14.24619
C:\myData\IMG\center_2025_06_02_17_20_07_587.jpg,C:\myData\IMG\left_2025_06_02_17_20_07_587.jpg,C:\myData\IMG\right_2025_06_02_17_20_07_587.jpg,0,0,0,14.50242
C:\myData\IMG\center_2025_06_02_17_20_07_768.jpg,C:\myData\IMG\left_2025_06_02_17_20_07_768.jpg,C:\myData\IMG\right_2025_06_02_17_20_07_768.jpg,0,0,0,14.22247
C:\myData\IMG\center_2025_06_02_17_20_07_939.jpg,C:\myData\IMG\left_2025_06_02_17_20_07_939.jpg,C:\myData\IMG\right_2025_06_02_17_20_07_939.jpg,0,0,0,13.98559
C:\myData\IMG\center_2025_06_02_17_20_08_111.jpg,C:\myData\IMG\left_2025_06_02_17_20_08_111.jpg,C:\myData\IMG\right_2025_06_02_17_20_08_111.jpg,0,0,0,13.21832
C:\myData\IMG\center_2025_06_02_17_20_08_285.jpg,C:\myData\IMG\left_2025_06_02_17_20_08_285.jpg,C:\myData\IMG\right_2025_06_02_17_20_08_285.jpg,0,0,0,12.91248
C:\myData\IMG\center_2025_06_02_17_20_08_457.jpg,C:\myData\IMG\left_2025_06_02_17_20_08_457.jpg,C:\myData\IMG\right_2025_06_02_17_20_08_457.jpg,0,0,0,13.23112
C:\myData\IMG\center_2025_06_02_17_20_08_627.jpg,C:\myData\IMG\left_2025_06_02_17_20_08_627.jpg,C:\myData\IMG\right_2025_06_02_17_20_08_627.jpg,0,0,0,13.02014
C:\myData\IMG\center_2025_06_02_17_20_08_795.jpg,C:\myData\IMG\left_2025_06_02_17_20_08_795.jpg,C:\myData\IMG\right_2025_06_02_17_20_08_795.jpg,0,0,0,12.2311
C:\myData\IMG\center_2025_06_02_17_20_08_965.jpg,C:\myData\IMG\left_2025_06_02_17_20_08_965.jpg,C:\myData\IMG\right_2025_06_02_17_20_08_965.jpg,0,0,0,12.02889
C:\myData\IMG\center_2025_06_02_17_20_09_135.jpg,C:\myData\IMG\left_2025_06_02_17_20_09_135.jpg,C:\myData\IMG\right_2025_06_02_17_20_09_135.jpg,0,0,0,12.38113
C:\myData\IMG\center_2025_06_02_17_20_09_305.jpg,C:\myData\IMG\left_2025_06_02_17_20_09_305.jpg,C:\myData\IMG\right_2025_06_02_17_20_09_305.jpg,0,0,0,12.27534
C:\myData\IMG\center_2025_06_02_17_20_09_462.jpg,C:\myData\IMG\left_2025_06_02_17_20_09_462.jpg,C:\myData\IMG\right_2025_06_02_17_20_09_462.jpg,0.45,0,0,11.55127
C:\myData\IMG\center_2025_06_02_17_20_09_641.jpg,C:\myData\IMG\left_2025_06_02_17_20_09_641.jpg,C:\myData\IMG\right_2025_06_02_17_20_09_641.jpg,0,0,0,11.4532
C:\myData\IMG\center_2025_06_02_17_20_09_814.jpg,C:\myData\IMG\left_2025_06_02_17_20_09_814.jpg,C:\myData\IMG\right_2025_06_02_17_20_09_814.jpg,0,0,0,11.46313
C:\myData\IMG\center_2025_06_02_17_20_10_001.jpg,C:\myData\IMG\left_2025_06_02_17_20_10_001.jpg,C:\myData\IMG\right_2025_06_02_17_20_10_001.jpg,0,0,0,11.07912
C:\myData\IMG\center_2025_06_02_17_20_10_041.jpg,C:\myData\IMG\left_2025_06_02_17_20_10_041.jpg,C:\myData\IMG\right_2025_06_02_17_20_10_041.jpg,0,0,0,10.87974
C:\myData\IMG\center_2025_06_02_17_20_10_201.jpg,C:\myData\IMG\left_2025_06_02_17_20_10_201.jpg,C:\myData\IMG\right_2025_06_02_17_20_10_201.jpg,0,0,0,10.70554
C:\myData\IMG\center_2025_06_02_17_20_10_390.jpg,C:\myData\IMG\left_2025_06_02_17_20_10_390.jpg,C:\myData\IMG\right_2025_06_02_17_20_10_390.jpg,0,0,0,10.51289
C:\myData\IMG\center_2025_06_02_17_20_10_570.jpg,C:\myData\IMG\left_2025_06_02_17_20_10_570.jpg,C:\myData\IMG\right_2025_06_02_17_20_10_570.jpg,0,0,0,10.32371
C:\myData\IMG\center_2025_06_02_17_20_10_748.jpg,C:\myData\IMG\left_2025_06_02_17_20_10_748.jpg,C:\myData\IMG\right_2025_06_02_17_20_10_748.jpg,0,0,0,10.13793
C:\myData\IMG\center_2025_06_02_17_20_10_921.jpg,C:\myData\IMG\left_2025_06_02_17_20_10_921.jpg,C:\myData\IMG\right_2025_06_02_17_20_10_921.jpg,0,0,0,9.955514
C:\myData\IMG\center_2025_06_02_17_20_11_093.jpg,C:\myData\IMG\left_2025_06_02_17_20_11_093.jpg,C:\myData\IMG\right_2025_06_02_17_20_11_093.jpg,0,0.5197551,0,10.75927
C:\myData\IMG\center_2025_06_02_17_20_11_254.jpg,C:\myData\IMG\left_2025_06_02_17_20_11_254.jpg,C:\myData\IMG\right_2025_06_02_17_20_11_254.jpg,0,0.0383538,0,10.70192
C:\myData\IMG\center_2025_06_02_17_20_11_436.jpg,C:\myData\IMG\left_2025_06_02_17_20_11_436.jpg,C:\myData\IMG\right_2025_06_02_17_20_11_436.jpg,0,0.5772684,0,11.31233
C:\myData\IMG\center_2025_06_02_17_20_11_737.jpg,C:\myData\IMG\left_2025_06_02_17_20_11_737.jpg,C:\myData\IMG\right_2025_06_02_17_20_11_737.jpg,0,1,0,13.39545
C:\myData\IMG\center_2025_06_02_17_20_11_912.jpg,C:\myData\IMG\left_2025_06_02_17_20_11_912.jpg,C:\myData\IMG\right_2025_06_02_17_20_11_912.jpg,0,0.442381,0,14.56103
C:\myData\IMG\center_2025_06_02_17_20_12_097.jpg,C:\myData\IMG\left_2025_06_02_17_20_12_097.jpg,C:\myData\IMG\right_2025_06_02_17_20_12_097.jpg,0.45,0,0,13.78601
C:\myData\IMG\center_2025_06_02_17_20_12_284.jpg,C:\myData\IMG\left_2025_06_02_17_20_12_284.jpg,C:\myData\IMG\right_2025_06_02_17_20_12_284.jpg,0,0,0,14.06486
C:\myData\IMG\center_2025_06_02_17_20_12_464.jpg,C:\myData\IMG\left_2025_06_02_17_20_12_464.jpg,C:\myData\IMG\right_2025_06_02_17_20_12_464.jpg,0,0,0,13.21433
C:\myData\IMG\center_2025_06_02_17_20_12_641.jpg,C:\myData\IMG\left_2025_06_02_17_20_12_641.jpg,C:\myData\IMG\right_2025_06_02_17_20_12_641.jpg,0,0,0,13.55659
C:\myData\IMG\center_2025_06_02_17_20_12_822.jpg,C:\myData\IMG\left_2025_06_02_17_20_12_822.jpg,C:\myData\IMG\right_2025_06_02_17_20_12_822.jpg,0,0,0,12.71326
C:\myData\IMG\center_2025_06_02_17_20_13_007.jpg,C:\myData\IMG\left_2025_06_02_17_20_13_007.jpg,C:\myData\IMG\right_2025_06_02_17_20_13_007.jpg,0,0,0,13.03179
C:\myData\IMG\center_2025_06_02_17_20_13_186.jpg,C:\myData\IMG\left_2025_06_02_17_20_13_186.jpg,C:\myData\IMG\right_2025_06_02_17_20_13_186.jpg,0,0,0,12.23876
C:\myData\IMG\center_2025_06_02_17_20_13_368.jpg,C:\myData\IMG\left_2025_06_02_17_20_13_368.jpg,C:\myData\IMG\right_2025_06_02_17_20_13_368.jpg,0,0,0,12.56028
C:\myData\IMG\center_2025_06_02_17_20_13_552.jpg,C:\myData\IMG\left_2025_06_02_17_20_13_552.jpg,C:\myData\IMG\right_2025_06_02_17_20_13_552.jpg,0.45,0,0,11.7171
C:\myData\IMG\center_2025_06_02_17_20_13_734.jpg,C:\myData\IMG\left_2025_06_02_17_20_13_734.jpg,C:\myData\IMG\right_2025_06_02_17_20_13_734.jpg,0,0,0,11.42946
C:\myData\IMG\center_2025_06_02_17_20_13_993.jpg,C:\myData\IMG\left_2025_06_02_17_20_13_993.jpg,C:\myData\IMG\right_2025_06_02_17_20_13_993.jpg,0,0,0,11.75867
C:\myData\IMG\center_2025_06_02_17_20_14_101.jpg,C:\myData\IMG\left_2025_06_02_17_20_14_101.jpg,C:\myData\IMG\right_2025_06_02_17_20_14_101.jpg,0,0,0,11.42421
C:\myData\IMG\center_2025_06_02_17_20_14_286.jpg,C:\myData\IMG\left_2025_06_02_17_20_14_286.jpg,C:\myData\IMG\right_2025_06_02_17_20_14_286.jpg,0,0,0,11.23003
C:\myData\IMG\center_2025_06_02_17_20_14_337.jpg,C:\myData\IMG\left_2025_06_02_17_20_14_337.jpg,C:\myData\IMG\right_2025_06_02_17_20_14_337.jpg,0,0,0,10.98642
C:\myData\IMG\center_2025_06_02_17_20_14_532.jpg,C:\myData\IMG\left_2025_06_02_17_20_14_532.jpg,C:\myData\IMG\right_2025_06_02_17_20_14_532.jpg,0,0,0,10.76698
C:\myData\IMG\center_2025_06_02_17_20_14_721.jpg,C:\myData\IMG\left_2025_06_02_17_20_14_721.jpg,C:\myData\IMG\right_2025_06_02_17_20_14_721.jpg,0,0.5655384,0,11.3509
C:\myData\IMG\center_2025_06_02_17_20_15_078.jpg,C:\myData\IMG\left_2025_06_02_17_20_15_078.jpg,C:\myData\IMG\right_2025_06_02_17_20_15_078.jpg,0,1,0,13.9603
C:\myData\IMG\center_2025_06_02_17_20_15_133.jpg,C:\myData\IMG\left_2025_06_02_17_20_15_133.jpg,C:\myData\IMG\right_2025_06_02_17_20_15_133.jpg,0,1,0,16.07389
C:\myData\IMG\center_2025_06_02_17_20_15_340.jpg,C:\myData\IMG\left_2025_06_02_17_20_15_340.jpg,C:\myData\IMG\right_2025_06_02_17_20_15_340.jpg,0,1,0,18.20949
C:\myData\IMG\center_2025_06_02_17_20_15_539.jpg,C:\myData\IMG\left_2025_06_02_17_20_15_539.jpg,C:\myData\IMG\right_2025_06_02_17_20_15_539.jpg,0,0.3993733,0,18.78294
C:\myData\IMG\center_2025_06_02_17_20_15_732.jpg,C:\myData\IMG\left_2025_06_02_17_20_15_732.jpg,C:\myData\IMG\right_2025_06_02_17_20_15_732.jpg,0,0,0,18.35796
C:\myData\IMG\center_2025_06_02_17_20_15_925.jpg,C:\myData\IMG\left_2025_06_02_17_20_15_925.jpg,C:\myData\IMG\right_2025_06_02_17_20_15_925.jpg,0,0,0,17.97366
C:\myData\IMG\center_2025_06_02_17_20_16_116.jpg,C:\myData\IMG\left_2025_06_02_17_20_16_116.jpg,C:\myData\IMG\right_2025_06_02_17_20_16_116.jpg,0,0,0,18.15134
C:\myData\IMG\center_2025_06_02_17_20_16_317.jpg,C:\myData\IMG\left_2025_06_02_17_20_16_317.jpg,C:\myData\IMG\right_2025_06_02_17_20_16_317.jpg,0.5000001,0,0,17.64372
C:\myData\IMG\center_2025_06_02_17_20_16_661.jpg,C:\myData\IMG\left_2025_06_02_17_20_16_661.jpg,C:\myData\IMG\right_2025_06_02_17_20_16_661.jpg,0,0,0,17.29316
C:\myData\IMG\center_2025_06_02_17_20_16_865.jpg,C:\myData\IMG\left_2025_06_02_17_20_16_865.jpg,C:\myData\IMG\right_2025_06_02_17_20_16_865.jpg,0,0,0,16.94981
C:\myData\IMG\center_2025_06_02_17_20_17_066.jpg,C:\myData\IMG\left_2025_06_02_17_20_17_066.jpg,C:\myData\IMG\right_2025_06_02_17_20_17_066.jpg,0,0,0,16.61821
C:\myData\IMG\center_2025_06_02_17_20_17_267.jpg,C:\myData\IMG\left_2025_06_02_17_20_17_267.jpg,C:\myData\IMG\right_2025_06_02_17_20_17_267.jpg,0,0,0,16.29908
C:\myData\IMG\center_2025_06_02_17_20_17_480.jpg,C:\myData\IMG\left_2025_06_02_17_20_17_480.jpg,C:\myData\IMG\right_2025_06_02_17_20_17_480.jpg,0,0,0,15.4329
C:\myData\IMG\center_2025_06_02_17_20_17_690.jpg,C:\myData\IMG\left_2025_06_02_17_20_17_690.jpg,C:\myData\IMG\right_2025_06_02_17_20_17_690.jpg,0,0,0,15.12799
C:\myData\IMG\center_2025_06_02_17_20_17_899.jpg,C:\myData\IMG\left_2025_06_02_17_20_17_899.jpg,C:\myData\IMG\right_2025_06_02_17_20_17_899.jpg,0,0,0,14.82659
C:\myData\IMG\center_2025_06_02_17_20_18_101.jpg,C:\myData\IMG\left_2025_06_02_17_20_18_101.jpg,C:\myData\IMG\right_2025_06_02_17_20_18_101.jpg,0.5500001,0,0,14.86642
C:\myData\IMG\center_2025_06_02_17_20_18_309.jpg,C:\myData\IMG\left_2025_06_02_17_20_18_309.jpg,C:\myData\IMG\right_2025_06_02_17_20_18_309.jpg,0,0,0,14.52406
C:\myData\IMG\center_2025_06_02_17_20_18_527.jpg,C:\myData\IMG\left_2025_06_02_17_20_18_527.jpg,C:\myData\IMG\right_2025_06_02_17_20_18_527.jpg,0,0,0,13.67411
C:\myData\IMG\center_2025_06_02_17_20_18_737.jpg,C:\myData\IMG\left_2025_06_02_17_20_18_737.jpg,C:\myData\IMG\right_2025_06_02_17_20_18_737.jpg,0,0,0,13.39059
C:\myData\IMG\center_2025_06_02_17_20_18_943.jpg,C:\myData\IMG\left_2025_06_02_17_20_18_943.jpg,C:\myData\IMG\right_2025_06_02_17_20_18_943.jpg,0,0,0,13.57287
C:\myData\IMG\center_2025_06_02_17_20_19_140.jpg,C:\myData\IMG\left_2025_06_02_17_20_19_140.jpg,C:\myData\IMG\right_2025_06_02_17_20_19_140.jpg,0,0,0,13.29104
C:\myData\IMG\center_2025_06_02_17_20_19_343.jpg,C:\myData\IMG\left_2025_06_02_17_20_19_343.jpg,C:\myData\IMG\right_2025_06_02_17_20_19_343.jpg,0,0,0,13.02205
C:\myData\IMG\center_2025_06_02_17_20_19_556.jpg,C:\myData\IMG\left_2025_06_02_17_20_19_556.jpg,C:\myData\IMG\right_2025_06_02_17_20_19_556.jpg,0,0,0,12.7578
C:\myData\IMG\center_2025_06_02_17_20_19_755.jpg,C:\myData\IMG\left_2025_06_02_17_20_19_755.jpg,C:\myData\IMG\right_2025_06_02_17_20_19_755.jpg,0,0,0,11.92099
C:\myData\IMG\center_2025_06_02_17_20_19_966.jpg,C:\myData\IMG\left_2025_06_02_17_20_19_966.jpg,C:\myData\IMG\right_2025_06_02_17_20_19_966.jpg,0.5000001,0,0,11.58617
C:\myData\IMG\center_2025_06_02_17_20_20_163.jpg,C:\myData\IMG\left_2025_06_02_17_20_20_163.jpg,C:\myData\IMG\right_2025_06_02_17_20_20_163.jpg,0,0,0,11.52531
C:\myData\IMG\center_2025_06_02_17_20_20_361.jpg,C:\myData\IMG\left_2025_06_02_17_20_20_361.jpg,C:\myData\IMG\right_2025_06_02_17_20_20_361.jpg,0,0,0,11.32744
C:\myData\IMG\center_2025_06_02_17_20_20_562.jpg,C:\myData\IMG\left_2025_06_02_17_20_20_562.jpg,C:\myData\IMG\right_2025_06_02_17_20_20_562.jpg,0,0,0,11.21107
C:\myData\IMG\center_2025_06_02_17_20_20_610.jpg,C:\myData\IMG\left_2025_06_02_17_20_20_610.jpg,C:\myData\IMG\right_2025_06_02_17_20_20_610.jpg,0,0,0,10.99258
C:\myData\IMG\center_2025_06_02_17_20_20_802.jpg,C:\myData\IMG\left_2025_06_02_17_20_20_802.jpg,C:\myData\IMG\right_2025_06_02_17_20_20_802.jpg,0,0,0,10.77317
C:\myData\IMG\center_2025_06_02_17_20_20_999.jpg,C:\myData\IMG\left_2025_06_02_17_20_20_999.jpg,C:\myData\IMG\right_2025_06_02_17_20_20_999.jpg,0,0,0,10.57945
C:\myData\IMG\center_2025_06_02_17_20_21_193.jpg,C:\myData\IMG\left_2025_06_02_17_20_21_193.jpg,C:\myData\IMG\right_2025_06_02_17_20_21_193.jpg,0,0,0,10.3683
C:\myData\IMG\center_2025_06_02_17_20_21_388.jpg,C:\myData\IMG\left_2025_06_02_17_20_21_388.jpg,C:\myData\IMG\right_2025_06_02_17_20_21_388.jpg,0,0,0,10.16137
C:\myData\IMG\center_2025_06_02_17_20_21_593.jpg,C:\myData\IMG\left_2025_06_02_17_20_21_593.jpg,C:\myData\IMG\right_2025_06_02_17_20_21_593.jpg,0,0,0,9.958563
C:\myData\IMG\center_2025_06_02_17_20_21_782.jpg,C:\myData\IMG\left_2025_06_02_17_20_21_782.jpg,C:\myData\IMG\right_2025_06_02_17_20_21_782.jpg,0.45,0,0,9.711369
C:\myData\IMG\center_2025_06_02_17_20_21_978.jpg,C:\myData\IMG\left_2025_06_02_17_20_21_978.jpg,C:\myData\IMG\right_2025_06_02_17_20_21_978.jpg,0,0,0,9.494216
C:\myData\IMG\center_2025_06_02_17_20_22_208.jpg,C:\myData\IMG\left_2025_06_02_17_20_22_208.jpg,C:\myData\IMG\right_2025_06_02_17_20_22_208.jpg,0,0,0,9.266372
C:\myData\IMG\center_2025_06_02_17_20_22_397.jpg,C:\myData\IMG\left_2025_06_02_17_20_22_397.jpg,C:\myData\IMG\right_2025_06_02_17_20_22_397.jpg,0,0,0,9.100189
C:\myData\IMG\center_2025_06_02_17_20_22_597.jpg,C:\myData\IMG\left_2025_06_02_17_20_22_597.jpg,C:\myData\IMG\right_2025_06_02_17_20_22_597.jpg,0,0,0,8.919006
C:\myData\IMG\center_2025_06_02_17_20_22_777.jpg,C:\myData\IMG\left_2025_06_02_17_20_22_777.jpg,C:\myData\IMG\right_2025_06_02_17_20_22_777.jpg,0,0,0,8.759019
C:\myData\IMG\center_2025_06_02_17_20_23_000.jpg,C:\myData\IMG\left_2025_06_02_17_20_23_000.jpg,C:\myData\IMG\right_2025_06_02_17_20_23_000.jpg,0,0,0,8.568156
C:\myData\IMG\center_2025_06_02_17_20_23_196.jpg,C:\myData\IMG\left_2025_06_02_17_20_23_196.jpg,C:\myData\IMG\right_2025_06_02_17_20_23_196.jpg,0,0.575442,0,9.745242
C:\myData\IMG\center_2025_06_02_17_20_23_379.jpg,C:\myData\IMG\left_2025_06_02_17_20_23_379.jpg,C:\myData\IMG\right_2025_06_02_17_20_23_379.jpg,0,1,0,11.53639
C:\myData\IMG\center_2025_06_02_17_20_23_728.jpg,C:\myData\IMG\left_2025_06_02_17_20_23_728.jpg,C:\myData\IMG\right_2025_06_02_17_20_23_728.jpg,0,0.4202899,0,12.47616
C:\myData\IMG\center_2025_06_02_17_20_23_931.jpg,C:\myData\IMG\left_2025_06_02_17_20_23_931.jpg,C:\myData\IMG\right_2025_06_02_17_20_23_931.jpg,0.5000001,0,0,12.09076
C:\myData\IMG\center_2025_06_02_17_20_24_131.jpg,C:\myData\IMG\left_2025_06_02_17_20_24_131.jpg,C:\myData\IMG\right_2025_06_02_17_20_24_131.jpg,0,0,0,11.69101
C:\myData\IMG\center_2025_06_02_17_20_24_329.jpg,C:\myData\IMG\left_2025_06_02_17_20_24_329.jpg,C:\myData\IMG\right_2025_06_02_17_20_24_329.jpg,0,0,0,11.6748
C:\myData\IMG\center_2025_06_02_17_20_24_530.jpg,C:\myData\IMG\left_2025_06_02_17_20_24_530.jpg,C:\myData\IMG\right_2025_06_02_17_20_24_530.jpg,0,0,0,11.17275
C:\myData\IMG\center_2025_06_02_17_20_24_729.jpg,C:\myData\IMG\left_2025_06_02_17_20_24_729.jpg,C:\myData\IMG\right_2025_06_02_17_20_24_729.jpg,0,0,0,11.17566
C:\myData\IMG\center_2025_06_02_17_20_24_801.jpg,C:\myData\IMG\left_2025_06_02_17_20_24_801.jpg,C:\myData\IMG\right_2025_06_02_17_20_24_801.jpg,0,0,0,11.00104
C:\myData\IMG\center_2025_06_02_17_20_24_988.jpg,C:\myData\IMG\left_2025_06_02_17_20_24_988.jpg,C:\myData\IMG\right_2025_06_02_17_20_24_988.jpg,0,0,0,10.7836
C:\myData\IMG\center_2025_06_02_17_20_25_179.jpg,C:\myData\IMG\left_2025_06_02_17_20_25_179.jpg,C:\myData\IMG\right_2025_06_02_17_20_25_179.jpg,0,0,0,10.59076
C:\myData\IMG\center_2025_06_02_17_20_25_376.jpg,C:\myData\IMG\left_2025_06_02_17_20_25_376.jpg,C:\myData\IMG\right_2025_06_02_17_20_25_376.jpg,0.5000001,0,0,10.29483
C:\myData\IMG\center_2025_06_02_17_20_25_576.jpg,C:\myData\IMG\left_2025_06_02_17_20_25_576.jpg,C:\myData\IMG\right_2025_06_02_17_20_25_576.jpg,0,0,0,10.05929
C:\myData\IMG\center_2025_06_02_17_20_25_774.jpg,C:\myData\IMG\left_2025_06_02_17_20_25_774.jpg,C:\myData\IMG\right_2025_06_02_17_20_25_774.jpg,0,0,0,9.858771
C:\myData\IMG\center_2025_06_02_17_20_26_004.jpg,C:\myData\IMG\left_2025_06_02_17_20_26_004.jpg,C:\myData\IMG\right_2025_06_02_17_20_26_004.jpg,0,0,0,9.622944
C:\myData\IMG\center_2025_06_02_17_20_26_242.jpg,C:\myData\IMG\left_2025_06_02_17_20_26_242.jpg,C:\myData\IMG\right_2025_06_02_17_20_26_242.jpg,0,0,0,9.392747
C:\myData\IMG\center_2025_06_02_17_20_26_443.jpg,C:\myData\IMG\left_2025_06_02_17_20_26_443.jpg,C:\myData\IMG\right_2025_06_02_17_20_26_443.jpg,0,0,0,9.205359
C:\myData\IMG\center_2025_06_02_17_20_26_641.jpg,C:\myData\IMG\left_2025_06_02_17_20_26_641.jpg,C:\myData\IMG\right_2025_06_02_17_20_26_641.jpg,0.45,0,0,8.979607
C:\myData\IMG\center_2025_06_02_17_20_26_838.jpg,C:\myData\IMG\left_2025_06_02_17_20_26_838.jpg,C:\myData\IMG\right_2025_06_02_17_20_26_838.jpg,0.9500002,0,0,8.599031
C:\myData\IMG\center_2025_06_02_17_20_27_037.jpg,C:\myData\IMG\left_2025_06_02_17_20_27_037.jpg,C:\myData\IMG\right_2025_06_02_17_20_27_037.jpg,0,0,0,8.282691
C:\myData\IMG\center_2025_06_02_17_20_27_249.jpg,C:\myData\IMG\left_2025_06_02_17_20_27_249.jpg,C:\myData\IMG\right_2025_06_02_17_20_27_249.jpg,0,0,0,8.100622
C:\myData\IMG\center_2025_06_02_17_20_27_423.jpg,C:\myData\IMG\left_2025_06_02_17_20_27_423.jpg,C:\myData\IMG\right_2025_06_02_17_20_27_423.jpg,0,0,0,7.970922
C:\myData\IMG\center_2025_06_02_17_20_27_628.jpg,C:\myData\IMG\left_2025_06_02_17_20_27_628.jpg,C:\myData\IMG\right_2025_06_02_17_20_27_628.jpg,0,0,0,7.795974
C:\myData\IMG\center_2025_06_02_17_20_27_910.jpg,C:\myData\IMG\left_2025_06_02_17_20_27_910.jpg,C:\myData\IMG\right_2025_06_02_17_20_27_910.jpg,0.7,0,0,7.458376
C:\myData\IMG\center_2025_06_02_17_20_28_123.jpg,C:\myData\IMG\left_2025_06_02_17_20_28_123.jpg,C:\myData\IMG\right_2025_06_02_17_20_28_123.jpg,0,0,0,7.229906
C:\myData\IMG\center_2025_06_02_17_20_28_352.jpg,C:\myData\IMG\left_2025_06_02_17_20_28_352.jpg,C:\myData\IMG\right_2025_06_02_17_20_28_352.jpg,0,0,0,7.071185
C:\myData\IMG\center_2025_06_02_17_20_28_565.jpg,C:\myData\IMG\left_2025_06_02_17_20_28_565.jpg,C:\myData\IMG\right_2025_06_02_17_20_28_565.jpg,0,0,0,6.915985
C:\myData\IMG\center_2025_06_02_17_20_28_777.jpg,C:\myData\IMG\left_2025_06_02_17_20_28_777.jpg,C:\myData\IMG\right_2025_06_02_17_20_28_777.jpg,0,0,0,6.777853
C:\myData\IMG\center_2025_06_02_17_20_28_992.jpg,C:\myData\IMG\left_2025_06_02_17_20_28_992.jpg,C:\myData\IMG\right_2025_06_02_17_20_28_992.jpg,0,0,0,6.629093
C:\myData\IMG\center_2025_06_02_17_20_29_206.jpg,C:\myData\IMG\left_2025_06_02_17_20_29_206.jpg,C:\myData\IMG\right_2025_06_02_17_20_29_206.jpg,0,0,0,6.483853
C:\myData\IMG\center_2025_06_02_17_20_29_416.jpg,C:\myData\IMG\left_2025_06_02_17_20_29_416.jpg,C:\myData\IMG\right_2025_06_02_17_20_29_416.jpg,0.5000001,0,0,6.30203
C:\myData\IMG\center_2025_06_02_17_20_29_628.jpg,C:\myData\IMG\left_2025_06_02_17_20_29_628.jpg,C:\myData\IMG\right_2025_06_02_17_20_29_628.jpg,0,0,0,6.137766
C:\myData\IMG\center_2025_06_02_17_20_29_840.jpg,C:\myData\IMG\left_2025_06_02_17_20_29_840.jpg,C:\myData\IMG\right_2025_06_02_17_20_29_840.jpg,0,0,0,6.015166
C:\myData\IMG\center_2025_06_02_17_20_30_051.jpg,C:\myData\IMG\left_2025_06_02_17_20_30_051.jpg,C:\myData\IMG\right_2025_06_02_17_20_30_051.jpg,0,0,0,5.883138
C:\myData\IMG\center_2025_06_02_17_20_30_268.jpg,C:\myData\IMG\left_2025_06_02_17_20_30_268.jpg,C:\myData\IMG\right_2025_06_02_17_20_30_268.jpg,0,0,0,5.754174
C:\myData\IMG\center_2025_06_02_17_20_30_481.jpg,C:\myData\IMG\left_2025_06_02_17_20_30_481.jpg,C:\myData\IMG\right_2025_06_02_17_20_30_481.jpg,0,0,0,5.627881
C:\myData\IMG\center_2025_06_02_17_20_30_690.jpg,C:\myData\IMG\left_2025_06_02_17_20_30_690.jpg,C:\myData\IMG\right_2025_06_02_17_20_30_690.jpg,0,0,0,5.51548
C:\myData\IMG\center_2025_06_02_17_20_30_905.jpg,C:\myData\IMG\left_2025_06_02_17_20_30_905.jpg,C:\myData\IMG\right_2025_06_02_17_20_30_905.jpg,0,0.6396693,0,7.056344
C:\myData\IMG\center_2025_06_02_17_20_31_116.jpg,C:\myData\IMG\left_2025_06_02_17_20_31_116.jpg,C:\myData\IMG\right_2025_06_02_17_20_31_116.jpg,0.5000001,0.005819678,0,6.909544
C:\myData\IMG\center_2025_06_02_17_20_31_329.jpg,C:\myData\IMG\left_2025_06_02_17_20_31_329.jpg,C:\myData\IMG\right_2025_06_02_17_20_31_329.jpg,0,0,0,6.73107
C:\myData\IMG\center_2025_06_02_17_20_31_546.jpg,C:\myData\IMG\left_2025_06_02_17_20_31_546.jpg,C:\myData\IMG\right_2025_06_02_17_20_31_546.jpg,0.5500001,0,0,6.518825
C:\myData\IMG\center_2025_06_02_17_20_31_763.jpg,C:\myData\IMG\left_2025_06_02_17_20_31_763.jpg,C:\myData\IMG\right_2025_06_02_17_20_31_763.jpg,0,0,0,6.342296
C:\myData\IMG\center_2025_06_02_17_20_31_982.jpg,C:\myData\IMG\left_2025_06_02_17_20_31_982.jpg,C:\myData\IMG\right_2025_06_02_17_20_31_982.jpg,0,0,0,6.203088
C:\myData\IMG\center_2025_06_02_17_20_32_198.jpg,C:\myData\IMG\left_2025_06_02_17_20_32_198.jpg,C:\myData\IMG\right_2025_06_02_17_20_32_198.jpg,0,0,0,6.079196
C:\myData\IMG\center_2025_06_02_17_20_32_409.jpg,C:\myData\IMG\left_2025_06_02_17_20_32_409.jpg,C:\myData\IMG\right_2025_06_02_17_20_32_409.jpg,0.5500001,0,0,5.887493
C:\myData\IMG\center_2025_06_02_17_20_32_630.jpg,C:\myData\IMG\left_2025_06_02_17_20_32_630.jpg,C:\myData\IMG\right_2025_06_02_17_20_32_630.jpg,0,0,0,5.726713
C:\myData\IMG\center_2025_06_02_17_20_32_842.jpg,C:\myData\IMG\left_2025_06_02_17_20_32_842.jpg,C:\myData\IMG\right_2025_06_02_17_20_32_842.jpg,0,0,0,5.601012
C:\myData\IMG\center_2025_06_02_17_20_33_061.jpg,C:\myData\IMG\left_2025_06_02_17_20_33_061.jpg,C:\myData\IMG\right_2025_06_02_17_20_33_061.jpg,0,0,0,5.489139
C:\myData\IMG\center_2025_06_02_17_20_33_280.jpg,C:\myData\IMG\left_2025_06_02_17_20_33_280.jpg,C:\myData\IMG\right_2025_06_02_17_20_33_280.jpg,0,0,0,5.368655
C:\myData\IMG\center_2025_06_02_17_20_33_498.jpg,C:\myData\IMG\left_2025_06_02_17_20_33_498.jpg,C:\myData\IMG\right_2025_06_02_17_20_33_498.jpg,0,0,0,5.250956
C:\myData\IMG\center_2025_06_02_17_20_33_716.jpg,C:\myData\IMG\left_2025_06_02_17_20_33_716.jpg,C:\myData\IMG\right_2025_06_02_17_20_33_716.jpg,0,0,0,5.135844
C:\myData\IMG\center_2025_06_02_17_20_33_932.jpg,C:\myData\IMG\left_2025_06_02_17_20_33_932.jpg,C:\myData\IMG\right_2025_06_02_17_20_33_932.jpg,0.5500001,0,0,4.973835
C:\myData\IMG\center_2025_06_02_17_20_34_150.jpg,C:\myData\IMG\left_2025_06_02_17_20_34_150.jpg,C:\myData\IMG\right_2025_06_02_17_20_34_150.jpg,0,0,0,4.836262
C:\myData\IMG\center_2025_06_02_17_20_34_369.jpg,C:\myData\IMG\left_2025_06_02_17_20_34_369.jpg,C:\myData\IMG\right_2025_06_02_17_20_34_369.jpg,0,0,0,4.73012
C:\myData\IMG\center_2025_06_02_17_20_34_590.jpg,C:\myData\IMG\left_2025_06_02_17_20_34_590.jpg,C:\myData\IMG\right_2025_06_02_17_20_34_590.jpg,0,0,0,4.62631
C:\myData\IMG\center_2025_06_02_17_20_34_804.jpg,C:\myData\IMG\left_2025_06_02_17_20_34_804.jpg,C:\myData\IMG\right_2025_06_02_17_20_34_804.jpg,0,0,0,4.524779
C:\myData\IMG\center_2025_06_02_17_20_35_025.jpg,C:\myData\IMG\left_2025_06_02_17_20_35_025.jpg,C:\myData\IMG\right_2025_06_02_17_20_35_025.jpg,0.5500001,0,0,4.382321
C:\myData\IMG\center_2025_06_02_17_20_35_243.jpg,C:\myData\IMG\left_2025_06_02_17_20_35_243.jpg,C:\myData\IMG\right_2025_06_02_17_20_35_243.jpg,1,0,0,4.172709
C:\myData\IMG\center_2025_06_02_17_20_35_462.jpg,C:\myData\IMG\left_2025_06_02_17_20_35_462.jpg,C:\myData\IMG\right_2025_06_02_17_20_35_462.jpg,0,0,0,3.970089
C:\myData\IMG\center_2025_06_02_17_20_35_691.jpg,C:\myData\IMG\left_2025_06_02_17_20_35_691.jpg,C:\myData\IMG\right_2025_06_02_17_20_35_691.jpg,0,0,0,3.882958
C:\myData\IMG\center_2025_06_02_17_20_35_914.jpg,C:\myData\IMG\left_2025_06_02_17_20_35_914.jpg,C:\myData\IMG\right_2025_06_02_17_20_35_914.jpg,0,0,0,3.79774
C:\myData\IMG\center_2025_06_02_17_20_36_133.jpg,C:\myData\IMG\left_2025_06_02_17_20_36_133.jpg,C:\myData\IMG\right_2025_06_02_17_20_36_133.jpg,0,0,0,3.714395
C:\myData\IMG\center_2025_06_02_17_20_36_355.jpg,C:\myData\IMG\left_2025_06_02_17_20_36_355.jpg,C:\myData\IMG\right_2025_06_02_17_20_36_355.jpg,0,0,0,3.632878
C:\myData\IMG\center_2025_06_02_17_20_36_576.jpg,C:\myData\IMG\left_2025_06_02_17_20_36_576.jpg,C:\myData\IMG\right_2025_06_02_17_20_36_576.jpg,0,0,0,3.553215
C:\myData\IMG\center_2025_06_02_17_20_36_802.jpg,C:\myData\IMG\left_2025_06_02_17_20_36_802.jpg,C:\myData\IMG\right_2025_06_02_17_20_36_802.jpg,0.6000001,0,0,3.429473
C:\myData\IMG\center_2025_06_02_17_20_37_022.jpg,C:\myData\IMG\left_2025_06_02_17_20_37_022.jpg,C:\myData\IMG\right_2025_06_02_17_20_37_022.jpg,1,0,0,3.265711
C:\myData\IMG\center_2025_06_02_17_20_37_246.jpg,C:\myData\IMG\left_2025_06_02_17_20_37_246.jpg,C:\myData\IMG\right_2025_06_02_17_20_37_246.jpg,0,0,0,3.102803
C:\myData\IMG\center_2025_06_02_17_20_37_466.jpg,C:\myData\IMG\left_2025_06_02_17_20_37_466.jpg,C:\myData\IMG\right_2025_06_02_17_20_37_466.jpg,0,0,0,3.034706
C:\myData\IMG\center_2025_06_02_17_20_37_682.jpg,C:\myData\IMG\left_2025_06_02_17_20_37_682.jpg,C:\myData\IMG\right_2025_06_02_17_20_37_682.jpg,0,0,0,2.968103
C:\myData\IMG\center_2025_06_02_17_20_37_911.jpg,C:\myData\IMG\left_2025_06_02_17_20_37_911.jpg,C:\myData\IMG\right_2025_06_02_17_20_37_911.jpg,0,0,0,2.902961
C:\myData\IMG\center_2025_06_02_17_20_38_130.jpg,C:\myData\IMG\left_2025_06_02_17_20_38_130.jpg,C:\myData\IMG\right_2025_06_02_17_20_38_130.jpg,0,0,0,2.839248
C:\myData\IMG\center_2025_06_02_17_20_38_350.jpg,C:\myData\IMG\left_2025_06_02_17_20_38_350.jpg,C:\myData\IMG\right_2025_06_02_17_20_38_350.jpg,0,0,0,2.776932
C:\myData\IMG\center_2025_06_02_17_20_38_571.jpg,C:\myData\IMG\left_2025_06_02_17_20_38_571.jpg,C:\myData\IMG\right_2025_06_02_17_20_38_571.jpg,0,0,0,2.715982
C:\myData\IMG\center_2025_06_02_17_20_38_789.jpg,C:\myData\IMG\left_2025_06_02_17_20_38_789.jpg,C:\myData\IMG\right_2025_06_02_17_20_38_789.jpg,0,0,0,2.656567
C:\myData\IMG\center_2025_06_02_17_20_39_022.jpg,C:\myData\IMG\left_2025_06_02_17_20_39_022.jpg,C:\myData\IMG\right_2025_06_02_17_20_39_022.jpg,0.6000001,0,0,2.564223
C:\myData\IMG\center_2025_06_02_17_20_39_236.jpg,C:\myData\IMG\left_2025_06_02_17_20_39_236.jpg,C:\myData\IMG\right_2025_06_02_17_20_39_236.jpg,1,0,0,2.449004
C:\myData\IMG\center_2025_06_02_17_20_39_459.jpg,C:\myData\IMG\left_2025_06_02_17_20_39_459.jpg,C:\myData\IMG\right_2025_06_02_17_20_39_459.jpg,1,0,0,2.359028
C:\myData\IMG\center_2025_06_02_17_20_39_677.jpg,C:\myData\IMG\left_2025_06_02_17_20_39_677.jpg,C:\myData\IMG\right_2025_06_02_17_20_39_677.jpg,0,0,0,2.239162
C:\myData\IMG\center_2025_06_02_17_20_39_899.jpg,C:\myData\IMG\left_2025_06_02_17_20_39_899.jpg,C:\myData\IMG\right_2025_06_02_17_20_39_899.jpg,0,0,0,2.190026
C:\myData\IMG\center_2025_06_02_17_20_40_127.jpg,C:\myData\IMG\left_2025_06_02_17_20_40_127.jpg,C:\myData\IMG\right_2025_06_02_17_20_40_127.jpg,0,0,0,2.137654
C:\myData\IMG\center_2025_06_02_17_20_40_347.jpg,C:\myData\IMG\left_2025_06_02_17_20_40_347.jpg,C:\myData\IMG\right_2025_06_02_17_20_40_347.jpg,0,0,0,2.090746
C:\myData\IMG\center_2025_06_02_17_20_40_562.jpg,C:\myData\IMG\left_2025_06_02_17_20_40_562.jpg,C:\myData\IMG\right_2025_06_02_17_20_40_562.jpg,0,0,0,2.044868
C:\myData\IMG\center_2025_06_02_17_20_40_784.jpg,C:\myData\IMG\left_2025_06_02_17_20_40_784.jpg,C:\myData\IMG\right_2025_06_02_17_20_40_784.jpg,0,0.6670611,0,3.753141
C:\myData\IMG\center_2025_06_02_17_20_41_005.jpg,C:\myData\IMG\left_2025_06_02_17_20_41_005.jpg,C:\myData\IMG\right_2025_06_02_17_20_41_005.jpg,0,1,0,6.293049
C:\myData\IMG\center_2025_06_02_17_20_41_227.jpg,C:\myData\IMG\left_2025_06_02_17_20_41_227.jpg,C:\myData\IMG\right_2025_06_02_17_20_41_227.jpg,0,0.3338662,0,7.077119
C:\myData\IMG\center_2025_06_02_17_20_41_447.jpg,C:\myData\IMG\left_2025_06_02_17_20_41_447.jpg,C:\myData\IMG\right_2025_06_02_17_20_41_447.jpg,0,0,0,6.941749
C:\myData\IMG\center_2025_06_02_17_20_41_662.jpg,C:\myData\IMG\left_2025_06_02_17_20_41_662.jpg,C:\myData\IMG\right_2025_06_02_17_20_41_662.jpg,0,0,0,6.789403
C:\myData\IMG\center_2025_06_02_17_20_41_886.jpg,C:\myData\IMG\left_2025_06_02_17_20_41_886.jpg,C:\myData\IMG\right_2025_06_02_17_20_41_886.jpg,0.5500001,0,0,6.574562
C:\myData\IMG\center_2025_06_02_17_20_42_109.jpg,C:\myData\IMG\left_2025_06_02_17_20_42_109.jpg,C:\myData\IMG\right_2025_06_02_17_20_42_109.jpg,1,0,0,6.259511
C:\myData\IMG\center_2025_06_02_17_20_42_334.jpg,C:\myData\IMG\left_2025_06_02_17_20_42_334.jpg,C:\myData\IMG\right_2025_06_02_17_20_42_334.jpg,0,0,0,5.969279
C:\myData\IMG\center_2025_06_02_17_20_42_560.jpg,C:\myData\IMG\left_2025_06_02_17_20_42_560.jpg,C:\myData\IMG\right_2025_06_02_17_20_42_560.jpg,0,0,0,5.838237
C:\myData\IMG\center_2025_06_02_17_20_42_776.jpg,C:\myData\IMG\left_2025_06_02_17_20_42_776.jpg,C:\myData\IMG\right_2025_06_02_17_20_42_776.jpg,0,0,0,5.710112
C:\myData\IMG\center_2025_06_02_17_20_42_997.jpg,C:\myData\IMG\left_2025_06_02_17_20_42_997.jpg,C:\myData\IMG\right_2025_06_02_17_20_42_997.jpg,0,0,0,5.584796
C:\myData\IMG\center_2025_06_02_17_20_43_217.jpg,C:\myData\IMG\left_2025_06_02_17_20_43_217.jpg,C:\myData\IMG\right_2025_06_02_17_20_43_217.jpg,0,0,0,5.46223
C:\myData\IMG\center_2025_06_02_17_20_43_431.jpg,C:\myData\IMG\left_2025_06_02_17_20_43_431.jpg,C:\myData\IMG\right_2025_06_02_17_20_43_431.jpg,0,0,0,5.342459
C:\myData\IMG\center_2025_06_02_17_20_43_649.jpg,C:\myData\IMG\left_2025_06_02_17_20_43_649.jpg,C:\myData\IMG\right_2025_06_02_17_20_43_649.jpg,0,0,0,5.22522
C:\myData\IMG\center_2025_06_02_17_20_43_869.jpg,C:\myData\IMG\left_2025_06_02_17_20_43_869.jpg,C:\myData\IMG\right_2025_06_02_17_20_43_869.jpg,0.5500001,0,0,5.060394
C:\myData\IMG\center_2025_06_02_17_20_44_083.jpg,C:\myData\IMG\left_2025_06_02_17_20_44_083.jpg,C:\myData\IMG\right_2025_06_02_17_20_44_083.jpg,0,0,0,4.920623
C:\myData\IMG\center_2025_06_02_17_20_44_308.jpg,C:\myData\IMG\left_2025_06_02_17_20_44_308.jpg,C:\myData\IMG\right_2025_06_02_17_20_44_308.jpg,0,0,0,4.812639
C:\myData\IMG\center_2025_06_02_17_20_44_526.jpg,C:\myData\IMG\left_2025_06_02_17_20_44_526.jpg,C:\myData\IMG\right_2025_06_02_17_20_44_526.jpg,0,0,0,4.707029
C:\myData\IMG\center_2025_06_02_17_20_44_739.jpg,C:\myData\IMG\left_2025_06_02_17_20_44_739.jpg,C:\myData\IMG\right_2025_06_02_17_20_44_739.jpg,0,0,0,4.613032
C:\myData\IMG\center_2025_06_02_17_20_44_970.jpg,C:\myData\IMG\left_2025_06_02_17_20_44_970.jpg,C:\myData\IMG\right_2025_06_02_17_20_44_970.jpg,0,0,0,4.502713
C:\myData\IMG\center_2025_06_02_17_20_45_183.jpg,C:\myData\IMG\left_2025_06_02_17_20_45_183.jpg,C:\myData\IMG\right_2025_06_02_17_20_45_183.jpg,0,0,0,4.403905
C:\myData\IMG\center_2025_06_02_17_20_45_404.jpg,C:\myData\IMG\left_2025_06_02_17_20_45_404.jpg,C:\myData\IMG\right_2025_06_02_17_20_45_404.jpg,0.5500001,0,0,4.265355
C:\myData\IMG\center_2025_06_02_17_20_45_619.jpg,C:\myData\IMG\left_2025_06_02_17_20_45_619.jpg,C:\myData\IMG\right_2025_06_02_17_20_45_619.jpg,1,0,0,4.076791
C:\myData\IMG\center_2025_06_02_17_20_45_842.jpg,C:\myData\IMG\left_2025_06_02_17_20_45_842.jpg,C:\myData\IMG\right_2025_06_02_17_20_45_842.jpg,0,0,0,3.875003
C:\myData\IMG\center_2025_06_02_17_20_46_061.jpg,C:\myData\IMG\left_2025_06_02_17_20_46_061.jpg,C:\myData\IMG\right_2025_06_02_17_20_46_061.jpg,0,0,0,3.789971
C:\myData\IMG\center_2025_06_02_17_20_46_288.jpg,C:\myData\IMG\left_2025_06_02_17_20_46_288.jpg,C:\myData\IMG\right_2025_06_02_17_20_46_288.jpg,0,0,0,3.706807
C:\myData\IMG\center_2025_06_02_17_20_46_499.jpg,C:\myData\IMG\left_2025_06_02_17_20_46_499.jpg,C:\myData\IMG\right_2025_06_02_17_20_46_499.jpg,0,0,0,3.633037
C:\myData\IMG\center_2025_06_02_17_20_46_722.jpg,C:\myData\IMG\left_2025_06_02_17_20_46_722.jpg,C:\myData\IMG\right_2025_06_02_17_20_46_722.jpg,0,0,0,3.546152
C:\myData\IMG\center_2025_06_02_17_20_46_936.jpg,C:\myData\IMG\left_2025_06_02_17_20_46_936.jpg,C:\myData\IMG\right_2025_06_02_17_20_46_936.jpg,0,0,0,3.475337
C:\myData\IMG\center_2025_06_02_17_20_47_151.jpg,C:\myData\IMG\left_2025_06_02_17_20_47_151.jpg,C:\myData\IMG\right_2025_06_02_17_20_47_151.jpg,0,0,0,3.39907
C:\myData\IMG\center_2025_06_02_17_20_47_371.jpg,C:\myData\IMG\left_2025_06_02_17_20_47_371.jpg,C:\myData\IMG\right_2025_06_02_17_20_47_371.jpg,0,0,0,3.324476
C:\myData\IMG\center_2025_06_02_17_20_47_599.jpg,C:\myData\IMG\left_2025_06_02_17_20_47_599.jpg,C:\myData\IMG\right_2025_06_02_17_20_47_599.jpg,0.5500001,0,0,3.220303
C:\myData\IMG\center_2025_06_02_17_20_47_815.jpg,C:\myData\IMG\left_2025_06_02_17_20_47_815.jpg,C:\myData\IMG\right_2025_06_02_17_20_47_815.jpg,1,0,0,3.065402
C:\myData\IMG\center_2025_06_02_17_20_48_036.jpg,C:\myData\IMG\left_2025_06_02_17_20_48_036.jpg,C:\myData\IMG\right_2025_06_02_17_20_48_036.jpg,1,0,0,2.957349
C:\myData\IMG\center_2025_06_02_17_20_48_252.jpg,C:\myData\IMG\left_2025_06_02_17_20_48_252.jpg,C:\myData\IMG\right_2025_06_02_17_20_48_252.jpg,1,0,0,2.854089
C:\myData\IMG\center_2025_06_02_17_20_48_471.jpg,C:\myData\IMG\left_2025_06_02_17_20_48_471.jpg,C:\myData\IMG\right_2025_06_02_17_20_48_471.jpg,0,0,0,2.709299
C:\myData\IMG\center_2025_06_02_17_20_48_694.jpg,C:\myData\IMG\left_2025_06_02_17_20_48_694.jpg,C:\myData\IMG\right_2025_06_02_17_20_48_694.jpg,0,0,0,2.649849
C:\myData\IMG\center_2025_06_02_17_20_48_902.jpg,C:\myData\IMG\left_2025_06_02_17_20_48_902.jpg,C:\myData\IMG\right_2025_06_02_17_20_48_902.jpg,0,0,0,2.591705
C:\myData\IMG\center_2025_06_02_17_20_49_114.jpg,C:\myData\IMG\left_2025_06_02_17_20_49_114.jpg,C:\myData\IMG\right_2025_06_02_17_20_49_114.jpg,0,0,0,2.539956
C:\myData\IMG\center_2025_06_02_17_20_49_326.jpg,C:\myData\IMG\left_2025_06_02_17_20_49_326.jpg,C:\myData\IMG\right_2025_06_02_17_20_49_326.jpg,0,0,0,2.484224
C:\myData\IMG\center_2025_06_02_17_20_49_535.jpg,C:\myData\IMG\left_2025_06_02_17_20_49_535.jpg,C:\myData\IMG\right_2025_06_02_17_20_49_535.jpg,0.5000001,0,0,2.415367
C:\myData\IMG\center_2025_06_02_17_20_49_752.jpg,C:\myData\IMG\left_2025_06_02_17_20_49_752.jpg,C:\myData\IMG\right_2025_06_02_17_20_49_752.jpg,1,0,0,2.298822
C:\myData\IMG\center_2025_06_02_17_20_49_970.jpg,C:\myData\IMG\left_2025_06_02_17_20_49_970.jpg,C:\myData\IMG\right_2025_06_02_17_20_49_970.jpg,1,0,0,2.212697
C:\myData\IMG\center_2025_06_02_17_20_50_182.jpg,C:\myData\IMG\left_2025_06_02_17_20_50_182.jpg,C:\myData\IMG\right_2025_06_02_17_20_50_182.jpg,0,0,0,2.10026
C:\myData\IMG\center_2025_06_02_17_20_50_385.jpg,C:\myData\IMG\left_2025_06_02_17_20_50_385.jpg,C:\myData\IMG\right_2025_06_02_17_20_50_385.jpg,0,0,0,2.058326
C:\myData\IMG\center_2025_06_02_17_20_50_591.jpg,C:\myData\IMG\left_2025_06_02_17_20_50_591.jpg,C:\myData\IMG\right_2025_06_02_17_20_50_591.jpg,0,0,0,2.017228
C:\myData\IMG\center_2025_06_02_17_20_50_810.jpg,C:\myData\IMG\left_2025_06_02_17_20_50_810.jpg,C:\myData\IMG\right_2025_06_02_17_20_50_810.jpg,0,0,0,1.972967
C:\myData\IMG\center_2025_06_02_17_20_51_020.jpg,C:\myData\IMG\left_2025_06_02_17_20_51_020.jpg,C:\myData\IMG\right_2025_06_02_17_20_51_020.jpg,0,0,0,1.933574
C:\myData\IMG\center_2025_06_02_17_20_51_229.jpg,C:\myData\IMG\left_2025_06_02_17_20_51_229.jpg,C:\myData\IMG\right_2025_06_02_17_20_51_229.jpg,0,0.6271638,0,3.540725
C:\myData\IMG\center_2025_06_02_17_20_51_435.jpg,C:\myData\IMG\left_2025_06_02_17_20_51_435.jpg,C:\myData\IMG\right_2025_06_02_17_20_51_435.jpg,0,1,0,5.853893
C:\myData\IMG\center_2025_06_02_17_20_51_646.jpg,C:\myData\IMG\left_2025_06_02_17_20_51_646.jpg,C:\myData\IMG\right_2025_06_02_17_20_51_646.jpg,0,1,0,8.364346
C:\myData\IMG\center_2025_06_02_17_20_51_863.jpg,C:\myData\IMG\left_2025_06_02_17_20_51_863.jpg,C:\myData\IMG\right_2025_06_02_17_20_51_863.jpg,0,1,0,10.82125
C:\myData\IMG\center_2025_06_02_17_20_52_069.jpg,C:\myData\IMG\left_2025_06_02_17_20_52_069.jpg,C:\myData\IMG\right_2025_06_02_17_20_52_069.jpg,0,1,0,13.03536
C:\myData\IMG\center_2025_06_02_17_20_52_373.jpg,C:\myData\IMG\left_2025_06_02_17_20_52_373.jpg,C:\myData\IMG\right_2025_06_02_17_20_52_373.jpg,0,0.378199,0,13.65065
C:\myData\IMG\center_2025_06_02_17_20_52_580.jpg,C:\myData\IMG\left_2025_06_02_17_20_52_580.jpg,C:\myData\IMG\right_2025_06_02_17_20_52_580.jpg,0,0,0,13.49593
C:\myData\IMG\center_2025_06_02_17_20_52_789.jpg,C:\myData\IMG\left_2025_06_02_17_20_52_789.jpg,C:\myData\IMG\right_2025_06_02_17_20_52_789.jpg,0.5000001,0,0,13.12943
C:\myData\IMG\center_2025_06_02_17_20_53_006.jpg,C:\myData\IMG\left_2025_06_02_17_20_53_006.jpg,C:\myData\IMG\right_2025_06_02_17_20_53_006.jpg,1,0,0,12.30735
C:\myData\IMG\center_2025_06_02_17_20_53_224.jpg,C:\myData\IMG\left_2025_06_02_17_20_53_224.jpg,C:\myData\IMG\right_2025_06_02_17_20_53_224.jpg,0,0,0,11.74452
C:\myData\IMG\center_2025_06_02_17_20_53_418.jpg,C:\myData\IMG\left_2025_06_02_17_20_53_418.jpg,C:\myData\IMG\right_2025_06_02_17_20_53_418.jpg,0,0,0,11.91871
C:\myData\IMG\center_2025_06_02_17_20_53_609.jpg,C:\myData\IMG\left_2025_06_02_17_20_53_609.jpg,C:\myData\IMG\right_2025_06_02_17_20_53_609.jpg,0,0,0,11.48578
C:\myData\IMG\center_2025_06_02_17_20_53_800.jpg,C:\myData\IMG\left_2025_06_02_17_20_53_800.jpg,C:\myData\IMG\right_2025_06_02_17_20_53_800.jpg,0,0,0,11.23577
C:\myData\IMG\center_2025_06_02_17_20_53_997.jpg,C:\myData\IMG\left_2025_06_02_17_20_53_997.jpg,C:\myData\IMG\right_2025_06_02_17_20_53_997.jpg,0,0,0,11.06331
C:\myData\IMG\center_2025_06_02_17_20_54_106.jpg,C:\myData\IMG\left_2025_06_02_17_20_54_106.jpg,C:\myData\IMG\right_2025_06_02_17_20_54_106.jpg,0,0,0,10.83909
C:\myData\IMG\center_2025_06_02_17_20_54_294.jpg,C:\myData\IMG\left_2025_06_02_17_20_54_294.jpg,C:\myData\IMG\right_2025_06_02_17_20_54_294.jpg,0,0,0,10.64236
C:\myData\IMG\center_2025_06_02_17_20_54_483.jpg,C:\myData\IMG\left_2025_06_02_17_20_54_483.jpg,C:\myData\IMG\right_2025_06_02_17_20_54_483.jpg,0,0,0,10.42785
C:\myData\IMG\center_2025_06_02_17_20_54_676.jpg,C:\myData\IMG\left_2025_06_02_17_20_54_676.jpg,C:\myData\IMG\right_2025_06_02_17_20_54_676.jpg,0,0,0,10.23898
C:\myData\IMG\center_2025_06_02_17_20_54_869.jpg,C:\myData\IMG\left_2025_06_02_17_20_54_869.jpg,C:\myData\IMG\right_2025_06_02_17_20_54_869.jpg,0,0,0,10.03458
C:\myData\IMG\center_2025_06_02_17_20_55_071.jpg,C:\myData\IMG\left_2025_06_02_17_20_55_071.jpg,C:\myData\IMG\right_2025_06_02_17_20_55_071.jpg,0,0,0,9.834285
C:\myData\IMG\center_2025_06_02_17_20_55_267.jpg,C:\myData\IMG\left_2025_06_02_17_20_55_267.jpg,C:\myData\IMG\right_2025_06_02_17_20_55_267.jpg,0,0,0,9.63798
C:\myData\IMG\center_2025_06_02_17_20_55_466.jpg,C:\myData\IMG\left_2025_06_02_17_20_55_466.jpg,C:\myData\IMG\right_2025_06_02_17_20_55_466.jpg,0,0,0,9.445601
C:\myData\IMG\center_2025_06_02_17_20_55_662.jpg,C:\myData\IMG\left_2025_06_02_17_20_55_662.jpg,C:\myData\IMG\right_2025_06_02_17_20_55_662.jpg,0,0,0,9.257067
C:\myData\IMG\center_2025_06_02_17_20_55_857.jpg,C:\myData\IMG\left_2025_06_02_17_20_55_857.jpg,C:\myData\IMG\right_2025_06_02_17_20_55_857.jpg,0,0,0,9.090615
C:\myData\IMG\center_2025_06_02_17_20_56_047.jpg,C:\myData\IMG\left_2025_06_02_17_20_56_047.jpg,C:\myData\IMG\right_2025_06_02_17_20_56_047.jpg,0.5000001,0,0,8.831964
C:\myData\IMG\center_2025_06_02_17_20_56_247.jpg,C:\myData\IMG\left_2025_06_02_17_20_56_247.jpg,C:\myData\IMG\right_2025_06_02_17_20_56_247.jpg,0,0,0,8.625677
C:\myData\IMG\center_2025_06_02_17_20_56_438.jpg,C:\myData\IMG\left_2025_06_02_17_20_56_438.jpg,C:\myData\IMG\right_2025_06_02_17_20_56_438.jpg,0,0,0,8.469633
C:\myData\IMG\center_2025_06_02_17_20_56_630.jpg,C:\myData\IMG\left_2025_06_02_17_20_56_630.jpg,C:\myData\IMG\right_2025_06_02_17_20_56_630.jpg,0,0,0,8.302032
C:\myData\IMG\center_2025_06_02_17_20_56_828.jpg,C:\myData\IMG\left_2025_06_02_17_20_56_828.jpg,C:\myData\IMG\right_2025_06_02_17_20_56_828.jpg,0,0,0,8.137718
C:\myData\IMG\center_2025_06_02_17_20_57_017.jpg,C:\myData\IMG\left_2025_06_02_17_20_57_017.jpg,C:\myData\IMG\right_2025_06_02_17_20_57_017.jpg,0,0,0,7.992599
C:\myData\IMG\center_2025_06_02_17_20_57_200.jpg,C:\myData\IMG\left_2025_06_02_17_20_57_200.jpg,C:\myData\IMG\right_2025_06_02_17_20_57_200.jpg,0,0,0,7.834431
C:\myData\IMG\center_2025_06_02_17_20_57_396.jpg,C:\myData\IMG\left_2025_06_02_17_20_57_396.jpg,C:\myData\IMG\right_2025_06_02_17_20_57_396.jpg,0.45,0,0,7.641732
C:\myData\IMG\center_2025_06_02_17_20_57_584.jpg,C:\myData\IMG\left_2025_06_02_17_20_57_584.jpg,C:\myData\IMG\right_2025_06_02_17_20_57_584.jpg,0.9500002,0,0,7.314375
C:\myData\IMG\center_2025_06_02_17_20_57_772.jpg,C:\myData\IMG\left_2025_06_02_17_20_57_772.jpg,C:\myData\IMG\right_2025_06_02_17_20_57_772.jpg,0,0,0,7.058236
C:\myData\IMG\center_2025_06_02_17_20_57_960.jpg,C:\myData\IMG\left_2025_06_02_17_20_57_960.jpg,C:\myData\IMG\right_2025_06_02_17_20_57_960.jpg,0,0,0,6.93114
C:\myData\IMG\center_2025_06_02_17_20_58_144.jpg,C:\myData\IMG\left_2025_06_02_17_20_58_144.jpg,C:\myData\IMG\right_2025_06_02_17_20_58_144.jpg,0,0,0,6.792785
C:\myData\IMG\center_2025_06_02_17_20_58_330.jpg,C:\myData\IMG\left_2025_06_02_17_20_58_330.jpg,C:\myData\IMG\right_2025_06_02_17_20_58_330.jpg,0,0,0,6.670623
C:\myData\IMG\center_2025_06_02_17_20_58_515.jpg,C:\myData\IMG\left_2025_06_02_17_20_58_515.jpg,C:\myData\IMG\right_2025_06_02_17_20_58_515.jpg,0,0,0,6.550658
C:\myData\IMG\center_2025_06_02_17_20_58_696.jpg,C:\myData\IMG\left_2025_06_02_17_20_58_696.jpg,C:\myData\IMG\right_2025_06_02_17_20_58_696.jpg,0,0,0,6.432853
C:\myData\IMG\center_2025_06_02_17_20_58_880.jpg,C:\myData\IMG\left_2025_06_02_17_20_58_880.jpg,C:\myData\IMG\right_2025_06_02_17_20_58_880.jpg,0,0.5533563,0,7.488016
C:\myData\IMG\center_2025_06_02_17_20_59_063.jpg,C:\myData\IMG\left_2025_06_02_17_20_59_063.jpg,C:\myData\IMG\right_2025_06_02_17_20_59_063.jpg,0,1,0,9.711755
C:\myData\IMG\center_2025_06_02_17_20_59_246.jpg,C:\myData\IMG\left_2025_06_02_17_20_59_246.jpg,C:\myData\IMG\right_2025_06_02_17_20_59_246.jpg,0,1,0,11.53688
C:\myData\IMG\center_2025_06_02_17_20_59_432.jpg,C:\myData\IMG\left_2025_06_02_17_20_59_432.jpg,C:\myData\IMG\right_2025_06_02_17_20_59_432.jpg,0,0.4469608,0,12.63157
C:\myData\IMG\center_2025_06_02_17_20_59_695.jpg,C:\myData\IMG\left_2025_06_02_17_20_59_695.jpg,C:\myData\IMG\right_2025_06_02_17_20_59_695.jpg,0,0,0,12.27931
C:\myData\IMG\center_2025_06_02_17_20_59_876.jpg,C:\myData\IMG\left_2025_06_02_17_20_59_876.jpg,C:\myData\IMG\right_2025_06_02_17_20_59_876.jpg,0,0,0,12.11573
C:\myData\IMG\center_2025_06_02_17_21_00_060.jpg,C:\myData\IMG\left_2025_06_02_17_21_00_060.jpg,C:\myData\IMG\right_2025_06_02_17_21_00_060.jpg,0,0,0,11.86847
C:\myData\IMG\center_2025_06_02_17_21_00_246.jpg,C:\myData\IMG\left_2025_06_02_17_21_00_246.jpg,C:\myData\IMG\right_2025_06_02_17_21_00_246.jpg,0,0,0,11.64659
C:\myData\IMG\center_2025_06_02_17_21_00_430.jpg,C:\myData\IMG\left_2025_06_02_17_21_00_430.jpg,C:\myData\IMG\right_2025_06_02_17_21_00_430.jpg,0.45,0,0,11.28813
C:\myData\IMG\center_2025_06_02_17_21_00_619.jpg,C:\myData\IMG\left_2025_06_02_17_21_00_619.jpg,C:\myData\IMG\right_2025_06_02_17_21_00_619.jpg,0,0,0,11.14555
C:\myData\IMG\center_2025_06_02_17_21_00_725.jpg,C:\myData\IMG\left_2025_06_02_17_21_00_725.jpg,C:\myData\IMG\right_2025_06_02_17_21_00_725.jpg,0,0,0,10.92405
C:\myData\IMG\center_2025_06_02_17_21_00_905.jpg,C:\myData\IMG\left_2025_06_02_17_21_00_905.jpg,C:\myData\IMG\right_2025_06_02_17_21_00_905.jpg,0,0,0,10.72844
C:\myData\IMG\center_2025_06_02_17_21_01_088.jpg,C:\myData\IMG\left_2025_06_02_17_21_01_088.jpg,C:\myData\IMG\right_2025_06_02_17_21_01_088.jpg,0,0,0,10.53556
C:\myData\IMG\center_2025_06_02_17_21_01_274.jpg,C:\myData\IMG\left_2025_06_02_17_21_01_274.jpg,C:\myData\IMG\right_2025_06_02_17_21_01_274.jpg,0,0,0,10.34598
C:\myData\IMG\center_2025_06_02_17_21_01_457.jpg,C:\myData\IMG\left_2025_06_02_17_21_01_457.jpg,C:\myData\IMG\right_2025_06_02_17_21_01_457.jpg,0,0,0,10.15981
C:\myData\IMG\center_2025_06_02_17_21_01_654.jpg,C:\myData\IMG\left_2025_06_02_17_21_01_654.jpg,C:\myData\IMG\right_2025_06_02_17_21_01_654.jpg,0,0,0,9.956889
C:\myData\IMG\center_2025_06_02_17_21_01_833.jpg,C:\myData\IMG\left_2025_06_02_17_21_01_833.jpg,C:\myData\IMG\right_2025_06_02_17_21_01_833.jpg,0.45,0,0,9.713108
C:\myData\IMG\center_2025_06_02_17_21_02_020.jpg,C:\myData\IMG\left_2025_06_02_17_21_02_020.jpg,C:\myData\IMG\right_2025_06_02_17_21_02_020.jpg,0,0,0,9.514924
C:\myData\IMG\center_2025_06_02_17_21_02_202.jpg,C:\myData\IMG\left_2025_06_02_17_21_02_202.jpg,C:\myData\IMG\right_2025_06_02_17_21_02_202.jpg,0,0,0,9.324733
C:\myData\IMG\center_2025_06_02_17_21_02_390.jpg,C:\myData\IMG\left_2025_06_02_17_21_02_390.jpg,C:\myData\IMG\right_2025_06_02_17_21_02_390.jpg,0,0,0,9.156939
C:\myData\IMG\center_2025_06_02_17_21_02_568.jpg,C:\myData\IMG\left_2025_06_02_17_21_02_568.jpg,C:\myData\IMG\right_2025_06_02_17_21_02_568.jpg,0,0,0,8.992167
C:\myData\IMG\center_2025_06_02_17_21_02_761.jpg,C:\myData\IMG\left_2025_06_02_17_21_02_761.jpg,C:\myData\IMG\right_2025_06_02_17_21_02_761.jpg,0,0,0,8.812565
C:\myData\IMG\center_2025_06_02_17_21_02_947.jpg,C:\myData\IMG\left_2025_06_02_17_21_02_947.jpg,C:\myData\IMG\right_2025_06_02_17_21_02_947.jpg,0.45,0,0,8.596242
C:\myData\IMG\center_2025_06_02_17_21_03_128.jpg,C:\myData\IMG\left_2025_06_02_17_21_03_128.jpg,C:\myData\IMG\right_2025_06_02_17_21_03_128.jpg,0.9000002,0,0,8.274693
C:\myData\IMG\center_2025_06_02_17_21_03_313.jpg,C:\myData\IMG\left_2025_06_02_17_21_03_313.jpg,C:\myData\IMG\right_2025_06_02_17_21_03_313.jpg,1,0,0,7.992882
C:\myData\IMG\center_2025_06_02_17_21_03_503.jpg,C:\myData\IMG\left_2025_06_02_17_21_03_503.jpg,C:\myData\IMG\right_2025_06_02_17_21_03_503.jpg,0,0,0,7.629622
C:\myData\IMG\center_2025_06_02_17_21_03_682.jpg,C:\myData\IMG\left_2025_06_02_17_21_03_682.jpg,C:\myData\IMG\right_2025_06_02_17_21_03_682.jpg,0,0,0,7.491889
C:\myData\IMG\center_2025_06_02_17_21_03_860.jpg,C:\myData\IMG\left_2025_06_02_17_21_03_860.jpg,C:\myData\IMG\right_2025_06_02_17_21_03_860.jpg,0,0,0,7.371949
C:\myData\IMG\center_2025_06_02_17_21_04_032.jpg,C:\myData\IMG\left_2025_06_02_17_21_04_032.jpg,C:\myData\IMG\right_2025_06_02_17_21_04_032.jpg,0,0,0,7.239311
C:\myData\IMG\center_2025_06_02_17_21_04_205.jpg,C:\myData\IMG\left_2025_06_02_17_21_04_205.jpg,C:\myData\IMG\right_2025_06_02_17_21_04_205.jpg,0,0,0,7.109059
C:\myData\IMG\center_2025_06_02_17_21_04_365.jpg,C:\myData\IMG\left_2025_06_02_17_21_04_365.jpg,C:\myData\IMG\right_2025_06_02_17_21_04_365.jpg,0,0,0,6.995251
C:\myData\IMG\center_2025_06_02_17_21_04_533.jpg,C:\myData\IMG\left_2025_06_02_17_21_04_533.jpg,C:\myData\IMG\right_2025_06_02_17_21_04_533.jpg,0,0.5006043,0,7.821002
C:\myData\IMG\center_2025_06_02_17_21_04_702.jpg,C:\myData\IMG\left_2025_06_02_17_21_04_702.jpg,C:\myData\IMG\right_2025_06_02_17_21_04_702.jpg,0,0,0,7.712755
C:\myData\IMG\center_2025_06_02_17_21_04_876.jpg,C:\myData\IMG\left_2025_06_02_17_21_04_876.jpg,C:\myData\IMG\right_2025_06_02_17_21_04_876.jpg,0,0.5200584,0,8.560738
C:\myData\IMG\center_2025_06_02_17_21_05_075.jpg,C:\myData\IMG\left_2025_06_02_17_21_05_075.jpg,C:\myData\IMG\right_2025_06_02_17_21_05_075.jpg,0,1,0,10.75797
C:\myData\IMG\center_2025_06_02_17_21_05_234.jpg,C:\myData\IMG\left_2025_06_02_17_21_05_234.jpg,C:\myData\IMG\right_2025_06_02_17_21_05_234.jpg,0,0.5195722,0,11.23143
C:\myData\IMG\center_2025_06_02_17_21_05_417.jpg,C:\myData\IMG\left_2025_06_02_17_21_05_417.jpg,C:\myData\IMG\right_2025_06_02_17_21_05_417.jpg,0,0,0,11.6709
C:\myData\IMG\center_2025_06_02_17_21_05_656.jpg,C:\myData\IMG\left_2025_06_02_17_21_05_656.jpg,C:\myData\IMG\right_2025_06_02_17_21_05_656.jpg,0.45,0,0,11.19504
C:\myData\IMG\center_2025_06_02_17_21_05_757.jpg,C:\myData\IMG\left_2025_06_02_17_21_05_757.jpg,C:\myData\IMG\right_2025_06_02_17_21_05_757.jpg,0,0,0,10.98221
C:\myData\IMG\center_2025_06_02_17_21_05_922.jpg,C:\myData\IMG\left_2025_06_02_17_21_05_922.jpg,C:\myData\IMG\right_2025_06_02_17_21_05_922.jpg,0,0,0,10.78419
C:\myData\IMG\center_2025_06_02_17_21_06_066.jpg,C:\myData\IMG\left_2025_06_02_17_21_06_066.jpg,C:\myData\IMG\right_2025_06_02_17_21_06_066.jpg,0,0,0,10.63291
C:\myData\IMG\center_2025_06_02_17_21_06_215.jpg,C:\myData\IMG\left_2025_06_02_17_21_06_215.jpg,C:\myData\IMG\right_2025_06_02_17_21_06_215.jpg,0,0,0,10.48373
C:\myData\IMG\center_2025_06_02_17_21_06_423.jpg,C:\myData\IMG\left_2025_06_02_17_21_06_423.jpg,C:\myData\IMG\right_2025_06_02_17_21_06_423.jpg,0,0,0,10.25362
C:\myData\IMG\center_2025_06_02_17_21_06_594.jpg,C:\myData\IMG\left_2025_06_02_17_21_06_594.jpg,C:\myData\IMG\right_2025_06_02_17_21_06_594.jpg,0,0,0,10.08945
C:\myData\IMG\center_2025_06_02_17_21_06_758.jpg,C:\myData\IMG\left_2025_06_02_17_21_06_758.jpg,C:\myData\IMG\right_2025_06_02_17_21_06_758.jpg,0.4,0,0,9.876665
C:\myData\IMG\center_2025_06_02_17_21_06_932.jpg,C:\myData\IMG\left_2025_06_02_17_21_06_932.jpg,C:\myData\IMG\right_2025_06_02_17_21_06_932.jpg,0,0,0,9.681911
C:\myData\IMG\center_2025_06_02_17_21_07_101.jpg,C:\myData\IMG\left_2025_06_02_17_21_07_101.jpg,C:\myData\IMG\right_2025_06_02_17_21_07_101.jpg,0,0,0,9.507577
C:\myData\IMG\center_2025_06_02_17_21_07_260.jpg,C:\myData\IMG\left_2025_06_02_17_21_07_260.jpg,C:\myData\IMG\right_2025_06_02_17_21_07_260.jpg,0,0,0,9.355352
C:\myData\IMG\center_2025_06_02_17_21_07_427.jpg,C:\myData\IMG\left_2025_06_02_17_21_07_427.jpg,C:\myData\IMG\right_2025_06_02_17_21_07_427.jpg,0,0,0,9.205565
C:\myData\IMG\center_2025_06_02_17_21_07_592.jpg,C:\myData\IMG\left_2025_06_02_17_21_07_592.jpg,C:\myData\IMG\right_2025_06_02_17_21_07_592.jpg,0,0,0,9.058178
C:\myData\IMG\center_2025_06_02_17_21_07_759.jpg,C:\myData\IMG\left_2025_06_02_17_21_07_759.jpg,C:\myData\IMG\right_2025_06_02_17_21_07_759.jpg,0,0,0,8.913154
C:\myData\IMG\center_2025_06_02_17_21_07_924.jpg,C:\myData\IMG\left_2025_06_02_17_21_07_924.jpg,C:\myData\IMG\right_2025_06_02_17_21_07_924.jpg,0,0,0,8.75278
C:\myData\IMG\center_2025_06_02_17_21_08_091.jpg,C:\myData\IMG\left_2025_06_02_17_21_08_091.jpg,C:\myData\IMG\right_2025_06_02_17_21_08_091.jpg,0,0,0,8.612648
C:\myData\IMG\center_2025_06_02_17_21_08_262.jpg,C:\myData\IMG\left_2025_06_02_17_21_08_262.jpg,C:\myData\IMG\right_2025_06_02_17_21_08_262.jpg,0,0,0,8.457681
C:\myData\IMG\center_2025_06_02_17_21_08_425.jpg,C:\myData\IMG\left_2025_06_02_17_21_08_425.jpg,C:\myData\IMG\right_2025_06_02_17_21_08_425.jpg,0,0,0,8.322277
C:\myData\IMG\center_2025_06_02_17_21_08_552.jpg,C:\myData\IMG\left_2025_06_02_17_21_08_552.jpg,C:\myData\IMG\right_2025_06_02_17_21_08_552.jpg,0,0,0,8.222149
C:\myData\IMG\center_2025_06_02_17_21_08_752.jpg,C:\myData\IMG\left_2025_06_02_17_21_08_752.jpg,C:\myData\IMG\right_2025_06_02_17_21_08_752.jpg,0,0,0,8.05794
C:\myData\IMG\center_2025_06_02_17_21_08_926.jpg,C:\myData\IMG\left_2025_06_02_17_21_08_926.jpg,C:\myData\IMG\right_2025_06_02_17_21_08_926.jpg,0.45,0,0,7.859965
C:\myData\IMG\center_2025_06_02_17_21_09_100.jpg,C:\myData\IMG\left_2025_06_02_17_21_09_100.jpg,C:\myData\IMG\right_2025_06_02_17_21_09_100.jpg,0,0,0,7.712177
C:\myData\IMG\center_2025_06_02_17_21_09_271.jpg,C:\myData\IMG\left_2025_06_02_17_21_09_271.jpg,C:\myData\IMG\right_2025_06_02_17_21_09_271.jpg,0,0,0,7.573302
C:\myData\IMG\center_2025_06_02_17_21_09_432.jpg,C:\myData\IMG\left_2025_06_02_17_21_09_432.jpg,C:\myData\IMG\right_2025_06_02_17_21_09_432.jpg,0,0,0,7.452058
C:\myData\IMG\center_2025_06_02_17_21_09_596.jpg,C:\myData\IMG\left_2025_06_02_17_21_09_596.jpg,C:\myData\IMG\right_2025_06_02_17_21_09_596.jpg,0,0,0,7.332755
C:\myData\IMG\center_2025_06_02_17_21_09_760.jpg,C:\myData\IMG\left_2025_06_02_17_21_09_760.jpg,C:\myData\IMG\right_2025_06_02_17_21_09_760.jpg,0,0,0,7.21528
C:\myData\IMG\center_2025_06_02_17_21_09_923.jpg,C:\myData\IMG\left_2025_06_02_17_21_09_923.jpg,C:\myData\IMG\right_2025_06_02_17_21_09_923.jpg,0,0.4905924,0,8.121221
C:\myData\IMG\center_2025_06_02_17_21_10_091.jpg,C:\myData\IMG\left_2025_06_02_17_21_10_091.jpg,C:\myData\IMG\right_2025_06_02_17_21_10_091.jpg,0,0.9979814,0,9.878064
C:\myData\IMG\center_2025_06_02_17_21_10_263.jpg,C:\myData\IMG\left_2025_06_02_17_21_10_263.jpg,C:\myData\IMG\right_2025_06_02_17_21_10_263.jpg,0,1,0,11.99352
C:\myData\IMG\center_2025_06_02_17_21_10_429.jpg,C:\myData\IMG\left_2025_06_02_17_21_10_429.jpg,C:\myData\IMG\right_2025_06_02_17_21_10_429.jpg,0,0.5036686,0,12.84294
C:\myData\IMG\center_2025_06_02_17_21_10_660.jpg,C:\myData\IMG\left_2025_06_02_17_21_10_660.jpg,C:\myData\IMG\right_2025_06_02_17_21_10_660.jpg,0,0.9951361,0,14.25205
C:\myData\IMG\center_2025_06_02_17_21_10_818.jpg,C:\myData\IMG\left_2025_06_02_17_21_10_818.jpg,C:\myData\IMG\right_2025_06_02_17_21_10_818.jpg,0,0.5317562,0,15.07197
C:\myData\IMG\center_2025_06_02_17_21_10_968.jpg,C:\myData\IMG\left_2025_06_02_17_21_10_968.jpg,C:\myData\IMG\right_2025_06_02_17_21_10_968.jpg,0,0.03099227,0,14.75617
C:\myData\IMG\center_2025_06_02_17_21_11_128.jpg,C:\myData\IMG\left_2025_06_02_17_21_11_128.jpg,C:\myData\IMG\right_2025_06_02_17_21_11_128.jpg,0,0,0,15.10014
C:\myData\IMG\center_2025_06_02_17_21_11_311.jpg,C:\myData\IMG\left_2025_06_02_17_21_11_311.jpg,C:\myData\IMG\right_2025_06_02_17_21_11_311.jpg,0.45,0,0,14.22204
C:\myData\IMG\center_2025_06_02_17_21_11_478.jpg,C:\myData\IMG\left_2025_06_02_17_21_11_478.jpg,C:\myData\IMG\right_2025_06_02_17_21_11_478.jpg,0,0,0,14.44832
C:\myData\IMG\center_2025_06_02_17_21_11_642.jpg,C:\myData\IMG\left_2025_06_02_17_21_11_642.jpg,C:\myData\IMG\right_2025_06_02_17_21_11_642.jpg,0,0,0,14.23335
C:\myData\IMG\center_2025_06_02_17_21_11_804.jpg,C:\myData\IMG\left_2025_06_02_17_21_11_804.jpg,C:\myData\IMG\right_2025_06_02_17_21_11_804.jpg,0,0,0,14.01999
C:\myData\IMG\center_2025_06_02_17_21_11_971.jpg,C:\myData\IMG\left_2025_06_02_17_21_11_971.jpg,C:\myData\IMG\right_2025_06_02_17_21_11_971.jpg,0,0,0,13.7765
C:\myData\IMG\center_2025_06_02_17_21_12_126.jpg,C:\myData\IMG\left_2025_06_02_17_21_12_126.jpg,C:\myData\IMG\right_2025_06_02_17_21_12_126.jpg,0,0,0,13.5177
C:\myData\IMG\center_2025_06_02_17_21_12_287.jpg,C:\myData\IMG\left_2025_06_02_17_21_12_287.jpg,C:\myData\IMG\right_2025_06_02_17_21_12_287.jpg,0,0,0,13.29883
C:\myData\IMG\center_2025_06_02_17_21_12_435.jpg,C:\myData\IMG\left_2025_06_02_17_21_12_435.jpg,C:\myData\IMG\right_2025_06_02_17_21_12_435.jpg,0,0,0,13.08335
C:\myData\IMG\center_2025_06_02_17_21_12_592.jpg,C:\myData\IMG\left_2025_06_02_17_21_12_592.jpg,C:\myData\IMG\right_2025_06_02_17_21_12_592.jpg,0.35,0,0,12.30788
C:\myData\IMG\center_2025_06_02_17_21_12_749.jpg,C:\myData\IMG\left_2025_06_02_17_21_12_749.jpg,C:\myData\IMG\right_2025_06_02_17_21_12_749.jpg,0,0,0,12.12643
C:\myData\IMG\center_2025_06_02_17_21_12_915.jpg,C:\myData\IMG\left_2025_06_02_17_21_12_915.jpg,C:\myData\IMG\right_2025_06_02_17_21_12_915.jpg,0,0,0,12.44715
C:\myData\IMG\center_2025_06_02_17_21_13_069.jpg,C:\myData\IMG\left_2025_06_02_17_21_13_069.jpg,C:\myData\IMG\right_2025_06_02_17_21_13_069.jpg,0,0,0,11.71989
C:\myData\IMG\center_2025_06_02_17_21_13_225.jpg,C:\myData\IMG\left_2025_06_02_17_21_13_225.jpg,C:\myData\IMG\right_2025_06_02_17_21_13_225.jpg,0,0,0,11.52021
C:\myData\IMG\center_2025_06_02_17_21_13_381.jpg,C:\myData\IMG\left_2025_06_02_17_21_13_381.jpg,C:\myData\IMG\right_2025_06_02_17_21_13_381.jpg,0,0,0,11.3254
C:\myData\IMG\center_2025_06_02_17_21_13_545.jpg,C:\myData\IMG\left_2025_06_02_17_21_13_545.jpg,C:\myData\IMG\right_2025_06_02_17_21_13_545.jpg,0,0,0,11.14217
C:\myData\IMG\center_2025_06_02_17_21_13_701.jpg,C:\myData\IMG\left_2025_06_02_17_21_13_701.jpg,C:\myData\IMG\right_2025_06_02_17_21_13_701.jpg,0,0,0,11.21701
C:\myData\IMG\center_2025_06_02_17_21_13_856.jpg,C:\myData\IMG\left_2025_06_02_17_21_13_856.jpg,C:\myData\IMG\right_2025_06_02_17_21_13_856.jpg,0.35,0,0,11.11761
C:\myData\IMG\center_2025_06_02_17_21_13_900.jpg,C:\myData\IMG\left_2025_06_02_17_21_13_900.jpg,C:\myData\IMG\right_2025_06_02_17_21_13_900.jpg,0.7,0,0,10.82762
C:\myData\IMG\center_2025_06_02_17_21_14_070.jpg,C:\myData\IMG\left_2025_06_02_17_21_14_070.jpg,C:\myData\IMG\right_2025_06_02_17_21_14_070.jpg,0,0,0,10.55636
C:\myData\IMG\center_2025_06_02_17_21_14_224.jpg,C:\myData\IMG\left_2025_06_02_17_21_14_224.jpg,C:\myData\IMG\right_2025_06_02_17_21_14_224.jpg,0,0,0,10.40772
C:\myData\IMG\center_2025_06_02_17_21_14_365.jpg,C:\myData\IMG\left_2025_06_02_17_21_14_365.jpg,C:\myData\IMG\right_2025_06_02_17_21_14_365.jpg,0,0,0,10.24106
C:\myData\IMG\center_2025_06_02_17_21_14_518.jpg,C:\myData\IMG\left_2025_06_02_17_21_14_518.jpg,C:\myData\IMG\right_2025_06_02_17_21_14_518.jpg,0,0,0,10.09744
C:\myData\IMG\center_2025_06_02_17_21_14_680.jpg,C:\myData\IMG\left_2025_06_02_17_21_14_680.jpg,C:\myData\IMG\right_2025_06_02_17_21_14_680.jpg,0,0,0,9.935769
C:\myData\IMG\center_2025_06_02_17_21_14_834.jpg,C:\myData\IMG\left_2025_06_02_17_21_14_834.jpg,C:\myData\IMG\right_2025_06_02_17_21_14_834.jpg,0,0,0,9.776627
C:\myData\IMG\center_2025_06_02_17_21_14_988.jpg,C:\myData\IMG\left_2025_06_02_17_21_14_988.jpg,C:\myData\IMG\right_2025_06_02_17_21_14_988.jpg,0,0,0,9.620095
C:\myData\IMG\center_2025_06_02_17_21_15_142.jpg,C:\myData\IMG\left_2025_06_02_17_21_15_142.jpg,C:\myData\IMG\right_2025_06_02_17_21_15_142.jpg,0,0,0,9.466068
C:\myData\IMG\center_2025_06_02_17_21_15_290.jpg,C:\myData\IMG\left_2025_06_02_17_21_15_290.jpg,C:\myData\IMG\right_2025_06_02_17_21_15_290.jpg,0,0,0,9.333319
C:\myData\IMG\center_2025_06_02_17_21_15_450.jpg,C:\myData\IMG\left_2025_06_02_17_21_15_450.jpg,C:\myData\IMG\right_2025_06_02_17_21_15_450.jpg,0,0,0,9.183858
C:\myData\IMG\center_2025_06_02_17_21_15_562.jpg,C:\myData\IMG\left_2025_06_02_17_21_15_562.jpg,C:\myData\IMG\right_2025_06_02_17_21_15_562.jpg,0,0,0,9.073333
C:\myData\IMG\center_2025_06_02_17_21_15_713.jpg,C:\myData\IMG\left_2025_06_02_17_21_15_713.jpg,C:\myData\IMG\right_2025_06_02_17_21_15_713.jpg,0,0,0,8.946092
C:\myData\IMG\center_2025_06_02_17_21_15_857.jpg,C:\myData\IMG\left_2025_06_02_17_21_15_857.jpg,C:\myData\IMG\right_2025_06_02_17_21_15_857.jpg,0,0,0,8.820641
C:\myData\IMG\center_2025_06_02_17_21_16_009.jpg,C:\myData\IMG\left_2025_06_02_17_21_16_009.jpg,C:\myData\IMG\right_2025_06_02_17_21_16_009.jpg,0,0,0,8.679424
C:\myData\IMG\center_2025_06_02_17_21_16_155.jpg,C:\myData\IMG\left_2025_06_02_17_21_16_155.jpg,C:\myData\IMG\right_2025_06_02_17_21_16_155.jpg,0,0,0,8.557715
C:\myData\IMG\center_2025_06_02_17_21_16_303.jpg,C:\myData\IMG\left_2025_06_02_17_21_16_303.jpg,C:\myData\IMG\right_2025_06_02_17_21_16_303.jpg,0.4,0,0,8.376417
C:\myData\IMG\center_2025_06_02_17_21_16_446.jpg,C:\myData\IMG\left_2025_06_02_17_21_16_446.jpg,C:\myData\IMG\right_2025_06_02_17_21_16_446.jpg,0.7500002,0,0,8.150698
C:\myData\IMG\center_2025_06_02_17_21_16_598.jpg,C:\myData\IMG\left_2025_06_02_17_21_16_598.jpg,C:\myData\IMG\right_2025_06_02_17_21_16_598.jpg,0,0,0,7.956369
C:\myData\IMG\center_2025_06_02_17_21_16_751.jpg,C:\myData\IMG\left_2025_06_02_17_21_16_751.jpg,C:\myData\IMG\right_2025_06_02_17_21_16_751.jpg,0,0,0,7.828184
C:\myData\IMG\center_2025_06_02_17_21_16_910.jpg,C:\myData\IMG\left_2025_06_02_17_21_16_910.jpg,C:\myData\IMG\right_2025_06_02_17_21_16_910.jpg,0,0,0,7.702852
C:\myData\IMG\center_2025_06_02_17_21_17_057.jpg,C:\myData\IMG\left_2025_06_02_17_21_17_057.jpg,C:\myData\IMG\right_2025_06_02_17_21_17_057.jpg,0,0,0,7.594841
C:\myData\IMG\center_2025_06_02_17_21_17_197.jpg,C:\myData\IMG\left_2025_06_02_17_21_17_197.jpg,C:\myData\IMG\right_2025_06_02_17_21_17_197.jpg,0,0,0,7.488342
C:\myData\IMG\center_2025_06_02_17_21_17_334.jpg,C:\myData\IMG\left_2025_06_02_17_21_17_334.jpg,C:\myData\IMG\right_2025_06_02_17_21_17_334.jpg,0,0,0,7.383339
C:\myData\IMG\center_2025_06_02_17_21_17_481.jpg,C:\myData\IMG\left_2025_06_02_17_21_17_481.jpg,C:\myData\IMG\right_2025_06_02_17_21_17_481.jpg,0,0,0,7.265135
C:\myData\IMG\center_2025_06_02_17_21_17_623.jpg,C:\myData\IMG\left_2025_06_02_17_21_17_623.jpg,C:\myData\IMG\right_2025_06_02_17_21_17_623.jpg,0,0,0,7.16326
C:\myData\IMG\center_2025_06_02_17_21_17_773.jpg,C:\myData\IMG\left_2025_06_02_17_21_17_773.jpg,C:\myData\IMG\right_2025_06_02_17_21_17_773.jpg,0.35,0,0,7.034097
C:\myData\IMG\center_2025_06_02_17_21_17_916.jpg,C:\myData\IMG\left_2025_06_02_17_21_17_916.jpg,C:\myData\IMG\right_2025_06_02_17_21_17_916.jpg,0,0,0,6.924626
C:\myData\IMG\center_2025_06_02_17_21_18_058.jpg,C:\myData\IMG\left_2025_06_02_17_21_18_058.jpg,C:\myData\IMG\right_2025_06_02_17_21_18_058.jpg,0,0,0,6.827448
C:\myData\IMG\center_2025_06_02_17_21_18_198.jpg,C:\myData\IMG\left_2025_06_02_17_21_18_198.jpg,C:\myData\IMG\right_2025_06_02_17_21_18_198.jpg,0,0,0,6.731714
C:\myData\IMG\center_2025_06_02_17_21_18_335.jpg,C:\myData\IMG\left_2025_06_02_17_21_18_335.jpg,C:\myData\IMG\right_2025_06_02_17_21_18_335.jpg,0,0,0,6.637321
C:\myData\IMG\center_2025_06_02_17_21_18_479.jpg,C:\myData\IMG\left_2025_06_02_17_21_18_479.jpg,C:\myData\IMG\right_2025_06_02_17_21_18_479.jpg,0,0,0,6.544251
C:\myData\IMG\center_2025_06_02_17_21_18_622.jpg,C:\myData\IMG\left_2025_06_02_17_21_18_622.jpg,C:\myData\IMG\right_2025_06_02_17_21_18_622.jpg,0,0.4245156,0,7.236434
C:\myData\IMG\center_2025_06_02_17_21_18_761.jpg,C:\myData\IMG\left_2025_06_02_17_21_18_761.jpg,C:\myData\IMG\right_2025_06_02_17_21_18_761.jpg,0,0.8475783,0,8.539793
C:\myData\IMG\center_2025_06_02_17_21_18_908.jpg,C:\myData\IMG\left_2025_06_02_17_21_18_908.jpg,C:\myData\IMG\right_2025_06_02_17_21_18_908.jpg,0,0.4118739,0,9.148396
C:\myData\IMG\center_2025_06_02_17_21_19_090.jpg,C:\myData\IMG\left_2025_06_02_17_21_19_090.jpg,C:\myData\IMG\right_2025_06_02_17_21_19_090.jpg,0,0.9618294,0,11.02525
C:\myData\IMG\center_2025_06_02_17_21_19_220.jpg,C:\myData\IMG\left_2025_06_02_17_21_19_220.jpg,C:\myData\IMG\right_2025_06_02_17_21_19_220.jpg,0,1,0,12.52898
C:\myData\IMG\center_2025_06_02_17_21_19_443.jpg,C:\myData\IMG\left_2025_06_02_17_21_19_443.jpg,C:\myData\IMG\right_2025_06_02_17_21_19_443.jpg,0,1,0,14.20874
C:\myData\IMG\center_2025_06_02_17_21_19_585.jpg,C:\myData\IMG\left_2025_06_02_17_21_19_585.jpg,C:\myData\IMG\right_2025_06_02_17_21_19_585.jpg,0,1,0,15.39381
C:\myData\IMG\center_2025_06_02_17_21_19_623.jpg,C:\myData\IMG\left_2025_06_02_17_21_19_623.jpg,C:\myData\IMG\right_2025_06_02_17_21_19_623.jpg,0,1,0,16.69936
C:\myData\IMG\center_2025_06_02_17_21_19_768.jpg,C:\myData\IMG\left_2025_06_02_17_21_19_768.jpg,C:\myData\IMG\right_2025_06_02_17_21_19_768.jpg,0,0.5659717,0,17.72375
C:\myData\IMG\center_2025_06_02_17_21_19_924.jpg,C:\myData\IMG\left_2025_06_02_17_21_19_924.jpg,C:\myData\IMG\right_2025_06_02_17_21_19_924.jpg,0,1,0,18.91258
C:\myData\IMG\center_2025_06_02_17_21_20_065.jpg,C:\myData\IMG\left_2025_06_02_17_21_20_065.jpg,C:\myData\IMG\right_2025_06_02_17_21_20_065.jpg,0,0.5512063,0,19.66582
C:\myData\IMG\center_2025_06_02_17_21_20_209.jpg,C:\myData\IMG\left_2025_06_02_17_21_20_209.jpg,C:\myData\IMG\right_2025_06_02_17_21_20_209.jpg,0,0.1187185,0,19.92839
C:\myData\IMG\center_2025_06_02_17_21_20_351.jpg,C:\myData\IMG\left_2025_06_02_17_21_20_351.jpg,C:\myData\IMG\right_2025_06_02_17_21_20_351.jpg,0,0,0,19.29987
C:\myData\IMG\center_2025_06_02_17_21_20_495.jpg,C:\myData\IMG\left_2025_06_02_17_21_20_495.jpg,C:\myData\IMG\right_2025_06_02_17_21_20_495.jpg,0.35,0,0,19.34638
C:\myData\IMG\center_2025_06_02_17_21_20_641.jpg,C:\myData\IMG\left_2025_06_02_17_21_20_641.jpg,C:\myData\IMG\right_2025_06_02_17_21_20_641.jpg,0,0,0,19.05907
C:\myData\IMG\center_2025_06_02_17_21_20_786.jpg,C:\myData\IMG\left_2025_06_02_17_21_20_786.jpg,C:\myData\IMG\right_2025_06_02_17_21_20_786.jpg,0,0,0,18.31153
C:\myData\IMG\center_2025_06_02_17_21_20_933.jpg,C:\myData\IMG\left_2025_06_02_17_21_20_933.jpg,C:\myData\IMG\right_2025_06_02_17_21_20_933.jpg,0,0,0,18.543
C:\myData\IMG\center_2025_06_02_17_21_21_081.jpg,C:\myData\IMG\left_2025_06_02_17_21_21_081.jpg,C:\myData\IMG\right_2025_06_02_17_21_21_081.jpg,0,0,0,18.25227
C:\myData\IMG\center_2025_06_02_17_21_21_218.jpg,C:\myData\IMG\left_2025_06_02_17_21_21_218.jpg,C:\myData\IMG\right_2025_06_02_17_21_21_218.jpg,0,0,0,18.03698
C:\myData\IMG\center_2025_06_02_17_21_21_366.jpg,C:\myData\IMG\left_2025_06_02_17_21_21_366.jpg,C:\myData\IMG\right_2025_06_02_17_21_21_366.jpg,0,0,0,17.75341
C:\myData\IMG\center_2025_06_02_17_21_21_511.jpg,C:\myData\IMG\left_2025_06_02_17_21_21_511.jpg,C:\myData\IMG\right_2025_06_02_17_21_21_511.jpg,0,0,0,16.9759
C:\myData\IMG\center_2025_06_02_17_21_21_647.jpg,C:\myData\IMG\left_2025_06_02_17_21_21_647.jpg,C:\myData\IMG\right_2025_06_02_17_21_21_647.jpg,0,0,0,17.26759
C:\myData\IMG\center_2025_06_02_17_21_21_788.jpg,C:\myData\IMG\left_2025_06_02_17_21_21_788.jpg,C:\myData\IMG\right_2025_06_02_17_21_21_788.jpg,0.35,0,0,16.45466
C:\myData\IMG\center_2025_06_02_17_21_21_924.jpg,C:\myData\IMG\left_2025_06_02_17_21_21_924.jpg,C:\myData\IMG\right_2025_06_02_17_21_21_924.jpg,0,0,0,16.73923
C:\myData\IMG\center_2025_06_02_17_21_22_179.jpg,C:\myData\IMG\left_2025_06_02_17_21_22_179.jpg,C:\myData\IMG\right_2025_06_02_17_21_22_179.jpg,0,0,0,15.96377
C:\myData\IMG\center_2025_06_02_17_21_22_321.jpg,C:\myData\IMG\left_2025_06_02_17_21_22_321.jpg,C:\myData\IMG\right_2025_06_02_17_21_22_321.jpg,0,0,0,16.28672
C:\myData\IMG\center_2025_06_02_17_21_22_467.jpg,C:\myData\IMG\left_2025_06_02_17_21_22_467.jpg,C:\myData\IMG\right_2025_06_02_17_21_22_467.jpg,0,0,0,16.03905
C:\myData\IMG\center_2025_06_02_17_21_22_590.jpg,C:\myData\IMG\left_2025_06_02_17_21_22_590.jpg,C:\myData\IMG\right_2025_06_02_17_21_22_590.jpg,0,0,0,15.85168
C:\myData\IMG\center_2025_06_02_17_21_22_736.jpg,C:\myData\IMG\left_2025_06_02_17_21_22_736.jpg,C:\myData\IMG\right_2025_06_02_17_21_22_736.jpg,0,0,0,15.1124
C:\myData\IMG\center_2025_06_02_17_21_22_875.jpg,C:\myData\IMG\left_2025_06_02_17_21_22_875.jpg,C:\myData\IMG\right_2025_06_02_17_21_22_875.jpg,0,0,0,15.41979
C:\myData\IMG\center_2025_06_02_17_21_23_018.jpg,C:\myData\IMG\left_2025_06_02_17_21_23_018.jpg,C:\myData\IMG\right_2025_06_02_17_21_23_018.jpg,0,0,0,15.17772
C:\myData\IMG\center_2025_06_02_17_21_23_163.jpg,C:\myData\IMG\left_2025_06_02_17_21_23_163.jpg,C:\myData\IMG\right_2025_06_02_17_21_23_163.jpg,0,0,0,14.45747
C:\myData\IMG\center_2025_06_02_17_21_23_317.jpg,C:\myData\IMG\left_2025_06_02_17_21_23_317.jpg,C:\myData\IMG\right_2025_06_02_17_21_23_317.jpg,0,0,0,14.22678
C:\myData\IMG\center_2025_06_02_17_21_23_461.jpg,C:\myData\IMG\left_2025_06_02_17_21_23_461.jpg,C:\myData\IMG\right_2025_06_02_17_21_23_461.jpg,0.35,0,0,14.48131
C:\myData\IMG\center_2025_06_02_17_21_23_604.jpg,C:\myData\IMG\left_2025_06_02_17_21_23_604.jpg,C:\myData\IMG\right_2025_06_02_17_21_23_604.jpg,0.7,0,0,13.60657
C:\myData\IMG\center_2025_06_02_17_21_23_758.jpg,C:\myData\IMG\left_2025_06_02_17_21_23_758.jpg,C:\myData\IMG\right_2025_06_02_17_21_23_758.jpg,0,0,0,13.82043
C:\myData\IMG\center_2025_06_02_17_21_23_904.jpg,C:\myData\IMG\left_2025_06_02_17_21_23_904.jpg,C:\myData\IMG\right_2025_06_02_17_21_23_904.jpg,0,0,0,13.2019
C:\myData\IMG\center_2025_06_02_17_21_24_046.jpg,C:\myData\IMG\left_2025_06_02_17_21_24_046.jpg,C:\myData\IMG\right_2025_06_02_17_21_24_046.jpg,0,0,0,13.41981
C:\myData\IMG\center_2025_06_02_17_21_24_190.jpg,C:\myData\IMG\left_2025_06_02_17_21_24_190.jpg,C:\myData\IMG\right_2025_06_02_17_21_24_190.jpg,0,0,0,13.18654
C:\myData\IMG\center_2025_06_02_17_21_24_327.jpg,C:\myData\IMG\left_2025_06_02_17_21_24_327.jpg,C:\myData\IMG\right_2025_06_02_17_21_24_327.jpg,0,0,0,12.54067
C:\myData\IMG\center_2025_06_02_17_21_24_471.jpg,C:\myData\IMG\left_2025_06_02_17_21_24_471.jpg,C:\myData\IMG\right_2025_06_02_17_21_24_471.jpg,0,0,0,12.78538
C:\myData\IMG\center_2025_06_02_17_21_24_613.jpg,C:\myData\IMG\left_2025_06_02_17_21_24_613.jpg,C:\myData\IMG\right_2025_06_02_17_21_24_613.jpg,0,0,0,12.08719
C:\myData\IMG\center_2025_06_02_17_21_24_747.jpg,C:\myData\IMG\left_2025_06_02_17_21_24_747.jpg,C:\myData\IMG\right_2025_06_02_17_21_24_747.jpg,0,0,0,12.38931
C:\myData\IMG\center_2025_06_02_17_21_24_885.jpg,C:\myData\IMG\left_2025_06_02_17_21_24_885.jpg,C:\myData\IMG\right_2025_06_02_17_21_24_885.jpg,0,0.4076952,0,12.70618
C:\myData\IMG\center_2025_06_02_17_21_25_021.jpg,C:\myData\IMG\left_2025_06_02_17_21_25_021.jpg,C:\myData\IMG\right_2025_06_02_17_21_25_021.jpg,0,0,0,12.44087
C:\myData\IMG\center_2025_06_02_17_21_25_162.jpg,C:\myData\IMG\left_2025_06_02_17_21_25_162.jpg,C:\myData\IMG\right_2025_06_02_17_21_25_162.jpg,0,0.4202604,0,13.22144
C:\myData\IMG\center_2025_06_02_17_21_25_297.jpg,C:\myData\IMG\left_2025_06_02_17_21_25_297.jpg,C:\myData\IMG\right_2025_06_02_17_21_25_297.jpg,0,0.8341155,0,14.32556
C:\myData\IMG\center_2025_06_02_17_21_25_442.jpg,C:\myData\IMG\left_2025_06_02_17_21_25_442.jpg,C:\myData\IMG\right_2025_06_02_17_21_25_442.jpg,0,1,0,15.81505
C:\myData\IMG\center_2025_06_02_17_21_25_481.jpg,C:\myData\IMG\left_2025_06_02_17_21_25_481.jpg,C:\myData\IMG\right_2025_06_02_17_21_25_481.jpg,0,0.5606782,0,16.49989
C:\myData\IMG\center_2025_06_02_17_21_25_620.jpg,C:\myData\IMG\left_2025_06_02_17_21_25_620.jpg,C:\myData\IMG\right_2025_06_02_17_21_25_620.jpg,0,0.9762092,0,17.91976
C:\myData\IMG\center_2025_06_02_17_21_25_753.jpg,C:\myData\IMG\left_2025_06_02_17_21_25_753.jpg,C:\myData\IMG\right_2025_06_02_17_21_25_753.jpg,0,1,0,19.35978
C:\myData\IMG\center_2025_06_02_17_21_25_894.jpg,C:\myData\IMG\left_2025_06_02_17_21_25_894.jpg,C:\myData\IMG\right_2025_06_02_17_21_25_894.jpg,0,1,0,20.78134
C:\myData\IMG\center_2025_06_02_17_21_26_027.jpg,C:\myData\IMG\left_2025_06_02_17_21_26_027.jpg,C:\myData\IMG\right_2025_06_02_17_21_26_027.jpg,0,0.5946994,0,21.57306
C:\myData\IMG\center_2025_06_02_17_21_26_167.jpg,C:\myData\IMG\left_2025_06_02_17_21_26_167.jpg,C:\myData\IMG\right_2025_06_02_17_21_26_167.jpg,0,0.1821184,0,21.62023
C:\myData\IMG\center_2025_06_02_17_21_26_302.jpg,C:\myData\IMG\left_2025_06_02_17_21_26_302.jpg,C:\myData\IMG\right_2025_06_02_17_21_26_302.jpg,0,0,0,21.30687
C:\myData\IMG\center_2025_06_02_17_21_26_446.jpg,C:\myData\IMG\left_2025_06_02_17_21_26_446.jpg,C:\myData\IMG\right_2025_06_02_17_21_26_446.jpg,0,0,0,21.00784
C:\myData\IMG\center_2025_06_02_17_21_26_584.jpg,C:\myData\IMG\left_2025_06_02_17_21_26_584.jpg,C:\myData\IMG\right_2025_06_02_17_21_26_584.jpg,0,0,0,20.70765
C:\myData\IMG\center_2025_06_02_17_21_26_721.jpg,C:\myData\IMG\left_2025_06_02_17_21_26_721.jpg,C:\myData\IMG\right_2025_06_02_17_21_26_721.jpg,0,0,0,20.4145
C:\myData\IMG\center_2025_06_02_17_21_26_853.jpg,C:\myData\IMG\left_2025_06_02_17_21_26_853.jpg,C:\myData\IMG\right_2025_06_02_17_21_26_853.jpg,0,0,0,20.1665
C:\myData\IMG\center_2025_06_02_17_21_26_977.jpg,C:\myData\IMG\left_2025_06_02_17_21_26_977.jpg,C:\myData\IMG\right_2025_06_02_17_21_26_977.jpg,0,0,0,19.92248
C:\myData\IMG\center_2025_06_02_17_21_27_098.jpg,C:\myData\IMG\left_2025_06_02_17_21_27_098.jpg,C:\myData\IMG\right_2025_06_02_17_21_27_098.jpg,0,0,0,19.6812
C:\myData\IMG\center_2025_06_02_17_21_27_236.jpg,C:\myData\IMG\left_2025_06_02_17_21_27_236.jpg,C:\myData\IMG\right_2025_06_02_17_21_27_236.jpg,0,0,0,19.40344
C:\myData\IMG\center_2025_06_02_17_21_27_361.jpg,C:\myData\IMG\left_2025_06_02_17_21_27_361.jpg,C:\myData\IMG\right_2025_06_02_17_21_27_361.jpg,0,0,0,19.1293
C:\myData\IMG\center_2025_06_02_17_21_27_495.jpg,C:\myData\IMG\left_2025_06_02_17_21_27_495.jpg,C:\myData\IMG\right_2025_06_02_17_21_27_495.jpg,0,0,0,18.89735
C:\myData\IMG\center_2025_06_02_17_21_27_627.jpg,C:\myData\IMG\left_2025_06_02_17_21_27_627.jpg,C:\myData\IMG\right_2025_06_02_17_21_27_627.jpg,0,0,0,18.63001
C:\myData\IMG\center_2025_06_02_17_21_27_755.jpg,C:\myData\IMG\left_2025_06_02_17_21_27_755.jpg,C:\myData\IMG\right_2025_06_02_17_21_27_755.jpg,0,0,0,18.40245
C:\myData\IMG\center_2025_06_02_17_21_27_883.jpg,C:\myData\IMG\left_2025_06_02_17_21_27_883.jpg,C:\myData\IMG\right_2025_06_02_17_21_27_883.jpg,0,0,0,18.13596
C:\myData\IMG\center_2025_06_02_17_21_28_012.jpg,C:\myData\IMG\left_2025_06_02_17_21_28_012.jpg,C:\myData\IMG\right_2025_06_02_17_21_28_012.jpg,0,0,0,17.9129
C:\myData\IMG\center_2025_06_02_17_21_28_129.jpg,C:\myData\IMG\left_2025_06_02_17_21_28_129.jpg,C:\myData\IMG\right_2025_06_02_17_21_28_129.jpg,0,0,0,17.69442
C:\myData\IMG\center_2025_06_02_17_21_28_254.jpg,C:\myData\IMG\left_2025_06_02_17_21_28_254.jpg,C:\myData\IMG\right_2025_06_02_17_21_28_254.jpg,0,0,0,17.47861
C:\myData\IMG\center_2025_06_02_17_21_28_380.jpg,C:\myData\IMG\left_2025_06_02_17_21_28_380.jpg,C:\myData\IMG\right_2025_06_02_17_21_28_380.jpg,0,0,0,17.23033
C:\myData\IMG\center_2025_06_02_17_21_28_507.jpg,C:\myData\IMG\left_2025_06_02_17_21_28_507.jpg,C:\myData\IMG\right_2025_06_02_17_21_28_507.jpg,0,0,0,17.02016
C:\myData\IMG\center_2025_06_02_17_21_28_642.jpg,C:\myData\IMG\left_2025_06_02_17_21_28_642.jpg,C:\myData\IMG\right_2025_06_02_17_21_28_642.jpg,0,0,0,16.778
C:\myData\IMG\center_2025_06_02_17_21_28_776.jpg,C:\myData\IMG\left_2025_06_02_17_21_28_776.jpg,C:\myData\IMG\right_2025_06_02_17_21_28_776.jpg,0,0,0,16.57274
C:\myData\IMG\center_2025_06_02_17_21_28_909.jpg,C:\myData\IMG\left_2025_06_02_17_21_28_909.jpg,C:\myData\IMG\right_2025_06_02_17_21_28_909.jpg,0,0,0,16.3383
C:\myData\IMG\center_2025_06_02_17_21_29_031.jpg,C:\myData\IMG\left_2025_06_02_17_21_29_031.jpg,C:\myData\IMG\right_2025_06_02_17_21_29_031.jpg,0,0,0,16.13914
C:\myData\IMG\center_2025_06_02_17_21_29_172.jpg,C:\myData\IMG\left_2025_06_02_17_21_29_172.jpg,C:\myData\IMG\right_2025_06_02_17_21_29_172.jpg,0,0,0,15.9103
C:\myData\IMG\center_2025_06_02_17_21_29_292.jpg,C:\myData\IMG\left_2025_06_02_17_21_29_292.jpg,C:\myData\IMG\right_2025_06_02_17_21_29_292.jpg,0,0,0,15.71673
C:\myData\IMG\center_2025_06_02_17_21_29_408.jpg,C:\myData\IMG\left_2025_06_02_17_21_29_408.jpg,C:\myData\IMG\right_2025_06_02_17_21_29_408.jpg,0,0,0,15.525
C:\myData\IMG\center_2025_06_02_17_21_29_532.jpg,C:\myData\IMG\left_2025_06_02_17_21_29_532.jpg,C:\myData\IMG\right_2025_06_02_17_21_29_532.jpg,0,0,0,15.33547
C:\myData\IMG\center_2025_06_02_17_21_29_747.jpg,C:\myData\IMG\left_2025_06_02_17_21_29_747.jpg,C:\myData\IMG\right_2025_06_02_17_21_29_747.jpg,0,0,0,15.1482
C:\myData\IMG\center_2025_06_02_17_21_29_876.jpg,C:\myData\IMG\left_2025_06_02_17_21_29_876.jpg,C:\myData\IMG\right_2025_06_02_17_21_29_876.jpg,0,0,0,14.93144
C:\myData\IMG\center_2025_06_02_17_21_30_010.jpg,C:\myData\IMG\left_2025_06_02_17_21_30_010.jpg,C:\myData\IMG\right_2025_06_02_17_21_30_010.jpg,0,0,0,14.74844
C:\myData\IMG\center_2025_06_02_17_21_30_139.jpg,C:\myData\IMG\left_2025_06_02_17_21_30_139.jpg,C:\myData\IMG\right_2025_06_02_17_21_30_139.jpg,0,0,0,14.53734
C:\myData\IMG\center_2025_06_02_17_21_30_268.jpg,C:\myData\IMG\left_2025_06_02_17_21_30_268.jpg,C:\myData\IMG\right_2025_06_02_17_21_30_268.jpg,0,0,0,14.35813
C:\myData\IMG\center_2025_06_02_17_21_30_397.jpg,C:\myData\IMG\left_2025_06_02_17_21_30_397.jpg,C:\myData\IMG\right_2025_06_02_17_21_30_397.jpg,0,0,0,14.15179
C:\myData\IMG\center_2025_06_02_17_21_30_518.jpg,C:\myData\IMG\left_2025_06_02_17_21_30_518.jpg,C:\myData\IMG\right_2025_06_02_17_21_30_518.jpg,0,0,0,13.97724
C:\myData\IMG\center_2025_06_02_17_21_30_646.jpg,C:\myData\IMG\left_2025_06_02_17_21_30_646.jpg,C:\myData\IMG\right_2025_06_02_17_21_30_646.jpg,0,0,0,13.77654
C:\myData\IMG\center_2025_06_02_17_21_30_768.jpg,C:\myData\IMG\left_2025_06_02_17_21_30_768.jpg,C:\myData\IMG\right_2025_06_02_17_21_30_768.jpg,0,0,0,13.60646
C:\myData\IMG\center_2025_06_02_17_21_30_902.jpg,C:\myData\IMG\left_2025_06_02_17_21_30_902.jpg,C:\myData\IMG\right_2025_06_02_17_21_30_902.jpg,0,0,0,13.43846
C:\myData\IMG\center_2025_06_02_17_21_31_030.jpg,C:\myData\IMG\left_2025_06_02_17_21_31_030.jpg,C:\myData\IMG\right_2025_06_02_17_21_31_030.jpg,0,0,0,13.24474
C:\myData\IMG\center_2025_06_02_17_21_31_161.jpg,C:\myData\IMG\left_2025_06_02_17_21_31_161.jpg,C:\myData\IMG\right_2025_06_02_17_21_31_161.jpg,0,0,0,13.08085
C:\myData\IMG\center_2025_06_02_17_21_31_290.jpg,C:\myData\IMG\left_2025_06_02_17_21_31_290.jpg,C:\myData\IMG\right_2025_06_02_17_21_31_290.jpg,0,0,0,12.89225
C:\myData\IMG\center_2025_06_02_17_21_31_420.jpg,C:\myData\IMG\left_2025_06_02_17_21_31_420.jpg,C:\myData\IMG\right_2025_06_02_17_21_31_420.jpg,0.3,0,0,12.71097
C:\myData\IMG\center_2025_06_02_17_21_31_549.jpg,C:\myData\IMG\left_2025_06_02_17_21_31_549.jpg,C:\myData\IMG\right_2025_06_02_17_21_31_549.jpg,0,0,0,12.5137
C:\myData\IMG\center_2025_06_02_17_21_31_677.jpg,C:\myData\IMG\left_2025_06_02_17_21_31_677.jpg,C:\myData\IMG\right_2025_06_02_17_21_31_677.jpg,0,0,0,12.35831
C:\myData\IMG\center_2025_06_02_17_21_31_816.jpg,C:\myData\IMG\left_2025_06_02_17_21_31_816.jpg,C:\myData\IMG\right_2025_06_02_17_21_31_816.jpg,0,0,0,12.19438
C:\myData\IMG\center_2025_06_02_17_21_31_949.jpg,C:\myData\IMG\left_2025_06_02_17_21_31_949.jpg,C:\myData\IMG\right_2025_06_02_17_21_31_949.jpg,0,0,0,12.02781
C:\myData\IMG\center_2025_06_02_17_21_32_087.jpg,C:\myData\IMG\left_2025_06_02_17_21_32_087.jpg,C:\myData\IMG\right_2025_06_02_17_21_32_087.jpg,0,0,0,11.86299
C:\myData\IMG\center_2025_06_02_17_21_32_219.jpg,C:\myData\IMG\left_2025_06_02_17_21_32_219.jpg,C:\myData\IMG\right_2025_06_02_17_21_32_219.jpg,0,0,0,11.68236
C:\myData\IMG\center_2025_06_02_17_21_32_341.jpg,C:\myData\IMG\left_2025_06_02_17_21_32_341.jpg,C:\myData\IMG\right_2025_06_02_17_21_32_341.jpg,0,0,0,11.54092
C:\myData\IMG\center_2025_06_02_17_21_32_475.jpg,C:\myData\IMG\left_2025_06_02_17_21_32_475.jpg,C:\myData\IMG\right_2025_06_02_17_21_32_475.jpg,0,0,0,11.38744
C:\myData\IMG\center_2025_06_02_17_21_32_607.jpg,C:\myData\IMG\left_2025_06_02_17_21_32_607.jpg,C:\myData\IMG\right_2025_06_02_17_21_32_607.jpg,0,0,0,11.25237
C:\myData\IMG\center_2025_06_02_17_21_32_731.jpg,C:\myData\IMG\left_2025_06_02_17_21_32_731.jpg,C:\myData\IMG\right_2025_06_02_17_21_32_731.jpg,0,0,0,11.1996
C:\myData\IMG\center_2025_06_02_17_21_32_776.jpg,C:\myData\IMG\left_2025_06_02_17_21_32_776.jpg,C:\myData\IMG\right_2025_06_02_17_21_32_776.jpg,0,0,0,11.04772
C:\myData\IMG\center_2025_06_02_17_21_32_913.jpg,C:\myData\IMG\left_2025_06_02_17_21_32_913.jpg,C:\myData\IMG\right_2025_06_02_17_21_32_913.jpg,0.35,0,0,10.85118
C:\myData\IMG\center_2025_06_02_17_21_33_051.jpg,C:\myData\IMG\left_2025_06_02_17_21_33_051.jpg,C:\myData\IMG\right_2025_06_02_17_21_33_051.jpg,0.7,0,0,10.56695
C:\myData\IMG\center_2025_06_02_17_21_33_189.jpg,C:\myData\IMG\left_2025_06_02_17_21_33_189.jpg,C:\myData\IMG\right_2025_06_02_17_21_33_189.jpg,0,0,0,10.34407
C:\myData\IMG\center_2025_06_02_17_21_33_319.jpg,C:\myData\IMG\left_2025_06_02_17_21_33_319.jpg,C:\myData\IMG\right_2025_06_02_17_21_33_319.jpg,0,0,0,10.21807
C:\myData\IMG\center_2025_06_02_17_21_33_455.jpg,C:\myData\IMG\left_2025_06_02_17_21_33_455.jpg,C:\myData\IMG\right_2025_06_02_17_21_33_455.jpg,0,0,0,10.07469
C:\myData\IMG\center_2025_06_02_17_21_33_585.jpg,C:\myData\IMG\left_2025_06_02_17_21_33_585.jpg,C:\myData\IMG\right_2025_06_02_17_21_33_585.jpg,0,0,0,9.933403
C:\myData\IMG\center_2025_06_02_17_21_33_709.jpg,C:\myData\IMG\left_2025_06_02_17_21_33_709.jpg,C:\myData\IMG\right_2025_06_02_17_21_33_709.jpg,0,0,0,9.813877
C:\myData\IMG\center_2025_06_02_17_21_33_837.jpg,C:\myData\IMG\left_2025_06_02_17_21_33_837.jpg,C:\myData\IMG\right_2025_06_02_17_21_33_837.jpg,0,0,0,9.695787
C:\myData\IMG\center_2025_06_02_17_21_33_964.jpg,C:\myData\IMG\left_2025_06_02_17_21_33_964.jpg,C:\myData\IMG\right_2025_06_02_17_21_33_964.jpg,0,0.3809793,0,10.1754
C:\myData\IMG\center_2025_06_02_17_21_34_094.jpg,C:\myData\IMG\left_2025_06_02_17_21_34_094.jpg,C:\myData\IMG\right_2025_06_02_17_21_34_094.jpg,0,0,0,10.08408
C:\myData\IMG\center_2025_06_02_17_21_34_217.jpg,C:\myData\IMG\left_2025_06_02_17_21_34_217.jpg,C:\myData\IMG\right_2025_06_02_17_21_34_217.jpg,0,0.3697884,0,10.47032
C:\myData\IMG\center_2025_06_02_17_21_34_338.jpg,C:\myData\IMG\left_2025_06_02_17_21_34_338.jpg,C:\myData\IMG\right_2025_06_02_17_21_34_338.jpg,0,0.7303371,0,11.45072
C:\myData\IMG\center_2025_06_02_17_21_34_551.jpg,C:\myData\IMG\left_2025_06_02_17_21_34_551.jpg,C:\myData\IMG\right_2025_06_02_17_21_34_551.jpg,0,0.3492336,0,11.85188
C:\myData\IMG\center_2025_06_02_17_21_34_679.jpg,C:\myData\IMG\left_2025_06_02_17_21_34_679.jpg,C:\myData\IMG\right_2025_06_02_17_21_34_679.jpg,0,0.7272651,0,12.71984
C:\myData\IMG\center_2025_06_02_17_21_34_822.jpg,C:\myData\IMG\left_2025_06_02_17_21_34_822.jpg,C:\myData\IMG\right_2025_06_02_17_21_34_822.jpg,0,1,0,14.27093
C:\myData\IMG\center_2025_06_02_17_21_34_949.jpg,C:\myData\IMG\left_2025_06_02_17_21_34_949.jpg,C:\myData\IMG\right_2025_06_02_17_21_34_949.jpg,0,1,0,15.57267
C:\myData\IMG\center_2025_06_02_17_21_35_075.jpg,C:\myData\IMG\left_2025_06_02_17_21_35_075.jpg,C:\myData\IMG\right_2025_06_02_17_21_35_075.jpg,0,0.6073741,0,16.16673
C:\myData\IMG\center_2025_06_02_17_21_35_200.jpg,C:\myData\IMG\left_2025_06_02_17_21_35_200.jpg,C:\myData\IMG\right_2025_06_02_17_21_35_200.jpg,0,0.2459467,0,16.20352
C:\myData\IMG\center_2025_06_02_17_21_35_334.jpg,C:\myData\IMG\left_2025_06_02_17_21_35_334.jpg,C:\myData\IMG\right_2025_06_02_17_21_35_334.jpg,0,0,0,16.55525
C:\myData\IMG\center_2025_06_02_17_21_35_460.jpg,C:\myData\IMG\left_2025_06_02_17_21_35_460.jpg,C:\myData\IMG\right_2025_06_02_17_21_35_460.jpg,0,0,0,16.36356
C:\myData\IMG\center_2025_06_02_17_21_35_585.jpg,C:\myData\IMG\left_2025_06_02_17_21_35_585.jpg,C:\myData\IMG\right_2025_06_02_17_21_35_585.jpg,0,0,0,16.1784
C:\myData\IMG\center_2025_06_02_17_21_35_711.jpg,C:\myData\IMG\left_2025_06_02_17_21_35_711.jpg,C:\myData\IMG\right_2025_06_02_17_21_35_711.jpg,0,0,0,15.9952
C:\myData\IMG\center_2025_06_02_17_21_35_837.jpg,C:\myData\IMG\left_2025_06_02_17_21_35_837.jpg,C:\myData\IMG\right_2025_06_02_17_21_35_837.jpg,0,0,0,15.25219
C:\myData\IMG\center_2025_06_02_17_21_35_960.jpg,C:\myData\IMG\left_2025_06_02_17_21_35_960.jpg,C:\myData\IMG\right_2025_06_02_17_21_35_960.jpg,0,0,0,15.06974
C:\myData\IMG\center_2025_06_02_17_21_36_086.jpg,C:\myData\IMG\left_2025_06_02_17_21_36_086.jpg,C:\myData\IMG\right_2025_06_02_17_21_36_086.jpg,0,0,0,14.88892
C:\myData\IMG\center_2025_06_02_17_21_36_212.jpg,C:\myData\IMG\left_2025_06_02_17_21_36_212.jpg,C:\myData\IMG\right_2025_06_02_17_21_36_212.jpg,0,0,0,15.19557
C:\myData\IMG\center_2025_06_02_17_21_36_343.jpg,C:\myData\IMG\left_2025_06_02_17_21_36_343.jpg,C:\myData\IMG\right_2025_06_02_17_21_36_343.jpg,0,0,0,15.01614
C:\myData\IMG\center_2025_06_02_17_21_36_470.jpg,C:\myData\IMG\left_2025_06_02_17_21_36_470.jpg,C:\myData\IMG\right_2025_06_02_17_21_36_470.jpg,0,0,0,14.83869
C:\myData\IMG\center_2025_06_02_17_21_36_593.jpg,C:\myData\IMG\left_2025_06_02_17_21_36_593.jpg,C:\myData\IMG\right_2025_06_02_17_21_36_593.jpg,0,0,0,14.12814
C:\myData\IMG\center_2025_06_02_17_21_36_708.jpg,C:\myData\IMG\left_2025_06_02_17_21_36_708.jpg,C:\myData\IMG\right_2025_06_02_17_21_36_708.jpg,0,0,0,13.95411
C:\myData\IMG\center_2025_06_02_17_21_36_835.jpg,C:\myData\IMG\left_2025_06_02_17_21_36_835.jpg,C:\myData\IMG\right_2025_06_02_17_21_36_835.jpg,0.3,0,0,13.77176
C:\myData\IMG\center_2025_06_02_17_21_36_960.jpg,C:\myData\IMG\left_2025_06_02_17_21_36_960.jpg,C:\myData\IMG\right_2025_06_02_17_21_36_960.jpg,0,0,0,13.53719
C:\myData\IMG\center_2025_06_02_17_21_37_083.jpg,C:\myData\IMG\left_2025_06_02_17_21_37_083.jpg,C:\myData\IMG\right_2025_06_02_17_21_37_083.jpg,0,0,0,13.38112
C:\myData\IMG\center_2025_06_02_17_21_37_212.jpg,C:\myData\IMG\left_2025_06_02_17_21_37_212.jpg,C:\myData\IMG\right_2025_06_02_17_21_37_212.jpg,0,0,0,13.65631
C:\myData\IMG\center_2025_06_02_17_21_37_338.jpg,C:\myData\IMG\left_2025_06_02_17_21_37_338.jpg,C:\myData\IMG\right_2025_06_02_17_21_37_338.jpg,0,0,0,13.52441
C:\myData\IMG\center_2025_06_02_17_21_37_468.jpg,C:\myData\IMG\left_2025_06_02_17_21_37_468.jpg,C:\myData\IMG\right_2025_06_02_17_21_37_468.jpg,0,0,0,13.32662
C:\myData\IMG\center_2025_06_02_17_21_37_597.jpg,C:\myData\IMG\left_2025_06_02_17_21_37_597.jpg,C:\myData\IMG\right_2025_06_02_17_21_37_597.jpg,0,0,0,12.57843
C:\myData\IMG\center_2025_06_02_17_21_37_724.jpg,C:\myData\IMG\left_2025_06_02_17_21_37_724.jpg,C:\myData\IMG\right_2025_06_02_17_21_37_724.jpg,0,0,0,12.41999
C:\myData\IMG\center_2025_06_02_17_21_37_852.jpg,C:\myData\IMG\left_2025_06_02_17_21_37_852.jpg,C:\myData\IMG\right_2025_06_02_17_21_37_852.jpg,0,0,0,12.79282
C:\myData\IMG\center_2025_06_02_17_21_37_985.jpg,C:\myData\IMG\left_2025_06_02_17_21_37_985.jpg,C:\myData\IMG\right_2025_06_02_17_21_37_985.jpg,0,0,0,12.63647
C:\myData\IMG\center_2025_06_02_17_21_38_113.jpg,C:\myData\IMG\left_2025_06_02_17_21_38_113.jpg,C:\myData\IMG\right_2025_06_02_17_21_38_113.jpg,0,0,0,11.9048
C:\myData\IMG\center_2025_06_02_17_21_38_241.jpg,C:\myData\IMG\left_2025_06_02_17_21_38_241.jpg,C:\myData\IMG\right_2025_06_02_17_21_38_241.jpg,0,0,0,11.75421
C:\myData\IMG\center_2025_06_02_17_21_38_362.jpg,C:\myData\IMG\left_2025_06_02_17_21_38_362.jpg,C:\myData\IMG\right_2025_06_02_17_21_38_362.jpg,0,0,0,11.60518
C:\myData\IMG\center_2025_06_02_17_21_38_503.jpg,C:\myData\IMG\left_2025_06_02_17_21_38_503.jpg,C:\myData\IMG\right_2025_06_02_17_21_38_503.jpg,0,0,0,11.9794
C:\myData\IMG\center_2025_06_02_17_21_38_641.jpg,C:\myData\IMG\left_2025_06_02_17_21_38_641.jpg,C:\myData\IMG\right_2025_06_02_17_21_38_641.jpg,0.35,0,0,11.22993
C:\myData\IMG\center_2025_06_02_17_21_38_770.jpg,C:\myData\IMG\left_2025_06_02_17_21_38_770.jpg,C:\myData\IMG\right_2025_06_02_17_21_38_770.jpg,0,0,0,11.72901
C:\myData\IMG\center_2025_06_02_17_21_38_898.jpg,C:\myData\IMG\left_2025_06_02_17_21_38_898.jpg,C:\myData\IMG\right_2025_06_02_17_21_38_898.jpg,0,0,0,11.30258
C:\myData\IMG\center_2025_06_02_17_21_38_930.jpg,C:\myData\IMG\left_2025_06_02_17_21_38_930.jpg,C:\myData\IMG\right_2025_06_02_17_21_38_930.jpg,0,0,0,11.10715
C:\myData\IMG\center_2025_06_02_17_21_39_061.jpg,C:\myData\IMG\left_2025_06_02_17_21_39_061.jpg,C:\myData\IMG\right_2025_06_02_17_21_39_061.jpg,0,0,0,11.00027
C:\myData\IMG\center_2025_06_02_17_21_39_194.jpg,C:\myData\IMG\left_2025_06_02_17_21_39_194.jpg,C:\myData\IMG\right_2025_06_02_17_21_39_194.jpg,0,0,0,10.86791
C:\myData\IMG\center_2025_06_02_17_21_39_325.jpg,C:\myData\IMG\left_2025_06_02_17_21_39_325.jpg,C:\myData\IMG\right_2025_06_02_17_21_39_325.jpg,0,0,0,10.71549
C:\myData\IMG\center_2025_06_02_17_21_39_452.jpg,C:\myData\IMG\left_2025_06_02_17_21_39_452.jpg,C:\myData\IMG\right_2025_06_02_17_21_39_452.jpg,0,0,0,10.58655
C:\myData\IMG\center_2025_06_02_17_21_39_588.jpg,C:\myData\IMG\left_2025_06_02_17_21_39_588.jpg,C:\myData\IMG\right_2025_06_02_17_21_39_588.jpg,0.35,0,0,10.39777
C:\myData\IMG\center_2025_06_02_17_21_39_723.jpg,C:\myData\IMG\left_2025_06_02_17_21_39_723.jpg,C:\myData\IMG\right_2025_06_02_17_21_39_723.jpg,0.7,0,0,10.12575
C:\myData\IMG\center_2025_06_02_17_21_39_853.jpg,C:\myData\IMG\left_2025_06_02_17_21_39_853.jpg,C:\myData\IMG\right_2025_06_02_17_21_39_853.jpg,0,0,0,9.931031
C:\myData\IMG\center_2025_06_02_17_21_39_988.jpg,C:\myData\IMG\left_2025_06_02_17_21_39_988.jpg,C:\myData\IMG\right_2025_06_02_17_21_39_988.jpg,0,0,0,9.789375
C:\myData\IMG\center_2025_06_02_17_21_40_127.jpg,C:\myData\IMG\left_2025_06_02_17_21_40_127.jpg,C:\myData\IMG\right_2025_06_02_17_21_40_127.jpg,0,0,0,9.652031
C:\myData\IMG\center_2025_06_02_17_21_40_257.jpg,C:\myData\IMG\left_2025_06_02_17_21_40_257.jpg,C:\myData\IMG\right_2025_06_02_17_21_40_257.jpg,0,0,0,9.53589
C:\myData\IMG\center_2025_06_02_17_21_40_385.jpg,C:\myData\IMG\left_2025_06_02_17_21_40_385.jpg,C:\myData\IMG\right_2025_06_02_17_21_40_385.jpg,0,0,0,9.40216
C:\myData\IMG\center_2025_06_02_17_21_40_524.jpg,C:\myData\IMG\left_2025_06_02_17_21_40_524.jpg,C:\myData\IMG\right_2025_06_02_17_21_40_524.jpg,0,0.4127043,0,9.937873
C:\myData\IMG\center_2025_06_02_17_21_40_654.jpg,C:\myData\IMG\left_2025_06_02_17_21_40_654.jpg,C:\myData\IMG\right_2025_06_02_17_21_40_654.jpg,0,0.0175035,0,9.875327
C:\myData\IMG\center_2025_06_02_17_21_40_788.jpg,C:\myData\IMG\left_2025_06_02_17_21_40_788.jpg,C:\myData\IMG\right_2025_06_02_17_21_40_788.jpg,0,0.4179321,0,10.41301
C:\myData\IMG\center_2025_06_02_17_21_40_923.jpg,C:\myData\IMG\left_2025_06_02_17_21_40_923.jpg,C:\myData\IMG\right_2025_06_02_17_21_40_923.jpg,0,0.8250255,0,11.48054
C:\myData\IMG\center_2025_06_02_17_21_41_158.jpg,C:\myData\IMG\left_2025_06_02_17_21_41_158.jpg,C:\myData\IMG\right_2025_06_02_17_21_41_158.jpg,0,0.3782178,0,12.386
C:\myData\IMG\center_2025_06_02_17_21_41_305.jpg,C:\myData\IMG\left_2025_06_02_17_21_41_305.jpg,C:\myData\IMG\right_2025_06_02_17_21_41_305.jpg,0,0.8526423,0,13.48522
C:\myData\IMG\center_2025_06_02_17_21_41_439.jpg,C:\myData\IMG\left_2025_06_02_17_21_41_439.jpg,C:\myData\IMG\right_2025_06_02_17_21_41_439.jpg,0,1,0,14.66
C:\myData\IMG\center_2025_06_02_17_21_41_479.jpg,C:\myData\IMG\left_2025_06_02_17_21_41_479.jpg,C:\myData\IMG\right_2025_06_02_17_21_41_479.jpg,0,1,0,16.03928
C:\myData\IMG\center_2025_06_02_17_21_41_603.jpg,C:\myData\IMG\left_2025_06_02_17_21_41_603.jpg,C:\myData\IMG\right_2025_06_02_17_21_41_603.jpg,0,1,0,17.55891
C:\myData\IMG\center_2025_06_02_17_21_41_742.jpg,C:\myData\IMG\left_2025_06_02_17_21_41_742.jpg,C:\myData\IMG\right_2025_06_02_17_21_41_742.jpg,0,0.5836981,0,18.33385
C:\myData\IMG\center_2025_06_02_17_21_41_879.jpg,C:\myData\IMG\left_2025_06_02_17_21_41_879.jpg,C:\myData\IMG\right_2025_06_02_17_21_41_879.jpg,0,0.172369,0,18.37531
C:\myData\IMG\center_2025_06_02_17_21_42_011.jpg,C:\myData\IMG\left_2025_06_02_17_21_42_011.jpg,C:\myData\IMG\right_2025_06_02_17_21_42_011.jpg,0,0,0,18.18145
C:\myData\IMG\center_2025_06_02_17_21_42_149.jpg,C:\myData\IMG\left_2025_06_02_17_21_42_149.jpg,C:\myData\IMG\right_2025_06_02_17_21_42_149.jpg,0,0,0,17.85591
C:\myData\IMG\center_2025_06_02_17_21_42_292.jpg,C:\myData\IMG\left_2025_06_02_17_21_42_292.jpg,C:\myData\IMG\right_2025_06_02_17_21_42_292.jpg,0,0,0,17.64071
C:\myData\IMG\center_2025_06_02_17_21_42_428.jpg,C:\myData\IMG\left_2025_06_02_17_21_42_428.jpg,C:\myData\IMG\right_2025_06_02_17_21_42_428.jpg,0,0,0,17.37804
C:\myData\IMG\center_2025_06_02_17_21_42_561.jpg,C:\myData\IMG\left_2025_06_02_17_21_42_561.jpg,C:\myData\IMG\right_2025_06_02_17_21_42_561.jpg,0,0,0,17.13062
C:\myData\IMG\center_2025_06_02_17_21_42_700.jpg,C:\myData\IMG\left_2025_06_02_17_21_42_700.jpg,C:\myData\IMG\right_2025_06_02_17_21_42_700.jpg,0.3,0,0,16.887
C:\myData\IMG\center_2025_06_02_17_21_42_936.jpg,C:\myData\IMG\left_2025_06_02_17_21_42_936.jpg,C:\myData\IMG\right_2025_06_02_17_21_42_936.jpg,0,0,0,16.63859
C:\myData\IMG\center_2025_06_02_17_21_42_978.jpg,C:\myData\IMG\left_2025_06_02_17_21_42_978.jpg,C:\myData\IMG\right_2025_06_02_17_21_42_978.jpg,0,0,0,16.39583
C:\myData\IMG\center_2025_06_02_17_21_43_106.jpg,C:\myData\IMG\left_2025_06_02_17_21_43_106.jpg,C:\myData\IMG\right_2025_06_02_17_21_43_106.jpg,0,0,0,16.16311
C:\myData\IMG\center_2025_06_02_17_21_43_239.jpg,C:\myData\IMG\left_2025_06_02_17_21_43_239.jpg,C:\myData\IMG\right_2025_06_02_17_21_43_239.jpg,0,0,0,15.96549
C:\myData\IMG\center_2025_06_02_17_21_43_387.jpg,C:\myData\IMG\left_2025_06_02_17_21_43_387.jpg,C:\myData\IMG\right_2025_06_02_17_21_43_387.jpg,0,0,0,15.70521
C:\myData\IMG\center_2025_06_02_17_21_43_518.jpg,C:\myData\IMG\left_2025_06_02_17_21_43_518.jpg,C:\myData\IMG\right_2025_06_02_17_21_43_518.jpg,0,0,0,15.5126
C:\myData\IMG\center_2025_06_02_17_21_43_752.jpg,C:\myData\IMG\left_2025_06_02_17_21_43_752.jpg,C:\myData\IMG\right_2025_06_02_17_21_43_752.jpg,0,0,0,15.29088
C:\myData\IMG\center_2025_06_02_17_21_43_890.jpg,C:\myData\IMG\left_2025_06_02_17_21_43_890.jpg,C:\myData\IMG\right_2025_06_02_17_21_43_890.jpg,0,0,0,15.072
C:\myData\IMG\center_2025_06_02_17_21_44_036.jpg,C:\myData\IMG\left_2025_06_02_17_21_44_036.jpg,C:\myData\IMG\right_2025_06_02_17_21_44_036.jpg,0,0,0,14.85643
C:\myData\IMG\center_2025_06_02_17_21_44_174.jpg,C:\myData\IMG\left_2025_06_02_17_21_44_174.jpg,C:\myData\IMG\right_2025_06_02_17_21_44_174.jpg,0,0,0,14.64321
C:\myData\IMG\center_2025_06_02_17_21_44_311.jpg,C:\myData\IMG\left_2025_06_02_17_21_44_311.jpg,C:\myData\IMG\right_2025_06_02_17_21_44_311.jpg,0,0,0,14.4329
C:\myData\IMG\center_2025_06_02_17_21_44_448.jpg,C:\myData\IMG\left_2025_06_02_17_21_44_448.jpg,C:\myData\IMG\right_2025_06_02_17_21_44_448.jpg,0.35,0,0,14.18876
C:\myData\IMG\center_2025_06_02_17_21_44_583.jpg,C:\myData\IMG\left_2025_06_02_17_21_44_583.jpg,C:\myData\IMG\right_2025_06_02_17_21_44_583.jpg,0,0,0,13.97028
C:\myData\IMG\center_2025_06_02_17_21_44_719.jpg,C:\myData\IMG\left_2025_06_02_17_21_44_719.jpg,C:\myData\IMG\right_2025_06_02_17_21_44_719.jpg,0,0,0,13.81231
C:\myData\IMG\center_2025_06_02_17_21_44_857.jpg,C:\myData\IMG\left_2025_06_02_17_21_44_857.jpg,C:\myData\IMG\right_2025_06_02_17_21_44_857.jpg,0,0,0,13.66356
C:\myData\IMG\center_2025_06_02_17_21_44_996.jpg,C:\myData\IMG\left_2025_06_02_17_21_44_996.jpg,C:\myData\IMG\right_2025_06_02_17_21_44_996.jpg,0,0,0,13.40179
C:\myData\IMG\center_2025_06_02_17_21_45_142.jpg,C:\myData\IMG\left_2025_06_02_17_21_45_142.jpg,C:\myData\IMG\right_2025_06_02_17_21_45_142.jpg,0,0,0,13.17487
C:\myData\IMG\center_2025_06_02_17_21_45_282.jpg,C:\myData\IMG\left_2025_06_02_17_21_45_282.jpg,C:\myData\IMG\right_2025_06_02_17_21_45_282.jpg,0,0,0,12.98455
C:\myData\IMG\center_2025_06_02_17_21_45_422.jpg,C:\myData\IMG\left_2025_06_02_17_21_45_422.jpg,C:\myData\IMG\right_2025_06_02_17_21_45_422.jpg,0,0,0,12.82367
C:\myData\IMG\center_2025_06_02_17_21_45_560.jpg,C:\myData\IMG\left_2025_06_02_17_21_45_560.jpg,C:\myData\IMG\right_2025_06_02_17_21_45_560.jpg,0,0,0,12.61223
C:\myData\IMG\center_2025_06_02_17_21_45_702.jpg,C:\myData\IMG\left_2025_06_02_17_21_45_702.jpg,C:\myData\IMG\right_2025_06_02_17_21_45_702.jpg,0.35,0,0,12.39687
C:\myData\IMG\center_2025_06_02_17_21_45_838.jpg,C:\myData\IMG\left_2025_06_02_17_21_45_838.jpg,C:\myData\IMG\right_2025_06_02_17_21_45_838.jpg,0,0,0,12.19481
C:\myData\IMG\center_2025_06_02_17_21_45_984.jpg,C:\myData\IMG\left_2025_06_02_17_21_45_984.jpg,C:\myData\IMG\right_2025_06_02_17_21_45_984.jpg,0,0,0,12.0498
C:\myData\IMG\center_2025_06_02_17_21_46_139.jpg,C:\myData\IMG\left_2025_06_02_17_21_46_139.jpg,C:\myData\IMG\right_2025_06_02_17_21_46_139.jpg,0,0,0,11.85256
C:\myData\IMG\center_2025_06_02_17_21_46_284.jpg,C:\myData\IMG\left_2025_06_02_17_21_46_284.jpg,C:\myData\IMG\right_2025_06_02_17_21_46_284.jpg,0,0,0,11.64727
C:\myData\IMG\center_2025_06_02_17_21_46_425.jpg,C:\myData\IMG\left_2025_06_02_17_21_46_425.jpg,C:\myData\IMG\right_2025_06_02_17_21_46_425.jpg,0,0,0,11.47821
C:\myData\IMG\center_2025_06_02_17_21_46_559.jpg,C:\myData\IMG\left_2025_06_02_17_21_46_559.jpg,C:\myData\IMG\right_2025_06_02_17_21_46_559.jpg,0,0,0,11.32349
C:\myData\IMG\center_2025_06_02_17_21_46_712.jpg,C:\myData\IMG\left_2025_06_02_17_21_46_712.jpg,C:\myData\IMG\right_2025_06_02_17_21_46_712.jpg,0,0,0,11.29016
C:\myData\IMG\center_2025_06_02_17_21_46_750.jpg,C:\myData\IMG\left_2025_06_02_17_21_46_750.jpg,C:\myData\IMG\right_2025_06_02_17_21_46_750.jpg,0.35,0,0,11.0641
C:\myData\IMG\center_2025_06_02_17_21_46_892.jpg,C:\myData\IMG\left_2025_06_02_17_21_46_892.jpg,C:\myData\IMG\right_2025_06_02_17_21_46_892.jpg,0,0,0,10.89703
C:\myData\IMG\center_2025_06_02_17_21_47_041.jpg,C:\myData\IMG\left_2025_06_02_17_21_47_041.jpg,C:\myData\IMG\right_2025_06_02_17_21_47_041.jpg,0,0,0,10.72223
C:\myData\IMG\center_2025_06_02_17_21_47_169.jpg,C:\myData\IMG\left_2025_06_02_17_21_47_169.jpg,C:\myData\IMG\right_2025_06_02_17_21_47_169.jpg,0,0,0,10.5932
C:\myData\IMG\center_2025_06_02_17_21_47_332.jpg,C:\myData\IMG\left_2025_06_02_17_21_47_332.jpg,C:\myData\IMG\right_2025_06_02_17_21_47_332.jpg,0,0,0,10.42358
C:\myData\IMG\center_2025_06_02_17_21_47_480.jpg,C:\myData\IMG\left_2025_06_02_17_21_47_480.jpg,C:\myData\IMG\right_2025_06_02_17_21_47_480.jpg,0,0,0,10.2774
C:\myData\IMG\center_2025_06_02_17_21_47_618.jpg,C:\myData\IMG\left_2025_06_02_17_21_47_618.jpg,C:\myData\IMG\right_2025_06_02_17_21_47_618.jpg,0,0,0,10.13326
C:\myData\IMG\center_2025_06_02_17_21_47_775.jpg,C:\myData\IMG\left_2025_06_02_17_21_47_775.jpg,C:\myData\IMG\right_2025_06_02_17_21_47_775.jpg,0,0.464934,0,10.8323
C:\myData\IMG\center_2025_06_02_17_21_47_909.jpg,C:\myData\IMG\left_2025_06_02_17_21_47_909.jpg,C:\myData\IMG\right_2025_06_02_17_21_47_909.jpg,0,0.06040081,0,10.81722
C:\myData\IMG\center_2025_06_02_17_21_48_054.jpg,C:\myData\IMG\left_2025_06_02_17_21_48_054.jpg,C:\myData\IMG\right_2025_06_02_17_21_48_054.jpg,0,0.4966362,0,11.37504
C:\myData\IMG\center_2025_06_02_17_21_48_319.jpg,C:\myData\IMG\left_2025_06_02_17_21_48_319.jpg,C:\myData\IMG\right_2025_06_02_17_21_48_319.jpg,0,0.936088,0,12.87836
C:\myData\IMG\center_2025_06_02_17_21_48_463.jpg,C:\myData\IMG\left_2025_06_02_17_21_48_463.jpg,C:\myData\IMG\right_2025_06_02_17_21_48_463.jpg,0,1,0,14.69443
C:\myData\IMG\center_2025_06_02_17_21_48_607.jpg,C:\myData\IMG\left_2025_06_02_17_21_48_607.jpg,C:\myData\IMG\right_2025_06_02_17_21_48_607.jpg,0,0.5952457,0,15.40866
C:\myData\IMG\center_2025_06_02_17_21_48_760.jpg,C:\myData\IMG\left_2025_06_02_17_21_48_760.jpg,C:\myData\IMG\right_2025_06_02_17_21_48_760.jpg,0,0.1256701,0,15.36102
C:\myData\IMG\center_2025_06_02_17_21_48_899.jpg,C:\myData\IMG\left_2025_06_02_17_21_48_899.jpg,C:\myData\IMG\right_2025_06_02_17_21_48_899.jpg,0,0,0,15.39392
C:\myData\IMG\center_2025_06_02_17_21_49_052.jpg,C:\myData\IMG\left_2025_06_02_17_21_49_052.jpg,C:\myData\IMG\right_2025_06_02_17_21_49_052.jpg,0,0,0,15.14688
C:\myData\IMG\center_2025_06_02_17_21_49_198.jpg,C:\myData\IMG\left_2025_06_02_17_21_49_198.jpg,C:\myData\IMG\right_2025_06_02_17_21_49_198.jpg,0,0,0,14.69112
C:\myData\IMG\center_2025_06_02_17_21_49_343.jpg,C:\myData\IMG\left_2025_06_02_17_21_49_343.jpg,C:\myData\IMG\right_2025_06_02_17_21_49_343.jpg,0,0,0,14.729
C:\myData\IMG\center_2025_06_02_17_21_49_498.jpg,C:\myData\IMG\left_2025_06_02_17_21_49_498.jpg,C:\myData\IMG\right_2025_06_02_17_21_49_498.jpg,0,0,0,14.50234
C:\myData\IMG\center_2025_06_02_17_21_49_643.jpg,C:\myData\IMG\left_2025_06_02_17_21_49_643.jpg,C:\myData\IMG\right_2025_06_02_17_21_49_643.jpg,0,0,0,14.26668
C:\myData\IMG\center_2025_06_02_17_21_49_782.jpg,C:\myData\IMG\left_2025_06_02_17_21_49_782.jpg,C:\myData\IMG\right_2025_06_02_17_21_49_782.jpg,0,0,0,13.86431
C:\myData\IMG\center_2025_06_02_17_21_49_940.jpg,C:\myData\IMG\left_2025_06_02_17_21_49_940.jpg,C:\myData\IMG\right_2025_06_02_17_21_49_940.jpg,0.35,0,0,13.83143
C:\myData\IMG\center_2025_06_02_17_21_50_090.jpg,C:\myData\IMG\left_2025_06_02_17_21_50_090.jpg,C:\myData\IMG\right_2025_06_02_17_21_50_090.jpg,0,0,0,13.60202
C:\myData\IMG\center_2025_06_02_17_21_50_244.jpg,C:\myData\IMG\left_2025_06_02_17_21_50_244.jpg,C:\myData\IMG\right_2025_06_02_17_21_50_244.jpg,0,0,0,13.11544
C:\myData\IMG\center_2025_06_02_17_21_50_393.jpg,C:\myData\IMG\left_2025_06_02_17_21_50_393.jpg,C:\myData\IMG\right_2025_06_02_17_21_50_393.jpg,0,0,0,12.89784
C:\myData\IMG\center_2025_06_02_17_21_50_531.jpg,C:\myData\IMG\left_2025_06_02_17_21_50_531.jpg,C:\myData\IMG\right_2025_06_02_17_21_50_531.jpg,0,0,0,12.96304
C:\myData\IMG\center_2025_06_02_17_21_50_682.jpg,C:\myData\IMG\left_2025_06_02_17_21_50_682.jpg,C:\myData\IMG\right_2025_06_02_17_21_50_682.jpg,0,0,0,12.52737
C:\myData\IMG\center_2025_06_02_17_21_50_831.jpg,C:\myData\IMG\left_2025_06_02_17_21_50_831.jpg,C:\myData\IMG\right_2025_06_02_17_21_50_831.jpg,0,0,0,12.32191
C:\myData\IMG\center_2025_06_02_17_21_50_983.jpg,C:\myData\IMG\left_2025_06_02_17_21_50_983.jpg,C:\myData\IMG\right_2025_06_02_17_21_50_983.jpg,0,0,0,12.12612
C:\myData\IMG\center_2025_06_02_17_21_51_128.jpg,C:\myData\IMG\left_2025_06_02_17_21_51_128.jpg,C:\myData\IMG\right_2025_06_02_17_21_51_128.jpg,0,0,0,12.20054
C:\myData\IMG\center_2025_06_02_17_21_51_284.jpg,C:\myData\IMG\left_2025_06_02_17_21_51_284.jpg,C:\myData\IMG\right_2025_06_02_17_21_51_284.jpg,0,0,0,11.79181
C:\myData\IMG\center_2025_06_02_17_21_51_434.jpg,C:\myData\IMG\left_2025_06_02_17_21_51_434.jpg,C:\myData\IMG\right_2025_06_02_17_21_51_434.jpg,0,0,0,11.60369
C:\myData\IMG\center_2025_06_02_17_21_51_597.jpg,C:\myData\IMG\left_2025_06_02_17_21_51_597.jpg,C:\myData\IMG\right_2025_06_02_17_21_51_597.jpg,0.4,0,0,11.34981
C:\myData\IMG\center_2025_06_02_17_21_51_741.jpg,C:\myData\IMG\left_2025_06_02_17_21_51_741.jpg,C:\myData\IMG\right_2025_06_02_17_21_51_741.jpg,0,0,0,11.44586
C:\myData\IMG\center_2025_06_02_17_21_51_909.jpg,C:\myData\IMG\left_2025_06_02_17_21_51_909.jpg,C:\myData\IMG\right_2025_06_02_17_21_51_909.jpg,0,0,0,11.15988
C:\myData\IMG\center_2025_06_02_17_21_51_952.jpg,C:\myData\IMG\left_2025_06_02_17_21_51_952.jpg,C:\myData\IMG\right_2025_06_02_17_21_51_952.jpg,0,0,0,11.0032
C:\myData\IMG\center_2025_06_02_17_21_52_104.jpg,C:\myData\IMG\left_2025_06_02_17_21_52_104.jpg,C:\myData\IMG\right_2025_06_02_17_21_52_104.jpg,0,0,0,10.82701
C:\myData\IMG\center_2025_06_02_17_21_52_255.jpg,C:\myData\IMG\left_2025_06_02_17_21_52_255.jpg,C:\myData\IMG\right_2025_06_02_17_21_52_255.jpg,0,0,0,10.67517
C:\myData\IMG\center_2025_06_02_17_21_52_405.jpg,C:\myData\IMG\left_2025_06_02_17_21_52_405.jpg,C:\myData\IMG\right_2025_06_02_17_21_52_405.jpg,0,0,0,10.50424
C:\myData\IMG\center_2025_06_02_17_21_52_548.jpg,C:\myData\IMG\left_2025_06_02_17_21_52_548.jpg,C:\myData\IMG\right_2025_06_02_17_21_52_548.jpg,0,0,0,10.35692
C:\myData\IMG\center_2025_06_02_17_21_52_699.jpg,C:\myData\IMG\left_2025_06_02_17_21_52_699.jpg,C:\myData\IMG\right_2025_06_02_17_21_52_699.jpg,0,0,0,10.21167
C:\myData\IMG\center_2025_06_02_17_21_52_854.jpg,C:\myData\IMG\left_2025_06_02_17_21_52_854.jpg,C:\myData\IMG\right_2025_06_02_17_21_52_854.jpg,0,0,0,10.04817
C:\myData\IMG\center_2025_06_02_17_21_53_009.jpg,C:\myData\IMG\left_2025_06_02_17_21_53_009.jpg,C:\myData\IMG\right_2025_06_02_17_21_53_009.jpg,0,0,0,9.887282
C:\myData\IMG\center_2025_06_02_17_21_53_158.jpg,C:\myData\IMG\left_2025_06_02_17_21_53_158.jpg,C:\myData\IMG\right_2025_06_02_17_21_53_158.jpg,0,0,0,9.748621
C:\myData\IMG\center_2025_06_02_17_21_53_307.jpg,C:\myData\IMG\left_2025_06_02_17_21_53_307.jpg,C:\myData\IMG\right_2025_06_02_17_21_53_307.jpg,0,0,0,9.592531
C:\myData\IMG\center_2025_06_02_17_21_53_458.jpg,C:\myData\IMG\left_2025_06_02_17_21_53_458.jpg,C:\myData\IMG\right_2025_06_02_17_21_53_458.jpg,0,0,0,9.458005
C:\myData\IMG\center_2025_06_02_17_21_53_609.jpg,C:\myData\IMG\left_2025_06_02_17_21_53_609.jpg,C:\myData\IMG\right_2025_06_02_17_21_53_609.jpg,0,0,0,9.306569
C:\myData\IMG\center_2025_06_02_17_21_53_761.jpg,C:\myData\IMG\left_2025_06_02_17_21_53_761.jpg,C:\myData\IMG\right_2025_06_02_17_21_53_761.jpg,0,0,0,9.157558
C:\myData\IMG\center_2025_06_02_17_21_53_928.jpg,C:\myData\IMG\left_2025_06_02_17_21_53_928.jpg,C:\myData\IMG\right_2025_06_02_17_21_53_928.jpg,0.4,0,0,8.963891
C:\myData\IMG\center_2025_06_02_17_21_54_082.jpg,C:\myData\IMG\left_2025_06_02_17_21_54_082.jpg,C:\myData\IMG\right_2025_06_02_17_21_54_082.jpg,0,0,0,8.803701
C:\myData\IMG\center_2025_06_02_17_21_54_233.jpg,C:\myData\IMG\left_2025_06_02_17_21_54_233.jpg,C:\myData\IMG\right_2025_06_02_17_21_54_233.jpg,0,0,0,8.680104
C:\myData\IMG\center_2025_06_02_17_21_54_389.jpg,C:\myData\IMG\left_2025_06_02_17_21_54_389.jpg,C:\myData\IMG\right_2025_06_02_17_21_54_389.jpg,0,0,0,8.54113
C:\myData\IMG\center_2025_06_02_17_21_54_547.jpg,C:\myData\IMG\left_2025_06_02_17_21_54_547.jpg,C:\myData\IMG\right_2025_06_02_17_21_54_547.jpg,0,0,0,8.404386
C:\myData\IMG\center_2025_06_02_17_21_54_697.jpg,C:\myData\IMG\left_2025_06_02_17_21_54_697.jpg,C:\myData\IMG\right_2025_06_02_17_21_54_697.jpg,0,0,0,8.286529
C:\myData\IMG\center_2025_06_02_17_21_54_860.jpg,C:\myData\IMG\left_2025_06_02_17_21_54_860.jpg,C:\myData\IMG\right_2025_06_02_17_21_54_860.jpg,0,0,0,8.153889
C:\myData\IMG\center_2025_06_02_17_21_55_015.jpg,C:\myData\IMG\left_2025_06_02_17_21_55_015.jpg,C:\myData\IMG\right_2025_06_02_17_21_55_015.jpg,0,0.4642086,0,8.889347
C:\myData\IMG\center_2025_06_02_17_21_55_170.jpg,C:\myData\IMG\left_2025_06_02_17_21_55_170.jpg,C:\myData\IMG\right_2025_06_02_17_21_55_170.jpg,0,0.001758307,0,8.783926
C:\myData\IMG\center_2025_06_02_17_21_55_320.jpg,C:\myData\IMG\left_2025_06_02_17_21_55_320.jpg,C:\myData\IMG\right_2025_06_02_17_21_55_320.jpg,0,0.4564044,0,9.492985
C:\myData\IMG\center_2025_06_02_17_21_55_477.jpg,C:\myData\IMG\left_2025_06_02_17_21_55_477.jpg,C:\myData\IMG\right_2025_06_02_17_21_55_477.jpg,0,0.9305154,0,10.89372
C:\myData\IMG\center_2025_06_02_17_21_55_632.jpg,C:\myData\IMG\left_2025_06_02_17_21_55_632.jpg,C:\myData\IMG\right_2025_06_02_17_21_55_632.jpg,0,1,0,12.61355
C:\myData\IMG\center_2025_06_02_17_21_55_893.jpg,C:\myData\IMG\left_2025_06_02_17_21_55_893.jpg,C:\myData\IMG\right_2025_06_02_17_21_55_893.jpg,0,0.5425507,0,13.33356
C:\myData\IMG\center_2025_06_02_17_21_56_058.jpg,C:\myData\IMG\left_2025_06_02_17_21_56_058.jpg,C:\myData\IMG\right_2025_06_02_17_21_56_058.jpg,0,0.07963151,0,13.62165
C:\myData\IMG\center_2025_06_02_17_21_56_214.jpg,C:\myData\IMG\left_2025_06_02_17_21_56_214.jpg,C:\myData\IMG\right_2025_06_02_17_21_56_214.jpg,0,0,0,13.14208
C:\myData\IMG\center_2025_06_02_17_21_56_389.jpg,C:\myData\IMG\left_2025_06_02_17_21_56_389.jpg,C:\myData\IMG\right_2025_06_02_17_21_56_389.jpg,0,0,0,12.87793
C:\myData\IMG\center_2025_06_02_17_21_56_550.jpg,C:\myData\IMG\left_2025_06_02_17_21_56_550.jpg,C:\myData\IMG\right_2025_06_02_17_21_56_550.jpg,0.4,0,0,12.6041
C:\myData\IMG\center_2025_06_02_17_21_56_706.jpg,C:\myData\IMG\left_2025_06_02_17_21_56_706.jpg,C:\myData\IMG\right_2025_06_02_17_21_56_706.jpg,0.8000001,0,0,12.2409
C:\myData\IMG\center_2025_06_02_17_21_56_871.jpg,C:\myData\IMG\left_2025_06_02_17_21_56_871.jpg,C:\myData\IMG\right_2025_06_02_17_21_56_871.jpg,0,0,0,11.88379
C:\myData\IMG\center_2025_06_02_17_21_57_035.jpg,C:\myData\IMG\left_2025_06_02_17_21_57_035.jpg,C:\myData\IMG\right_2025_06_02_17_21_57_035.jpg,0,0,0,11.70163
C:\myData\IMG\center_2025_06_02_17_21_57_207.jpg,C:\myData\IMG\left_2025_06_02_17_21_57_207.jpg,C:\myData\IMG\right_2025_06_02_17_21_57_207.jpg,0,0,0,11.78199
C:\myData\IMG\center_2025_06_02_17_21_57_370.jpg,C:\myData\IMG\left_2025_06_02_17_21_57_370.jpg,C:\myData\IMG\right_2025_06_02_17_21_57_370.jpg,0,0,0,11.66844
C:\myData\IMG\center_2025_06_02_17_21_57_533.jpg,C:\myData\IMG\left_2025_06_02_17_21_57_533.jpg,C:\myData\IMG\right_2025_06_02_17_21_57_533.jpg,0,0,0,11.19542
C:\myData\IMG\center_2025_06_02_17_21_57_698.jpg,C:\myData\IMG\left_2025_06_02_17_21_57_698.jpg,C:\myData\IMG\right_2025_06_02_17_21_57_698.jpg,0,0,0,11.1198
C:\myData\IMG\center_2025_06_02_17_21_57_740.jpg,C:\myData\IMG\left_2025_06_02_17_21_57_740.jpg,C:\myData\IMG\right_2025_06_02_17_21_57_740.jpg,0,0,0,10.94168
C:\myData\IMG\center_2025_06_02_17_21_58_038.jpg,C:\myData\IMG\left_2025_06_02_17_21_58_038.jpg,C:\myData\IMG\right_2025_06_02_17_21_58_038.jpg,0,0.5118186,0,11.87481
C:\myData\IMG\center_2025_06_02_17_21_58_216.jpg,C:\myData\IMG\left_2025_06_02_17_21_58_216.jpg,C:\myData\IMG\right_2025_06_02_17_21_58_216.jpg,0,0,0,11.66149
C:\myData\IMG\center_2025_06_02_17_21_58_385.jpg,C:\myData\IMG\left_2025_06_02_17_21_58_385.jpg,C:\myData\IMG\right_2025_06_02_17_21_58_385.jpg,0,0.5422338,0,12.52745
C:\myData\IMG\center_2025_06_02_17_21_58_557.jpg,C:\myData\IMG\left_2025_06_02_17_21_58_557.jpg,C:\myData\IMG\right_2025_06_02_17_21_58_557.jpg,0,1,0,14.22636
C:\myData\IMG\center_2025_06_02_17_21_58_727.jpg,C:\myData\IMG\left_2025_06_02_17_21_58_727.jpg,C:\myData\IMG\right_2025_06_02_17_21_58_727.jpg,0,0.4929022,0,14.89272
C:\myData\IMG\center_2025_06_02_17_21_58_900.jpg,C:\myData\IMG\left_2025_06_02_17_21_58_900.jpg,C:\myData\IMG\right_2025_06_02_17_21_58_900.jpg,0,0,0,15.18408
C:\myData\IMG\center_2025_06_02_17_21_59_072.jpg,C:\myData\IMG\left_2025_06_02_17_21_59_072.jpg,C:\myData\IMG\right_2025_06_02_17_21_59_072.jpg,0.45,0,0,14.3147
C:\myData\IMG\center_2025_06_02_17_21_59_244.jpg,C:\myData\IMG\left_2025_06_02_17_21_59_244.jpg,C:\myData\IMG\right_2025_06_02_17_21_59_244.jpg,0,0,0,14.01026
C:\myData\IMG\center_2025_06_02_17_21_59_416.jpg,C:\myData\IMG\left_2025_06_02_17_21_59_416.jpg,C:\myData\IMG\right_2025_06_02_17_21_59_416.jpg,0,0,0,14.22898
C:\myData\IMG\center_2025_06_02_17_21_59_584.jpg,C:\myData\IMG\left_2025_06_02_17_21_59_584.jpg,C:\myData\IMG\right_2025_06_02_17_21_59_584.jpg,0,0,0,13.4955
C:\myData\IMG\center_2025_06_02_17_21_59_752.jpg,C:\myData\IMG\left_2025_06_02_17_21_59_752.jpg,C:\myData\IMG\right_2025_06_02_17_21_59_752.jpg,0,0,0,13.21035
C:\myData\IMG\center_2025_06_02_17_21_59_924.jpg,C:\myData\IMG\left_2025_06_02_17_21_59_924.jpg,C:\myData\IMG\right_2025_06_02_17_21_59_924.jpg,0,0,0,13.52058
C:\myData\IMG\center_2025_06_02_17_22_00_097.jpg,C:\myData\IMG\left_2025_06_02_17_22_00_097.jpg,C:\myData\IMG\right_2025_06_02_17_22_00_097.jpg,0,0,0,13.30177
C:\myData\IMG\center_2025_06_02_17_22_00_270.jpg,C:\myData\IMG\left_2025_06_02_17_22_00_270.jpg,C:\myData\IMG\right_2025_06_02_17_22_00_270.jpg,0,0,0,13.08589
C:\myData\IMG\center_2025_06_02_17_22_00_451.jpg,C:\myData\IMG\left_2025_06_02_17_22_00_451.jpg,C:\myData\IMG\right_2025_06_02_17_22_00_451.jpg,0,0,0,12.29138
C:\myData\IMG\center_2025_06_02_17_22_00_624.jpg,C:\myData\IMG\left_2025_06_02_17_22_00_624.jpg,C:\myData\IMG\right_2025_06_02_17_22_00_624.jpg,0,0,0,12.61177
C:\myData\IMG\center_2025_06_02_17_22_00_798.jpg,C:\myData\IMG\left_2025_06_02_17_22_00_798.jpg,C:\myData\IMG\right_2025_06_02_17_22_00_798.jpg,0,0,0,11.83016
C:\myData\IMG\center_2025_06_02_17_22_00_971.jpg,C:\myData\IMG\left_2025_06_02_17_22_00_971.jpg,C:\myData\IMG\right_2025_06_02_17_22_00_971.jpg,0,0,0,12.15245
C:\myData\IMG\center_2025_06_02_17_22_01_146.jpg,C:\myData\IMG\left_2025_06_02_17_22_01_146.jpg,C:\myData\IMG\right_2025_06_02_17_22_01_146.jpg,0,0,0,11.95724
C:\myData\IMG\center_2025_06_02_17_22_01_322.jpg,C:\myData\IMG\left_2025_06_02_17_22_01_322.jpg,C:\myData\IMG\right_2025_06_02_17_22_01_322.jpg,0,0,0,11.20106
C:\myData\IMG\center_2025_06_02_17_22_01_502.jpg,C:\myData\IMG\left_2025_06_02_17_22_01_502.jpg,C:\myData\IMG\right_2025_06_02_17_22_01_502.jpg,0,0,0,11.20751
C:\myData\IMG\center_2025_06_02_17_22_01_678.jpg,C:\myData\IMG\left_2025_06_02_17_22_01_678.jpg,C:\myData\IMG\right_2025_06_02_17_22_01_678.jpg,0,0,0,11.16749
C:\myData\IMG\center_2025_06_02_17_22_01_721.jpg,C:\myData\IMG\left_2025_06_02_17_22_01_721.jpg,C:\myData\IMG\right_2025_06_02_17_22_01_721.jpg,0,0,0,10.96685
C:\myData\IMG\center_2025_06_02_17_22_01_896.jpg,C:\myData\IMG\left_2025_06_02_17_22_01_896.jpg,C:\myData\IMG\right_2025_06_02_17_22_01_896.jpg,0,0,0,10.7915
C:\myData\IMG\center_2025_06_02_17_22_02_082.jpg,C:\myData\IMG\left_2025_06_02_17_22_02_082.jpg,C:\myData\IMG\right_2025_06_02_17_22_02_082.jpg,0.5000001,0,0,10.4896
C:\myData\IMG\center_2025_06_02_17_22_02_271.jpg,C:\myData\IMG\left_2025_06_02_17_22_02_271.jpg,C:\myData\IMG\right_2025_06_02_17_22_02_271.jpg,0,0,0,10.26932
C:\myData\IMG\center_2025_06_02_17_22_02_428.jpg,C:\myData\IMG\left_2025_06_02_17_22_02_428.jpg,C:\myData\IMG\right_2025_06_02_17_22_02_428.jpg,0,0,0,10.10466
C:\myData\IMG\center_2025_06_02_17_22_02_608.jpg,C:\myData\IMG\left_2025_06_02_17_22_02_608.jpg,C:\myData\IMG\right_2025_06_02_17_22_02_608.jpg,0,0,0,9.922816
C:\myData\IMG\center_2025_06_02_17_22_02_782.jpg,C:\myData\IMG\left_2025_06_02_17_22_02_782.jpg,C:\myData\IMG\right_2025_06_02_17_22_02_782.jpg,0,0,0,9.744254
C:\myData\IMG\center_2025_06_02_17_22_02_953.jpg,C:\myData\IMG\left_2025_06_02_17_22_02_953.jpg,C:\myData\IMG\right_2025_06_02_17_22_02_953.jpg,0,0,0,9.588233
C:\myData\IMG\center_2025_06_02_17_22_03_135.jpg,C:\myData\IMG\left_2025_06_02_17_22_03_135.jpg,C:\myData\IMG\right_2025_06_02_17_22_03_135.jpg,0,0,0,9.415692
C:\myData\IMG\center_2025_06_02_17_22_03_304.jpg,C:\myData\IMG\left_2025_06_02_17_22_03_304.jpg,C:\myData\IMG\right_2025_06_02_17_22_03_304.jpg,0,0,0,9.246258
C:\myData\IMG\center_2025_06_02_17_22_03_477.jpg,C:\myData\IMG\left_2025_06_02_17_22_03_477.jpg,C:\myData\IMG\right_2025_06_02_17_22_03_477.jpg,0,0,0,9.098214
C:\myData\IMG\center_2025_06_02_17_22_03_664.jpg,C:\myData\IMG\left_2025_06_02_17_22_03_664.jpg,C:\myData\IMG\right_2025_06_02_17_22_03_664.jpg,0,0,0,8.916488
C:\myData\IMG\center_2025_06_02_17_22_03_827.jpg,C:\myData\IMG\left_2025_06_02_17_22_03_827.jpg,C:\myData\IMG\right_2025_06_02_17_22_03_827.jpg,0,0.4954062,0,9.695255
C:\myData\IMG\center_2025_06_02_17_22_04_005.jpg,C:\myData\IMG\left_2025_06_02_17_22_04_005.jpg,C:\myData\IMG\right_2025_06_02_17_22_04_005.jpg,0,0,0,9.559248
C:\myData\IMG\center_2025_06_02_17_22_04_177.jpg,C:\myData\IMG\left_2025_06_02_17_22_04_177.jpg,C:\myData\IMG\right_2025_06_02_17_22_04_177.jpg,0,0,0,9.406284
C:\myData\IMG\center_2025_06_02_17_22_04_348.jpg,C:\myData\IMG\left_2025_06_02_17_22_04_348.jpg,C:\myData\IMG\right_2025_06_02_17_22_04_348.jpg,0,0,0,9.237013
C:\myData\IMG\center_2025_06_02_17_22_04_523.jpg,C:\myData\IMG\left_2025_06_02_17_22_04_523.jpg,C:\myData\IMG\right_2025_06_02_17_22_04_523.jpg,0,0,0,9.070783
C:\myData\IMG\center_2025_06_02_17_22_04_697.jpg,C:\myData\IMG\left_2025_06_02_17_22_04_697.jpg,C:\myData\IMG\right_2025_06_02_17_22_04_697.jpg,0.4,0,0,8.878896
C:\myData\IMG\center_2025_06_02_17_22_04_870.jpg,C:\myData\IMG\left_2025_06_02_17_22_04_870.jpg,C:\myData\IMG\right_2025_06_02_17_22_04_870.jpg,0,0,0,8.702519
C:\myData\IMG\center_2025_06_02_17_22_05_048.jpg,C:\myData\IMG\left_2025_06_02_17_22_05_048.jpg,C:\myData\IMG\right_2025_06_02_17_22_05_048.jpg,0,0,0,8.545881
C:\myData\IMG\center_2025_06_02_17_22_05_218.jpg,C:\myData\IMG\left_2025_06_02_17_22_05_218.jpg,C:\myData\IMG\right_2025_06_02_17_22_05_218.jpg,0,0,0,8.409055
C:\myData\IMG\center_2025_06_02_17_22_05_382.jpg,C:\myData\IMG\left_2025_06_02_17_22_05_382.jpg,C:\myData\IMG\right_2025_06_02_17_22_05_382.jpg,0,0,0,8.257746
C:\myData\IMG\center_2025_06_02_17_22_05_553.jpg,C:\myData\IMG\left_2025_06_02_17_22_05_553.jpg,C:\myData\IMG\right_2025_06_02_17_22_05_553.jpg,0,0,0,8.125533
C:\myData\IMG\center_2025_06_02_17_22_05_716.jpg,C:\myData\IMG\left_2025_06_02_17_22_05_716.jpg,C:\myData\IMG\right_2025_06_02_17_22_05_716.jpg,0,0,0,7.995443
C:\myData\IMG\center_2025_06_02_17_22_05_894.jpg,C:\myData\IMG\left_2025_06_02_17_22_05_894.jpg,C:\myData\IMG\right_2025_06_02_17_22_05_894.jpg,0,0,0,7.851574
C:\myData\IMG\center_2025_06_02_17_22_06_056.jpg,C:\myData\IMG\left_2025_06_02_17_22_06_056.jpg,C:\myData\IMG\right_2025_06_02_17_22_06_056.jpg,0,0,0,7.72587
C:\myData\IMG\center_2025_06_02_17_22_06_224.jpg,C:\myData\IMG\left_2025_06_02_17_22_06_224.jpg,C:\myData\IMG\right_2025_06_02_17_22_06_224.jpg,0,0,0,7.586855
C:\myData\IMG\center_2025_06_02_17_22_06_388.jpg,C:\myData\IMG\left_2025_06_02_17_22_06_388.jpg,C:\myData\IMG\right_2025_06_02_17_22_06_388.jpg,0.4,0,0,7.42579
C:\myData\IMG\center_2025_06_02_17_22_06_557.jpg,C:\myData\IMG\left_2025_06_02_17_22_06_557.jpg,C:\myData\IMG\right_2025_06_02_17_22_06_557.jpg,0,0,0,7.291111
C:\myData\IMG\center_2025_06_02_17_22_06_717.jpg,C:\myData\IMG\left_2025_06_02_17_22_06_717.jpg,C:\myData\IMG\right_2025_06_02_17_22_06_717.jpg,0,0,0,7.17431
C:\myData\IMG\center_2025_06_02_17_22_06_887.jpg,C:\myData\IMG\left_2025_06_02_17_22_06_887.jpg,C:\myData\IMG\right_2025_06_02_17_22_06_887.jpg,0,0,0,7.045219
C:\myData\IMG\center_2025_06_02_17_22_07_056.jpg,C:\myData\IMG\left_2025_06_02_17_22_07_056.jpg,C:\myData\IMG\right_2025_06_02_17_22_07_056.jpg,0,0,0,6.932424
C:\myData\IMG\center_2025_06_02_17_22_07_220.jpg,C:\myData\IMG\left_2025_06_02_17_22_07_220.jpg,C:\myData\IMG\right_2025_06_02_17_22_07_220.jpg,0,0,0,6.821437
C:\myData\IMG\center_2025_06_02_17_22_07_382.jpg,C:\myData\IMG\left_2025_06_02_17_22_07_382.jpg,C:\myData\IMG\right_2025_06_02_17_22_07_382.jpg,0,0,0,6.698698
C:\myData\IMG\center_2025_06_02_17_22_07_551.jpg,C:\myData\IMG\left_2025_06_02_17_22_07_551.jpg,C:\myData\IMG\right_2025_06_02_17_22_07_551.jpg,0,0,0,6.591452
C:\myData\IMG\center_2025_06_02_17_22_07_711.jpg,C:\myData\IMG\left_2025_06_02_17_22_07_711.jpg,C:\myData\IMG\right_2025_06_02_17_22_07_711.jpg,0,0,0,6.485922
C:\myData\IMG\center_2025_06_02_17_22_07_878.jpg,C:\myData\IMG\left_2025_06_02_17_22_07_878.jpg,C:\myData\IMG\right_2025_06_02_17_22_07_878.jpg,0.4,0,0,6.348001
C:\myData\IMG\center_2025_06_02_17_22_08_055.jpg,C:\myData\IMG\left_2025_06_02_17_22_08_055.jpg,C:\myData\IMG\right_2025_06_02_17_22_08_055.jpg,0.8500001,0,0,6.122855
C:\myData\IMG\center_2025_06_02_17_22_08_213.jpg,C:\myData\IMG\left_2025_06_02_17_22_08_213.jpg,C:\myData\IMG\right_2025_06_02_17_22_08_213.jpg,0,0,0,5.93361
C:\myData\IMG\center_2025_06_02_17_22_08_380.jpg,C:\myData\IMG\left_2025_06_02_17_22_08_380.jpg,C:\myData\IMG\right_2025_06_02_17_22_08_380.jpg,0,0,0,5.826677
C:\myData\IMG\center_2025_06_02_17_22_08_544.jpg,C:\myData\IMG\left_2025_06_02_17_22_08_544.jpg,C:\myData\IMG\right_2025_06_02_17_22_08_544.jpg,0,0,0,5.733393
C:\myData\IMG\center_2025_06_02_17_22_08_707.jpg,C:\myData\IMG\left_2025_06_02_17_22_08_707.jpg,C:\myData\IMG\right_2025_06_02_17_22_08_707.jpg,0,0,0,5.641851
C:\myData\IMG\center_2025_06_02_17_22_08_870.jpg,C:\myData\IMG\left_2025_06_02_17_22_08_870.jpg,C:\myData\IMG\right_2025_06_02_17_22_08_870.jpg,0,0,0,5.551523
C:\myData\IMG\center_2025_06_02_17_22_09_034.jpg,C:\myData\IMG\left_2025_06_02_17_22_09_034.jpg,C:\myData\IMG\right_2025_06_02_17_22_09_034.jpg,0,0,0,5.462639
C:\myData\IMG\center_2025_06_02_17_22_09_202.jpg,C:\myData\IMG\left_2025_06_02_17_22_09_202.jpg,C:\myData\IMG\right_2025_06_02_17_22_09_202.jpg,0,0,0,5.364345
C:\myData\IMG\center_2025_06_02_17_22_09_363.jpg,C:\myData\IMG\left_2025_06_02_17_22_09_363.jpg,C:\myData\IMG\right_2025_06_02_17_22_09_363.jpg,0.4,0,0,5.250191
C:\myData\IMG\center_2025_06_02_17_22_09_523.jpg,C:\myData\IMG\left_2025_06_02_17_22_09_523.jpg,C:\myData\IMG\right_2025_06_02_17_22_09_523.jpg,0.8000001,0,0,5.088866
C:\myData\IMG\center_2025_06_02_17_22_09_686.jpg,C:\myData\IMG\left_2025_06_02_17_22_09_686.jpg,C:\myData\IMG\right_2025_06_02_17_22_09_686.jpg,1,0,0,4.914082
C:\myData\IMG\center_2025_06_02_17_22_09_848.jpg,C:\myData\IMG\left_2025_06_02_17_22_09_848.jpg,C:\myData\IMG\right_2025_06_02_17_22_09_848.jpg,0,0,0,4.701518
C:\myData\IMG\center_2025_06_02_17_22_10_015.jpg,C:\myData\IMG\left_2025_06_02_17_22_10_015.jpg,C:\myData\IMG\right_2025_06_02_17_22_10_015.jpg,0,0,0,4.626174
C:\myData\IMG\center_2025_06_02_17_22_10_187.jpg,C:\myData\IMG\left_2025_06_02_17_22_10_187.jpg,C:\myData\IMG\right_2025_06_02_17_22_10_187.jpg,0,0,0,4.542939
C:\myData\IMG\center_2025_06_02_17_22_10_340.jpg,C:\myData\IMG\left_2025_06_02_17_22_10_340.jpg,C:\myData\IMG\right_2025_06_02_17_22_10_340.jpg,0,0,0,4.470209
C:\myData\IMG\center_2025_06_02_17_22_10_501.jpg,C:\myData\IMG\left_2025_06_02_17_22_10_501.jpg,C:\myData\IMG\right_2025_06_02_17_22_10_501.jpg,0,0.4836996,0,5.31401
C:\myData\IMG\center_2025_06_02_17_22_10_665.jpg,C:\myData\IMG\left_2025_06_02_17_22_10_665.jpg,C:\myData\IMG\right_2025_06_02_17_22_10_665.jpg,0,0.9734488,0,7.078814
C:\myData\IMG\center_2025_06_02_17_22_10_827.jpg,C:\myData\IMG\left_2025_06_02_17_22_10_827.jpg,C:\myData\IMG\right_2025_06_02_17_22_10_827.jpg,0,1,0,8.889194
C:\myData\IMG\center_2025_06_02_17_22_10_991.jpg,C:\myData\IMG\left_2025_06_02_17_22_10_991.jpg,C:\myData\IMG\right_2025_06_02_17_22_10_991.jpg,0,1,0,10.67312
C:\myData\IMG\center_2025_06_02_17_22_11_151.jpg,C:\myData\IMG\left_2025_06_02_17_22_11_151.jpg,C:\myData\IMG\right_2025_06_02_17_22_11_151.jpg,0,0.514723,0,11.73187
C:\myData\IMG\center_2025_06_02_17_22_11_320.jpg,C:\myData\IMG\left_2025_06_02_17_22_11_320.jpg,C:\myData\IMG\right_2025_06_02_17_22_11_320.jpg,0,1,0,13.22525
C:\myData\IMG\center_2025_06_02_17_22_11_609.jpg,C:\myData\IMG\left_2025_06_02_17_22_11_609.jpg,C:\myData\IMG\right_2025_06_02_17_22_11_609.jpg,0,1,0,15.07829
C:\myData\IMG\center_2025_06_02_17_22_11_648.jpg,C:\myData\IMG\left_2025_06_02_17_22_11_648.jpg,C:\myData\IMG\right_2025_06_02_17_22_11_648.jpg,0,1,0,16.75677
C:\myData\IMG\center_2025_06_02_17_22_11_814.jpg,C:\myData\IMG\left_2025_06_02_17_22_11_814.jpg,C:\myData\IMG\right_2025_06_02_17_22_11_814.jpg,0,1,0,18.42153
C:\myData\IMG\center_2025_06_02_17_22_11_982.jpg,C:\myData\IMG\left_2025_06_02_17_22_11_982.jpg,C:\myData\IMG\right_2025_06_02_17_22_11_982.jpg,0,0.4986022,0,19.43304
C:\myData\IMG\center_2025_06_02_17_22_12_145.jpg,C:\myData\IMG\left_2025_06_02_17_22_12_145.jpg,C:\myData\IMG\right_2025_06_02_17_22_12_145.jpg,0,0.01090872,0,19.22955
C:\myData\IMG\center_2025_06_02_17_22_12_317.jpg,C:\myData\IMG\left_2025_06_02_17_22_12_317.jpg,C:\myData\IMG\right_2025_06_02_17_22_12_317.jpg,0.4,0,0,18.85892
C:\myData\IMG\center_2025_06_02_17_22_12_486.jpg,C:\myData\IMG\left_2025_06_02_17_22_12_486.jpg,C:\myData\IMG\right_2025_06_02_17_22_12_486.jpg,0,0,0,18.05315
C:\myData\IMG\center_2025_06_02_17_22_12_652.jpg,C:\myData\IMG\left_2025_06_02_17_22_12_652.jpg,C:\myData\IMG\right_2025_06_02_17_22_12_652.jpg,0,0,0,17.7484
C:\myData\IMG\center_2025_06_02_17_22_12_819.jpg,C:\myData\IMG\left_2025_06_02_17_22_12_819.jpg,C:\myData\IMG\right_2025_06_02_17_22_12_819.jpg,0,0,0,17.45258
C:\myData\IMG\center_2025_06_02_17_22_12_990.jpg,C:\myData\IMG\left_2025_06_02_17_22_12_990.jpg,C:\myData\IMG\right_2025_06_02_17_22_12_990.jpg,0,0,0,17.65554
C:\myData\IMG\center_2025_06_02_17_22_13_154.jpg,C:\myData\IMG\left_2025_06_02_17_22_13_154.jpg,C:\myData\IMG\right_2025_06_02_17_22_13_154.jpg,0,0,0,17.37778
C:\myData\IMG\center_2025_06_02_17_22_13_301.jpg,C:\myData\IMG\left_2025_06_02_17_22_13_301.jpg,C:\myData\IMG\right_2025_06_02_17_22_13_301.jpg,0,0,0,17.10447
C:\myData\IMG\center_2025_06_02_17_22_13_484.jpg,C:\myData\IMG\left_2025_06_02_17_22_13_484.jpg,C:\myData\IMG\right_2025_06_02_17_22_13_484.jpg,0.45,0,0,16.18662
C:\myData\IMG\center_2025_06_02_17_22_13_631.jpg,C:\myData\IMG\left_2025_06_02_17_22_13_631.jpg,C:\myData\IMG\right_2025_06_02_17_22_13_631.jpg,0.8000001,0,0,16.20721
C:\myData\IMG\center_2025_06_02_17_22_13_796.jpg,C:\myData\IMG\left_2025_06_02_17_22_13_796.jpg,C:\myData\IMG\right_2025_06_02_17_22_13_796.jpg,0,0,0,15.88402
C:\myData\IMG\center_2025_06_02_17_22_14_095.jpg,C:\myData\IMG\left_2025_06_02_17_22_14_095.jpg,C:\myData\IMG\right_2025_06_02_17_22_14_095.jpg,0,0,0,15.08138
C:\myData\IMG\center_2025_06_02_17_22_14_276.jpg,C:\myData\IMG\left_2025_06_02_17_22_14_276.jpg,C:\myData\IMG\right_2025_06_02_17_22_14_276.jpg,0,0,0,15.34766
C:\myData\IMG\center_2025_06_02_17_22_14_442.jpg,C:\myData\IMG\left_2025_06_02_17_22_14_442.jpg,C:\myData\IMG\right_2025_06_02_17_22_14_442.jpg,0,0,0,14.56393
C:\myData\IMG\center_2025_06_02_17_22_14_617.jpg,C:\myData\IMG\left_2025_06_02_17_22_14_617.jpg,C:\myData\IMG\right_2025_06_02_17_22_14_617.jpg,0,0,0,14.33217
C:\myData\IMG\center_2025_06_02_17_22_14_787.jpg,C:\myData\IMG\left_2025_06_02_17_22_14_787.jpg,C:\myData\IMG\right_2025_06_02_17_22_14_787.jpg,0,0,0,14.56422
C:\myData\IMG\center_2025_06_02_17_22_14_951.jpg,C:\myData\IMG\left_2025_06_02_17_22_14_951.jpg,C:\myData\IMG\right_2025_06_02_17_22_14_951.jpg,0,0,0,14.33415
C:\myData\IMG\center_2025_06_02_17_22_15_121.jpg,C:\myData\IMG\left_2025_06_02_17_22_15_121.jpg,C:\myData\IMG\right_2025_06_02_17_22_15_121.jpg,0.45,0,0,13.45677
C:\myData\IMG\center_2025_06_02_17_22_15_292.jpg,C:\myData\IMG\left_2025_06_02_17_22_15_292.jpg,C:\myData\IMG\right_2025_06_02_17_22_15_292.jpg,0.8500001,0,0,13.02051
C:\myData\IMG\center_2025_06_02_17_22_15_465.jpg,C:\myData\IMG\left_2025_06_02_17_22_15_465.jpg,C:\myData\IMG\right_2025_06_02_17_22_15_465.jpg,1,0,0,12.9705
C:\myData\IMG\center_2025_06_02_17_22_15_647.jpg,C:\myData\IMG\left_2025_06_02_17_22_15_647.jpg,C:\myData\IMG\right_2025_06_02_17_22_15_647.jpg,0,0,0,12.59755
C:\myData\IMG\center_2025_06_02_17_22_15_818.jpg,C:\myData\IMG\left_2025_06_02_17_22_15_818.jpg,C:\myData\IMG\right_2025_06_02_17_22_15_818.jpg,0,0,0,11.89918
C:\myData\IMG\center_2025_06_02_17_22_15_994.jpg,C:\myData\IMG\left_2025_06_02_17_22_15_994.jpg,C:\myData\IMG\right_2025_06_02_17_22_15_994.jpg,0,0,0,11.90619
C:\myData\IMG\center_2025_06_02_17_22_16_134.jpg,C:\myData\IMG\left_2025_06_02_17_22_16_134.jpg,C:\myData\IMG\right_2025_06_02_17_22_16_134.jpg,0,0,0,11.72332
C:\myData\IMG\center_2025_06_02_17_22_16_301.jpg,C:\myData\IMG\left_2025_06_02_17_22_16_301.jpg,C:\myData\IMG\right_2025_06_02_17_22_16_301.jpg,0,0,0,11.36606
C:\myData\IMG\center_2025_06_02_17_22_16_458.jpg,C:\myData\IMG\left_2025_06_02_17_22_16_458.jpg,C:\myData\IMG\right_2025_06_02_17_22_16_458.jpg,0,0,0,11.31147
C:\myData\IMG\center_2025_06_02_17_22_16_617.jpg,C:\myData\IMG\left_2025_06_02_17_22_16_617.jpg,C:\myData\IMG\right_2025_06_02_17_22_16_617.jpg,0,0,0,11.10132
C:\myData\IMG\center_2025_06_02_17_22_16_703.jpg,C:\myData\IMG\left_2025_06_02_17_22_16_703.jpg,C:\myData\IMG\right_2025_06_02_17_22_16_703.jpg,0,0,0,10.91856
C:\myData\IMG\center_2025_06_02_17_22_16_847.jpg,C:\myData\IMG\left_2025_06_02_17_22_16_847.jpg,C:\myData\IMG\right_2025_06_02_17_22_16_847.jpg,0,0,0,10.76107
C:\myData\IMG\center_2025_06_02_17_22_17_018.jpg,C:\myData\IMG\left_2025_06_02_17_22_17_018.jpg,C:\myData\IMG\right_2025_06_02_17_22_17_018.jpg,-0.4,0,0,10.53401
C:\myData\IMG\center_2025_06_02_17_22_17_185.jpg,C:\myData\IMG\left_2025_06_02_17_22_17_185.jpg,C:\myData\IMG\right_2025_06_02_17_22_17_185.jpg,0,0,0,10.32338
C:\myData\IMG\center_2025_06_02_17_22_17_283.jpg,C:\myData\IMG\left_2025_06_02_17_22_17_283.jpg,C:\myData\IMG\right_2025_06_02_17_22_17_283.jpg,0,0,0,10.21792
C:\myData\IMG\center_2025_06_02_17_22_17_441.jpg,C:\myData\IMG\left_2025_06_02_17_22_17_441.jpg,C:\myData\IMG\right_2025_06_02_17_22_17_441.jpg,0,0,0,10.0723
C:\myData\IMG\center_2025_06_02_17_22_17_597.jpg,C:\myData\IMG\left_2025_06_02_17_22_17_597.jpg,C:\myData\IMG\right_2025_06_02_17_22_17_597.jpg,0,0,0,9.908408
C:\myData\IMG\center_2025_06_02_17_22_17_750.jpg,C:\myData\IMG\left_2025_06_02_17_22_17_750.jpg,C:\myData\IMG\right_2025_06_02_17_22_17_750.jpg,0,0,0,9.747145
C:\myData\IMG\center_2025_06_02_17_22_17_905.jpg,C:\myData\IMG\left_2025_06_02_17_22_17_905.jpg,C:\myData\IMG\right_2025_06_02_17_22_17_905.jpg,0,0,0,9.588467
C:\myData\IMG\center_2025_06_02_17_22_18_058.jpg,C:\myData\IMG\left_2025_06_02_17_22_18_058.jpg,C:\myData\IMG\right_2025_06_02_17_22_18_058.jpg,0,0,0,9.451704
C:\myData\IMG\center_2025_06_02_17_22_18_213.jpg,C:\myData\IMG\left_2025_06_02_17_22_18_213.jpg,C:\myData\IMG\right_2025_06_02_17_22_18_213.jpg,0,0,0,9.297745
C:\myData\IMG\center_2025_06_02_17_22_18_363.jpg,C:\myData\IMG\left_2025_06_02_17_22_18_363.jpg,C:\myData\IMG\right_2025_06_02_17_22_18_363.jpg,-0.4,0,0,9.101262
C:\myData\IMG\center_2025_06_02_17_22_18_513.jpg,C:\myData\IMG\left_2025_06_02_17_22_18_513.jpg,C:\myData\IMG\right_2025_06_02_17_22_18_513.jpg,-0.7500002,0,0,8.858204
C:\myData\IMG\center_2025_06_02_17_22_18_661.jpg,C:\myData\IMG\left_2025_06_02_17_22_18_661.jpg,C:\myData\IMG\right_2025_06_02_17_22_18_661.jpg,0,0,0,8.630338
C:\myData\IMG\center_2025_06_02_17_22_18_812.jpg,C:\myData\IMG\left_2025_06_02_17_22_18_812.jpg,C:\myData\IMG\right_2025_06_02_17_22_18_812.jpg,0,0,0,8.508076
C:\myData\IMG\center_2025_06_02_17_22_18_975.jpg,C:\myData\IMG\left_2025_06_02_17_22_18_975.jpg,C:\myData\IMG\right_2025_06_02_17_22_18_975.jpg,0,0,0,8.37128
C:\myData\IMG\center_2025_06_02_17_22_19_129.jpg,C:\myData\IMG\left_2025_06_02_17_22_19_129.jpg,C:\myData\IMG\right_2025_06_02_17_22_19_129.jpg,0,0,0,8.236709
C:\myData\IMG\center_2025_06_02_17_22_19_284.jpg,C:\myData\IMG\left_2025_06_02_17_22_19_284.jpg,C:\myData\IMG\right_2025_06_02_17_22_19_284.jpg,0,0.4595865,0,8.963393
C:\myData\IMG\center_2025_06_02_17_22_19_445.jpg,C:\myData\IMG\left_2025_06_02_17_22_19_445.jpg,C:\myData\IMG\right_2025_06_02_17_22_19_445.jpg,0,0.9387888,0,10.59492
C:\myData\IMG\center_2025_06_02_17_22_19_594.jpg,C:\myData\IMG\left_2025_06_02_17_22_19_594.jpg,C:\myData\IMG\right_2025_06_02_17_22_19_594.jpg,0,1,0,11.88351
C:\myData\IMG\center_2025_06_02_17_22_19_858.jpg,C:\myData\IMG\left_2025_06_02_17_22_19_858.jpg,C:\myData\IMG\right_2025_06_02_17_22_19_858.jpg,0,0.52378,0,12.98198
C:\myData\IMG\center_2025_06_02_17_22_20_018.jpg,C:\myData\IMG\left_2025_06_02_17_22_20_018.jpg,C:\myData\IMG\right_2025_06_02_17_22_20_018.jpg,0,0.9861358,0,14.60006
C:\myData\IMG\center_2025_06_02_17_22_20_176.jpg,C:\myData\IMG\left_2025_06_02_17_22_20_176.jpg,C:\myData\IMG\right_2025_06_02_17_22_20_176.jpg,0,0.4994137,0,15.2682
C:\myData\IMG\center_2025_06_02_17_22_20_330.jpg,C:\myData\IMG\left_2025_06_02_17_22_20_330.jpg,C:\myData\IMG\right_2025_06_02_17_22_20_330.jpg,0,0.04752699,0,15.39465
C:\myData\IMG\center_2025_06_02_17_22_20_467.jpg,C:\myData\IMG\left_2025_06_02_17_22_20_467.jpg,C:\myData\IMG\right_2025_06_02_17_22_20_467.jpg,0,0,0,15.16416
C:\myData\IMG\center_2025_06_02_17_22_20_618.jpg,C:\myData\IMG\left_2025_06_02_17_22_20_618.jpg,C:\myData\IMG\right_2025_06_02_17_22_20_618.jpg,0,0,0,14.70841
C:\myData\IMG\center_2025_06_02_17_22_20_766.jpg,C:\myData\IMG\left_2025_06_02_17_22_20_766.jpg,C:\myData\IMG\right_2025_06_02_17_22_20_766.jpg,0,0,0,14.74755
C:\myData\IMG\center_2025_06_02_17_22_20_925.jpg,C:\myData\IMG\left_2025_06_02_17_22_20_925.jpg,C:\myData\IMG\right_2025_06_02_17_22_20_925.jpg,0,0,0,14.51606
C:\myData\IMG\center_2025_06_02_17_22_21_084.jpg,C:\myData\IMG\left_2025_06_02_17_22_21_084.jpg,C:\myData\IMG\right_2025_06_02_17_22_21_084.jpg,0.4,0,0,14.21752
C:\myData\IMG\center_2025_06_02_17_22_21_220.jpg,C:\myData\IMG\left_2025_06_02_17_22_21_220.jpg,C:\myData\IMG\right_2025_06_02_17_22_21_220.jpg,0,0,0,13.97485
C:\myData\IMG\center_2025_06_02_17_22_21_368.jpg,C:\myData\IMG\left_2025_06_02_17_22_21_368.jpg,C:\myData\IMG\right_2025_06_02_17_22_21_368.jpg,0,0,0,13.52484
C:\myData\IMG\center_2025_06_02_17_22_21_518.jpg,C:\myData\IMG\left_2025_06_02_17_22_21_518.jpg,C:\myData\IMG\right_2025_06_02_17_22_21_518.jpg,0,0,0,13.56644
C:\myData\IMG\center_2025_06_02_17_22_21_677.jpg,C:\myData\IMG\left_2025_06_02_17_22_21_677.jpg,C:\myData\IMG\right_2025_06_02_17_22_21_677.jpg,0,0,0,13.35054
C:\myData\IMG\center_2025_06_02_17_22_21_818.jpg,C:\myData\IMG\left_2025_06_02_17_22_21_818.jpg,C:\myData\IMG\right_2025_06_02_17_22_21_818.jpg,0,0,0,13.13419
C:\myData\IMG\center_2025_06_02_17_22_21_968.jpg,C:\myData\IMG\left_2025_06_02_17_22_21_968.jpg,C:\myData\IMG\right_2025_06_02_17_22_21_968.jpg,0.3,0,0,12.94526
C:\myData\IMG\center_2025_06_02_17_22_22_117.jpg,C:\myData\IMG\left_2025_06_02_17_22_22_117.jpg,C:\myData\IMG\right_2025_06_02_17_22_22_117.jpg,0,0,0,12.72496
C:\myData\IMG\center_2025_06_02_17_22_22_276.jpg,C:\myData\IMG\left_2025_06_02_17_22_22_276.jpg,C:\myData\IMG\right_2025_06_02_17_22_22_276.jpg,0,0,0,12.52321
C:\myData\IMG\center_2025_06_02_17_22_22_430.jpg,C:\myData\IMG\left_2025_06_02_17_22_22_430.jpg,C:\myData\IMG\right_2025_06_02_17_22_22_430.jpg,0,0,0,12.32332
C:\myData\IMG\center_2025_06_02_17_22_22_577.jpg,C:\myData\IMG\left_2025_06_02_17_22_22_577.jpg,C:\myData\IMG\right_2025_06_02_17_22_22_577.jpg,0.35,0,0,11.87334
C:\myData\IMG\center_2025_06_02_17_22_22_726.jpg,C:\myData\IMG\left_2025_06_02_17_22_22_726.jpg,C:\myData\IMG\right_2025_06_02_17_22_22_726.jpg,0.7500002,0,0,11.54653
C:\myData\IMG\center_2025_06_02_17_22_22_892.jpg,C:\myData\IMG\left_2025_06_02_17_22_22_892.jpg,C:\myData\IMG\right_2025_06_02_17_22_22_892.jpg,0,0,0,11.5782
C:\myData\IMG\center_2025_06_02_17_22_23_071.jpg,C:\myData\IMG\left_2025_06_02_17_22_23_071.jpg,C:\myData\IMG\right_2025_06_02_17_22_23_071.jpg,0,0,0,11.27291
C:\myData\IMG\center_2025_06_02_17_22_23_110.jpg,C:\myData\IMG\left_2025_06_02_17_22_23_110.jpg,C:\myData\IMG\right_2025_06_02_17_22_23_110.jpg,0,0,0,11.05201
C:\myData\IMG\center_2025_06_02_17_22_23_262.jpg,C:\myData\IMG\left_2025_06_02_17_22_23_262.jpg,C:\myData\IMG\right_2025_06_02_17_22_23_262.jpg,0.4,0,0,10.8198
C:\myData\IMG\center_2025_06_02_17_22_23_411.jpg,C:\myData\IMG\left_2025_06_02_17_22_23_411.jpg,C:\myData\IMG\right_2025_06_02_17_22_23_411.jpg,0.7500002,0,0,10.52422
C:\myData\IMG\center_2025_06_02_17_22_23_544.jpg,C:\myData\IMG\left_2025_06_02_17_22_23_544.jpg,C:\myData\IMG\right_2025_06_02_17_22_23_544.jpg,0,0,0,10.28838
C:\myData\IMG\center_2025_06_02_17_22_23_716.jpg,C:\myData\IMG\left_2025_06_02_17_22_23_716.jpg,C:\myData\IMG\right_2025_06_02_17_22_23_716.jpg,0,0,0,10.12174
C:\myData\IMG\center_2025_06_02_17_22_23_874.jpg,C:\myData\IMG\left_2025_06_02_17_22_23_874.jpg,C:\myData\IMG\right_2025_06_02_17_22_23_874.jpg,0,0,0,9.959623
C:\myData\IMG\center_2025_06_02_17_22_24_027.jpg,C:\myData\IMG\left_2025_06_02_17_22_24_027.jpg,C:\myData\IMG\right_2025_06_02_17_22_24_027.jpg,0.4,0,0,9.749598
C:\myData\IMG\center_2025_06_02_17_22_24_173.jpg,C:\myData\IMG\left_2025_06_02_17_22_24_173.jpg,C:\myData\IMG\right_2025_06_02_17_22_24_173.jpg,0.7500002,0,0,9.484718
C:\myData\IMG\center_2025_06_02_17_22_24_329.jpg,C:\myData\IMG\left_2025_06_02_17_22_24_329.jpg,C:\myData\IMG\right_2025_06_02_17_22_24_329.jpg,0,0,0,9.246864
C:\myData\IMG\center_2025_06_02_17_22_24_490.jpg,C:\myData\IMG\left_2025_06_02_17_22_24_490.jpg,C:\myData\IMG\right_2025_06_02_17_22_24_490.jpg,0,0,0,9.098032
C:\myData\IMG\center_2025_06_02_17_22_24_643.jpg,C:\myData\IMG\left_2025_06_02_17_22_24_643.jpg,C:\myData\IMG\right_2025_06_02_17_22_24_643.jpg,0,0,0,8.952345
C:\myData\IMG\center_2025_06_02_17_22_24_796.jpg,C:\myData\IMG\left_2025_06_02_17_22_24_796.jpg,C:\myData\IMG\right_2025_06_02_17_22_24_796.jpg,0.35,0,0,8.791831
C:\myData\IMG\center_2025_06_02_17_22_24_993.jpg,C:\myData\IMG\left_2025_06_02_17_22_24_993.jpg,C:\myData\IMG\right_2025_06_02_17_22_24_993.jpg,0.8500001,0,0,8.447424
C:\myData\IMG\center_2025_06_02_17_22_25_157.jpg,C:\myData\IMG\left_2025_06_02_17_22_25_157.jpg,C:\myData\IMG\right_2025_06_02_17_22_25_157.jpg,0,0,0,8.202057
C:\myData\IMG\center_2025_06_02_17_22_25_318.jpg,C:\myData\IMG\left_2025_06_02_17_22_25_318.jpg,C:\myData\IMG\right_2025_06_02_17_22_25_318.jpg,0,0,0,8.070006
C:\myData\IMG\center_2025_06_02_17_22_25_480.jpg,C:\myData\IMG\left_2025_06_02_17_22_25_480.jpg,C:\myData\IMG\right_2025_06_02_17_22_25_480.jpg,0,0,0,7.940792
C:\myData\IMG\center_2025_06_02_17_22_25_624.jpg,C:\myData\IMG\left_2025_06_02_17_22_25_624.jpg,C:\myData\IMG\right_2025_06_02_17_22_25_624.jpg,0,0,0,7.813654
C:\myData\IMG\center_2025_06_02_17_22_25_775.jpg,C:\myData\IMG\left_2025_06_02_17_22_25_775.jpg,C:\myData\IMG\right_2025_06_02_17_22_25_775.jpg,0,0,0,7.704078
C:\myData\IMG\center_2025_06_02_17_22_25_926.jpg,C:\myData\IMG\left_2025_06_02_17_22_25_926.jpg,C:\myData\IMG\right_2025_06_02_17_22_25_926.jpg,0,0,0,7.580729
C:\myData\IMG\center_2025_06_02_17_22_26_080.jpg,C:\myData\IMG\left_2025_06_02_17_22_26_080.jpg,C:\myData\IMG\right_2025_06_02_17_22_26_080.jpg,0,0,0,7.459357
C:\myData\IMG\center_2025_06_02_17_22_26_230.jpg,C:\myData\IMG\left_2025_06_02_17_22_26_230.jpg,C:\myData\IMG\right_2025_06_02_17_22_26_230.jpg,0,0.4544301,0,8.095667
C:\myData\IMG\center_2025_06_02_17_22_26_382.jpg,C:\myData\IMG\left_2025_06_02_17_22_26_382.jpg,C:\myData\IMG\right_2025_06_02_17_22_26_382.jpg,0,0.002454907,0,8.0013
C:\myData\IMG\center_2025_06_02_17_22_26_531.jpg,C:\myData\IMG\left_2025_06_02_17_22_26_531.jpg,C:\myData\IMG\right_2025_06_02_17_22_26_531.jpg,0,0.4487685,0,8.619313
C:\myData\IMG\center_2025_06_02_17_22_26_689.jpg,C:\myData\IMG\left_2025_06_02_17_22_26_689.jpg,C:\myData\IMG\right_2025_06_02_17_22_26_689.jpg,0,0.9236886,0,10.22722
C:\myData\IMG\center_2025_06_02_17_22_26_843.jpg,C:\myData\IMG\left_2025_06_02_17_22_26_843.jpg,C:\myData\IMG\right_2025_06_02_17_22_26_843.jpg,0,1,0,12.11296
C:\myData\IMG\center_2025_06_02_17_22_26_996.jpg,C:\myData\IMG\left_2025_06_02_17_22_26_996.jpg,C:\myData\IMG\right_2025_06_02_17_22_26_996.jpg,0,0.5443327,0,12.65243
C:\myData\IMG\center_2025_06_02_17_22_27_213.jpg,C:\myData\IMG\left_2025_06_02_17_22_27_213.jpg,C:\myData\IMG\right_2025_06_02_17_22_27_213.jpg,0.4,0.09522516,0,12.50954
C:\myData\IMG\center_2025_06_02_17_22_27_366.jpg,C:\myData\IMG\left_2025_06_02_17_22_27_366.jpg,C:\myData\IMG\right_2025_06_02_17_22_27_366.jpg,0,0,0,12.62549
C:\myData\IMG\center_2025_06_02_17_22_27_516.jpg,C:\myData\IMG\left_2025_06_02_17_22_27_516.jpg,C:\myData\IMG\right_2025_06_02_17_22_27_516.jpg,0,0,0,12.37405
C:\myData\IMG\center_2025_06_02_17_22_27_669.jpg,C:\myData\IMG\left_2025_06_02_17_22_27_669.jpg,C:\myData\IMG\right_2025_06_02_17_22_27_669.jpg,0,0,0,11.95505
C:\myData\IMG\center_2025_06_02_17_22_27_819.jpg,C:\myData\IMG\left_2025_06_02_17_22_27_819.jpg,C:\myData\IMG\right_2025_06_02_17_22_27_819.jpg,0,0,0,11.78004
C:\myData\IMG\center_2025_06_02_17_22_27_978.jpg,C:\myData\IMG\left_2025_06_02_17_22_27_978.jpg,C:\myData\IMG\right_2025_06_02_17_22_27_978.jpg,0,0,0,11.83677
C:\myData\IMG\center_2025_06_02_17_22_28_119.jpg,C:\myData\IMG\left_2025_06_02_17_22_28_119.jpg,C:\myData\IMG\right_2025_06_02_17_22_28_119.jpg,0,0,0,11.64798
C:\myData\IMG\center_2025_06_02_17_22_28_271.jpg,C:\myData\IMG\left_2025_06_02_17_22_28_271.jpg,C:\myData\IMG\right_2025_06_02_17_22_28_271.jpg,0.4,0,0,11.41542
C:\myData\IMG\center_2025_06_02_17_22_28_420.jpg,C:\myData\IMG\left_2025_06_02_17_22_28_420.jpg,C:\myData\IMG\right_2025_06_02_17_22_28_420.jpg,0.7500002,0,0,11.06062
C:\myData\IMG\center_2025_06_02_17_22_28_505.jpg,C:\myData\IMG\left_2025_06_02_17_22_28_505.jpg,C:\myData\IMG\right_2025_06_02_17_22_28_505.jpg,0,0,0,10.78976
C:\myData\IMG\center_2025_06_02_17_22_28_654.jpg,C:\myData\IMG\left_2025_06_02_17_22_28_654.jpg,C:\myData\IMG\right_2025_06_02_17_22_28_654.jpg,0,0,0,10.63517
C:\myData\IMG\center_2025_06_02_17_22_28_824.jpg,C:\myData\IMG\left_2025_06_02_17_22_28_824.jpg,C:\myData\IMG\right_2025_06_02_17_22_28_824.jpg,0,0,0,10.44134
C:\myData\IMG\center_2025_06_02_17_22_28_974.jpg,C:\myData\IMG\left_2025_06_02_17_22_28_974.jpg,C:\myData\IMG\right_2025_06_02_17_22_28_974.jpg,0,0,0,10.29314
C:\myData\IMG\center_2025_06_02_17_22_29_128.jpg,C:\myData\IMG\left_2025_06_02_17_22_29_128.jpg,C:\myData\IMG\right_2025_06_02_17_22_29_128.jpg,0,0,0,10.1257
C:\myData\IMG\center_2025_06_02_17_22_29_281.jpg,C:\myData\IMG\left_2025_06_02_17_22_29_281.jpg,C:\myData\IMG\right_2025_06_02_17_22_29_281.jpg,0,0,0,9.959874
C:\myData\IMG\center_2025_06_02_17_22_29_436.jpg,C:\myData\IMG\left_2025_06_02_17_22_29_436.jpg,C:\myData\IMG\right_2025_06_02_17_22_29_436.jpg,0.35,0,0,9.780784
C:\myData\IMG\center_2025_06_02_17_22_29_592.jpg,C:\myData\IMG\left_2025_06_02_17_22_29_592.jpg,C:\myData\IMG\right_2025_06_02_17_22_29_592.jpg,0.7500002,0,0,9.486087
C:\myData\IMG\center_2025_06_02_17_22_29_749.jpg,C:\myData\IMG\left_2025_06_02_17_22_29_749.jpg,C:\myData\IMG\right_2025_06_02_17_22_29_749.jpg,1,0,0,9.14897
C:\myData\IMG\center_2025_06_02_17_22_29_916.jpg,C:\myData\IMG\left_2025_06_02_17_22_29_916.jpg,C:\myData\IMG\right_2025_06_02_17_22_29_916.jpg,0,0,0,8.798439
C:\myData\IMG\center_2025_06_02_17_22_30_073.jpg,C:\myData\IMG\left_2025_06_02_17_22_30_073.jpg,C:\myData\IMG\right_2025_06_02_17_22_30_073.jpg,0,0,0,8.65577
C:\myData\IMG\center_2025_06_02_17_22_30_227.jpg,C:\myData\IMG\left_2025_06_02_17_22_30_227.jpg,C:\myData\IMG\right_2025_06_02_17_22_30_227.jpg,0,0,0,8.51835
C:\myData\IMG\center_2025_06_02_17_22_30_379.jpg,C:\myData\IMG\left_2025_06_02_17_22_30_379.jpg,C:\myData\IMG\right_2025_06_02_17_22_30_379.jpg,0,0,0,8.399963
C:\myData\IMG\center_2025_06_02_17_22_30_531.jpg,C:\myData\IMG\left_2025_06_02_17_22_30_531.jpg,C:\myData\IMG\right_2025_06_02_17_22_30_531.jpg,0,0,0,8.266699
C:\myData\IMG\center_2025_06_02_17_22_30_681.jpg,C:\myData\IMG\left_2025_06_02_17_22_30_681.jpg,C:\myData\IMG\right_2025_06_02_17_22_30_681.jpg,0,0,0,8.135276
C:\myData\IMG\center_2025_06_02_17_22_30_834.jpg,C:\myData\IMG\left_2025_06_02_17_22_30_834.jpg,C:\myData\IMG\right_2025_06_02_17_22_30_834.jpg,0,0,0,8.019938
C:\myData\IMG\center_2025_06_02_17_22_30_999.jpg,C:\myData\IMG\left_2025_06_02_17_22_30_999.jpg,C:\myData\IMG\right_2025_06_02_17_22_30_999.jpg,0.45,0,0,7.824599
C:\myData\IMG\center_2025_06_02_17_22_31_151.jpg,C:\myData\IMG\left_2025_06_02_17_22_31_151.jpg,C:\myData\IMG\right_2025_06_02_17_22_31_151.jpg,0.8000001,0,0,7.610825
C:\myData\IMG\center_2025_06_02_17_22_31_301.jpg,C:\myData\IMG\left_2025_06_02_17_22_31_301.jpg,C:\myData\IMG\right_2025_06_02_17_22_31_301.jpg,1,0,0,7.353807
C:\myData\IMG\center_2025_06_02_17_22_31_451.jpg,C:\myData\IMG\left_2025_06_02_17_22_31_451.jpg,C:\myData\IMG\right_2025_06_02_17_22_31_451.jpg,1,0,0,7.209226
C:\myData\IMG\center_2025_06_02_17_22_31_603.jpg,C:\myData\IMG\left_2025_06_02_17_22_31_603.jpg,C:\myData\IMG\right_2025_06_02_17_22_31_603.jpg,1,0,0,7.054644
C:\myData\IMG\center_2025_06_02_17_22_31_753.jpg,C:\myData\IMG\left_2025_06_02_17_22_31_753.jpg,C:\myData\IMG\right_2025_06_02_17_22_31_753.jpg,0,0,0,6.767257
C:\myData\IMG\center_2025_06_02_17_22_31_904.jpg,C:\myData\IMG\left_2025_06_02_17_22_31_904.jpg,C:\myData\IMG\right_2025_06_02_17_22_31_904.jpg,0,0,0,6.656977
C:\myData\IMG\center_2025_06_02_17_22_32_059.jpg,C:\myData\IMG\left_2025_06_02_17_22_32_059.jpg,C:\myData\IMG\right_2025_06_02_17_22_32_059.jpg,0,0,0,6.563608
C:\myData\IMG\center_2025_06_02_17_22_32_207.jpg,C:\myData\IMG\left_2025_06_02_17_22_32_207.jpg,C:\myData\IMG\right_2025_06_02_17_22_32_207.jpg,0,0,0,6.458522
C:\myData\IMG\center_2025_06_02_17_22_32_354.jpg,C:\myData\IMG\left_2025_06_02_17_22_32_354.jpg,C:\myData\IMG\right_2025_06_02_17_22_32_354.jpg,0,0,0,6.367939
C:\myData\IMG\center_2025_06_02_17_22_32_500.jpg,C:\myData\IMG\left_2025_06_02_17_22_32_500.jpg,C:\myData\IMG\right_2025_06_02_17_22_32_500.jpg,0,0,0,6.26597
C:\myData\IMG\center_2025_06_02_17_22_32_643.jpg,C:\myData\IMG\left_2025_06_02_17_22_32_643.jpg,C:\myData\IMG\right_2025_06_02_17_22_32_643.jpg,0,0,0,6.178088
C:\myData\IMG\center_2025_06_02_17_22_32_792.jpg,C:\myData\IMG\left_2025_06_02_17_22_32_792.jpg,C:\myData\IMG\right_2025_06_02_17_22_32_792.jpg,0,0,0,6.091438
C:\myData\IMG\center_2025_06_02_17_22_32_937.jpg,C:\myData\IMG\left_2025_06_02_17_22_32_937.jpg,C:\myData\IMG\right_2025_06_02_17_22_32_937.jpg,0,0,0,6.006005
C:\myData\IMG\center_2025_06_02_17_22_33_082.jpg,C:\myData\IMG\left_2025_06_02_17_22_33_082.jpg,C:\myData\IMG\right_2025_06_02_17_22_33_082.jpg,0,0,0,5.909832
C:\myData\IMG\center_2025_06_02_17_22_33_236.jpg,C:\myData\IMG\left_2025_06_02_17_22_33_236.jpg,C:\myData\IMG\right_2025_06_02_17_22_33_236.jpg,0,0,0,5.826953
C:\myData\IMG\center_2025_06_02_17_22_33_373.jpg,C:\myData\IMG\left_2025_06_02_17_22_33_373.jpg,C:\myData\IMG\right_2025_06_02_17_22_33_373.jpg,0,0,0,5.745229
C:\myData\IMG\center_2025_06_02_17_22_33_517.jpg,C:\myData\IMG\left_2025_06_02_17_22_33_517.jpg,C:\myData\IMG\right_2025_06_02_17_22_33_517.jpg,0,0,0,5.66465
C:\myData\IMG\center_2025_06_02_17_22_33_659.jpg,C:\myData\IMG\left_2025_06_02_17_22_33_659.jpg,C:\myData\IMG\right_2025_06_02_17_22_33_659.jpg,0,0,0,5.58521
C:\myData\IMG\center_2025_06_02_17_22_33_800.jpg,C:\myData\IMG\left_2025_06_02_17_22_33_800.jpg,C:\myData\IMG\right_2025_06_02_17_22_33_800.jpg,0,0,0,5.495781
C:\myData\IMG\center_2025_06_02_17_22_33_943.jpg,C:\myData\IMG\left_2025_06_02_17_22_33_943.jpg,C:\myData\IMG\right_2025_06_02_17_22_33_943.jpg,0.35,0,0,5.396356
C:\myData\IMG\center_2025_06_02_17_22_34_087.jpg,C:\myData\IMG\left_2025_06_02_17_22_34_087.jpg,C:\myData\IMG\right_2025_06_02_17_22_34_087.jpg,0.7,0,0,5.259602
C:\myData\IMG\center_2025_06_02_17_22_34_228.jpg,C:\myData\IMG\left_2025_06_02_17_22_34_228.jpg,C:\myData\IMG\right_2025_06_02_17_22_34_228.jpg,1,0,0,5.087819
C:\myData\IMG\center_2025_06_02_17_22_34_376.jpg,C:\myData\IMG\left_2025_06_02_17_22_34_376.jpg,C:\myData\IMG\right_2025_06_02_17_22_34_376.jpg,1,0,0,4.975444
C:\myData\IMG\center_2025_06_02_17_22_34_520.jpg,C:\myData\IMG\left_2025_06_02_17_22_34_520.jpg,C:\myData\IMG\right_2025_06_02_17_22_34_520.jpg,0,0,0,4.766915
C:\myData\IMG\center_2025_06_02_17_22_34_662.jpg,C:\myData\IMG\left_2025_06_02_17_22_34_662.jpg,C:\myData\IMG\right_2025_06_02_17_22_34_662.jpg,0,0,0,4.690282
C:\myData\IMG\center_2025_06_02_17_22_34_798.jpg,C:\myData\IMG\left_2025_06_02_17_22_34_798.jpg,C:\myData\IMG\right_2025_06_02_17_22_34_798.jpg,0,0,0,4.633499
C:\myData\IMG\center_2025_06_02_17_22_34_940.jpg,C:\myData\IMG\left_2025_06_02_17_22_34_940.jpg,C:\myData\IMG\right_2025_06_02_17_22_34_940.jpg,0,0,0,4.558507
C:\myData\IMG\center_2025_06_02_17_22_35_081.jpg,C:\myData\IMG\left_2025_06_02_17_22_35_081.jpg,C:\myData\IMG\right_2025_06_02_17_22_35_081.jpg,0,0,0,4.493938
C:\myData\IMG\center_2025_06_02_17_22_35_219.jpg,C:\myData\IMG\left_2025_06_02_17_22_35_219.jpg,C:\myData\IMG\right_2025_06_02_17_22_35_219.jpg,0,0,0,4.438712
C:\myData\IMG\center_2025_06_02_17_22_35_367.jpg,C:\myData\IMG\left_2025_06_02_17_22_35_367.jpg,C:\myData\IMG\right_2025_06_02_17_22_35_367.jpg,0,0,0,4.365961
C:\myData\IMG\center_2025_06_02_17_22_35_506.jpg,C:\myData\IMG\left_2025_06_02_17_22_35_506.jpg,C:\myData\IMG\right_2025_06_02_17_22_35_506.jpg,0,0,0,4.303259
C:\myData\IMG\center_2025_06_02_17_22_35_646.jpg,C:\myData\IMG\left_2025_06_02_17_22_35_646.jpg,C:\myData\IMG\right_2025_06_02_17_22_35_646.jpg,0,0,0,4.241444
C:\myData\IMG\center_2025_06_02_17_22_35_790.jpg,C:\myData\IMG\left_2025_06_02_17_22_35_790.jpg,C:\myData\IMG\right_2025_06_02_17_22_35_790.jpg,0,0,0,4.180503
C:\myData\IMG\center_2025_06_02_17_22_35_925.jpg,C:\myData\IMG\left_2025_06_02_17_22_35_925.jpg,C:\myData\IMG\right_2025_06_02_17_22_35_925.jpg,0,0,0,4.120424
C:\myData\IMG\center_2025_06_02_17_22_36_070.jpg,C:\myData\IMG\left_2025_06_02_17_22_36_070.jpg,C:\myData\IMG\right_2025_06_02_17_22_36_070.jpg,0,0,0,4.061195
C:\myData\IMG\center_2025_06_02_17_22_36_209.jpg,C:\myData\IMG\left_2025_06_02_17_22_36_209.jpg,C:\myData\IMG\right_2025_06_02_17_22_36_209.jpg,0,0,0,4.0028
C:\myData\IMG\center_2025_06_02_17_22_36_349.jpg,C:\myData\IMG\left_2025_06_02_17_22_36_349.jpg,C:\myData\IMG\right_2025_06_02_17_22_36_349.jpg,0,0,0,3.945019
C:\myData\IMG\center_2025_06_02_17_22_36_501.jpg,C:\myData\IMG\left_2025_06_02_17_22_36_501.jpg,C:\myData\IMG\right_2025_06_02_17_22_36_501.jpg,0,0,0,3.879642
C:\myData\IMG\center_2025_06_02_17_22_36_644.jpg,C:\myData\IMG\left_2025_06_02_17_22_36_644.jpg,C:\myData\IMG\right_2025_06_02_17_22_36_644.jpg,0,0,0,3.823222
C:\myData\IMG\center_2025_06_02_17_22_36_781.jpg,C:\myData\IMG\left_2025_06_02_17_22_36_781.jpg,C:\myData\IMG\right_2025_06_02_17_22_36_781.jpg,0,0,0,3.76704
C:\myData\IMG\center_2025_06_02_17_22_36_938.jpg,C:\myData\IMG\left_2025_06_02_17_22_36_938.jpg,C:\myData\IMG\right_2025_06_02_17_22_36_938.jpg,0,0,0,3.711553
C:\myData\IMG\center_2025_06_02_17_22_37_084.jpg,C:\myData\IMG\left_2025_06_02_17_22_37_084.jpg,C:\myData\IMG\right_2025_06_02_17_22_37_084.jpg,0,0,0,3.649089
C:\myData\IMG\center_2025_06_02_17_22_37_222.jpg,C:\myData\IMG\left_2025_06_02_17_22_37_222.jpg,C:\myData\IMG\right_2025_06_02_17_22_37_222.jpg,0,0.415821,0,4.288049
C:\myData\IMG\center_2025_06_02_17_22_37_350.jpg,C:\myData\IMG\left_2025_06_02_17_22_37_350.jpg,C:\myData\IMG\right_2025_06_02_17_22_37_350.jpg,0,0.02897939,0,4.292799
C:\myData\IMG\center_2025_06_02_17_22_37_493.jpg,C:\myData\IMG\left_2025_06_02_17_22_37_493.jpg,C:\myData\IMG\right_2025_06_02_17_22_37_493.jpg,0,0.4564029,0,4.98943
C:\myData\IMG\center_2025_06_02_17_22_37_639.jpg,C:\myData\IMG\left_2025_06_02_17_22_37_639.jpg,C:\myData\IMG\right_2025_06_02_17_22_37_639.jpg,0,0.01646638,0,4.966823
C:\myData\IMG\center_2025_06_02_17_22_37_779.jpg,C:\myData\IMG\left_2025_06_02_17_22_37_779.jpg,C:\myData\IMG\right_2025_06_02_17_22_37_779.jpg,0,0,0,4.898444
C:\myData\IMG\center_2025_06_02_17_22_37_924.jpg,C:\myData\IMG\left_2025_06_02_17_22_37_924.jpg,C:\myData\IMG\right_2025_06_02_17_22_37_924.jpg,0,0,0,4.82047
C:\myData\IMG\center_2025_06_02_17_22_38_069.jpg,C:\myData\IMG\left_2025_06_02_17_22_38_069.jpg,C:\myData\IMG\right_2025_06_02_17_22_38_069.jpg,0.35,0,0,4.731604
C:\myData\IMG\center_2025_06_02_17_22_38_212.jpg,C:\myData\IMG\left_2025_06_02_17_22_38_212.jpg,C:\myData\IMG\right_2025_06_02_17_22_38_212.jpg,0.7,0,0,4.608029
C:\myData\IMG\center_2025_06_02_17_22_38_370.jpg,C:\myData\IMG\left_2025_06_02_17_22_38_370.jpg,C:\myData\IMG\right_2025_06_02_17_22_38_370.jpg,1,0,0,4.432348
C:\myData\IMG\center_2025_06_02_17_22_38_496.jpg,C:\myData\IMG\left_2025_06_02_17_22_38_496.jpg,C:\myData\IMG\right_2025_06_02_17_22_38_496.jpg,0,0,0,4.262133
C:\myData\IMG\center_2025_06_02_17_22_38_638.jpg,C:\myData\IMG\left_2025_06_02_17_22_38_638.jpg,C:\myData\IMG\right_2025_06_02_17_22_38_638.jpg,0,0,0,4.201472
C:\myData\IMG\center_2025_06_02_17_22_38_791.jpg,C:\myData\IMG\left_2025_06_02_17_22_38_791.jpg,C:\myData\IMG\right_2025_06_02_17_22_38_791.jpg,0,0,0,4.135216
C:\myData\IMG\center_2025_06_02_17_22_38_926.jpg,C:\myData\IMG\left_2025_06_02_17_22_38_926.jpg,C:\myData\IMG\right_2025_06_02_17_22_38_926.jpg,0,0,0,4.078112
C:\myData\IMG\center_2025_06_02_17_22_39_068.jpg,C:\myData\IMG\left_2025_06_02_17_22_39_068.jpg,C:\myData\IMG\right_2025_06_02_17_22_39_068.jpg,0,0,0,4.02181
C:\myData\IMG\center_2025_06_02_17_22_39_208.jpg,C:\myData\IMG\left_2025_06_02_17_22_39_208.jpg,C:\myData\IMG\right_2025_06_02_17_22_39_208.jpg,0,0,0,3.966296
C:\myData\IMG\center_2025_06_02_17_22_39_370.jpg,C:\myData\IMG\left_2025_06_02_17_22_39_370.jpg,C:\myData\IMG\right_2025_06_02_17_22_39_370.jpg,0,0,0,3.903805
C:\myData\IMG\center_2025_06_02_17_22_39_506.jpg,C:\myData\IMG\left_2025_06_02_17_22_39_506.jpg,C:\myData\IMG\right_2025_06_02_17_22_39_506.jpg,0,0,0,3.849947
C:\myData\IMG\center_2025_06_02_17_22_39_646.jpg,C:\myData\IMG\left_2025_06_02_17_22_39_646.jpg,C:\myData\IMG\right_2025_06_02_17_22_39_646.jpg,0,0.4206579,0,4.495032
C:\myData\IMG\center_2025_06_02_17_22_39_774.jpg,C:\myData\IMG\left_2025_06_02_17_22_39_774.jpg,C:\myData\IMG\right_2025_06_02_17_22_39_774.jpg,0,0.8047347,0,5.590709
C:\myData\IMG\center_2025_06_02_17_22_39_921.jpg,C:\myData\IMG\left_2025_06_02_17_22_39_921.jpg,C:\myData\IMG\right_2025_06_02_17_22_39_921.jpg,0,0.3660069,0,6.231477
C:\myData\IMG\center_2025_06_02_17_22_40_064.jpg,C:\myData\IMG\left_2025_06_02_17_22_40_064.jpg,C:\myData\IMG\right_2025_06_02_17_22_40_064.jpg,0,0,0,6.164656
C:\myData\IMG\center_2025_06_02_17_22_40_204.jpg,C:\myData\IMG\left_2025_06_02_17_22_40_204.jpg,C:\myData\IMG\right_2025_06_02_17_22_40_204.jpg,0.35,0,0,6.052061
C:\myData\IMG\center_2025_06_02_17_22_40_346.jpg,C:\myData\IMG\left_2025_06_02_17_22_40_346.jpg,C:\myData\IMG\right_2025_06_02_17_22_40_346.jpg,0.7,0,0,5.89436
C:\myData\IMG\center_2025_06_02_17_22_40_485.jpg,C:\myData\IMG\left_2025_06_02_17_22_40_485.jpg,C:\myData\IMG\right_2025_06_02_17_22_40_485.jpg,1,0,0,5.697552
C:\myData\IMG\center_2025_06_02_17_22_40_630.jpg,C:\myData\IMG\left_2025_06_02_17_22_40_630.jpg,C:\myData\IMG\right_2025_06_02_17_22_40_630.jpg,1,0,0,5.566898
C:\myData\IMG\center_2025_06_02_17_22_40_771.jpg,C:\myData\IMG\left_2025_06_02_17_22_40_771.jpg,C:\myData\IMG\right_2025_06_02_17_22_40_771.jpg,0,0,0,5.338501
C:\myData\IMG\center_2025_06_02_17_22_40_941.jpg,C:\myData\IMG\left_2025_06_02_17_22_40_941.jpg,C:\myData\IMG\right_2025_06_02_17_22_40_941.jpg,0,0,0,5.242638
C:\myData\IMG\center_2025_06_02_17_22_41_081.jpg,C:\myData\IMG\left_2025_06_02_17_22_41_081.jpg,C:\myData\IMG\right_2025_06_02_17_22_41_081.jpg,0,0,0,5.169528
C:\myData\IMG\center_2025_06_02_17_22_41_211.jpg,C:\myData\IMG\left_2025_06_02_17_22_41_211.jpg,C:\myData\IMG\right_2025_06_02_17_22_41_211.jpg,0,0,0,5.107661
C:\myData\IMG\center_2025_06_02_17_22_41_351.jpg,C:\myData\IMG\left_2025_06_02_17_22_41_351.jpg,C:\myData\IMG\right_2025_06_02_17_22_41_351.jpg,0,0,0,5.036406
C:\myData\IMG\center_2025_06_02_17_22_41_492.jpg,C:\myData\IMG\left_2025_06_02_17_22_41_492.jpg,C:\myData\IMG\right_2025_06_02_17_22_41_492.jpg,0,0,0,4.966132
C:\myData\IMG\center_2025_06_02_17_22_41_632.jpg,C:\myData\IMG\left_2025_06_02_17_22_41_632.jpg,C:\myData\IMG\right_2025_06_02_17_22_41_632.jpg,0,0.4254471,0,5.599329
C:\myData\IMG\center_2025_06_02_17_22_41_777.jpg,C:\myData\IMG\left_2025_06_02_17_22_41_777.jpg,C:\myData\IMG\right_2025_06_02_17_22_41_777.jpg,0,0,0,5.544451
C:\myData\IMG\center_2025_06_02_17_22_41_923.jpg,C:\myData\IMG\left_2025_06_02_17_22_41_923.jpg,C:\myData\IMG\right_2025_06_02_17_22_41_923.jpg,0,0.4359756,0,6.280605
C:\myData\IMG\center_2025_06_02_17_22_42_078.jpg,C:\myData\IMG\left_2025_06_02_17_22_42_078.jpg,C:\myData\IMG\right_2025_06_02_17_22_42_078.jpg,0,0,0,6.21893
C:\myData\IMG\center_2025_06_02_17_22_42_210.jpg,C:\myData\IMG\left_2025_06_02_17_22_42_210.jpg,C:\myData\IMG\right_2025_06_02_17_22_42_210.jpg,0.35,0,0,6.107317
C:\myData\IMG\center_2025_06_02_17_22_42_356.jpg,C:\myData\IMG\left_2025_06_02_17_22_42_356.jpg,C:\myData\IMG\right_2025_06_02_17_22_42_356.jpg,0.7,0,0,5.949512
C:\myData\IMG\center_2025_06_02_17_22_42_497.jpg,C:\myData\IMG\left_2025_06_02_17_22_42_497.jpg,C:\myData\IMG\right_2025_06_02_17_22_42_497.jpg,1,0,0,5.749883
C:\myData\IMG\center_2025_06_02_17_22_42_638.jpg,C:\myData\IMG\left_2025_06_02_17_22_42_638.jpg,C:\myData\IMG\right_2025_06_02_17_22_42_638.jpg,0,0,0,5.53492
C:\myData\IMG\center_2025_06_02_17_22_42_781.jpg,C:\myData\IMG\left_2025_06_02_17_22_42_781.jpg,C:\myData\IMG\right_2025_06_02_17_22_42_781.jpg,0,0,0,5.446633
C:\myData\IMG\center_2025_06_02_17_22_42_935.jpg,C:\myData\IMG\left_2025_06_02_17_22_42_935.jpg,C:\myData\IMG\right_2025_06_02_17_22_42_935.jpg,0,0,0,5.370867
C:\myData\IMG\center_2025_06_02_17_22_43_084.jpg,C:\myData\IMG\left_2025_06_02_17_22_43_084.jpg,C:\myData\IMG\right_2025_06_02_17_22_43_084.jpg,0,0,0,5.288245
C:\myData\IMG\center_2025_06_02_17_22_43_233.jpg,C:\myData\IMG\left_2025_06_02_17_22_43_233.jpg,C:\myData\IMG\right_2025_06_02_17_22_43_233.jpg,0,0,0,5.217518
C:\myData\IMG\center_2025_06_02_17_22_43_379.jpg,C:\myData\IMG\left_2025_06_02_17_22_43_379.jpg,C:\myData\IMG\right_2025_06_02_17_22_43_379.jpg,0,0,0,5.147229
C:\myData\IMG\center_2025_06_02_17_22_43_505.jpg,C:\myData\IMG\left_2025_06_02_17_22_43_505.jpg,C:\myData\IMG\right_2025_06_02_17_22_43_505.jpg,0,0,0,5.075641
C:\myData\IMG\center_2025_06_02_17_22_43_653.jpg,C:\myData\IMG\left_2025_06_02_17_22_43_653.jpg,C:\myData\IMG\right_2025_06_02_17_22_43_653.jpg,0.35,0,0,4.983564
C:\myData\IMG\center_2025_06_02_17_22_43_791.jpg,C:\myData\IMG\left_2025_06_02_17_22_43_791.jpg,C:\myData\IMG\right_2025_06_02_17_22_43_791.jpg,0.7,0,0,4.857
C:\myData\IMG\center_2025_06_02_17_22_43_940.jpg,C:\myData\IMG\left_2025_06_02_17_22_43_940.jpg,C:\myData\IMG\right_2025_06_02_17_22_43_940.jpg,1,0,0,4.696872
C:\myData\IMG\center_2025_06_02_17_22_44_082.jpg,C:\myData\IMG\left_2025_06_02_17_22_44_082.jpg,C:\myData\IMG\right_2025_06_02_17_22_44_082.jpg,1,0,0,4.57739
C:\myData\IMG\center_2025_06_02_17_22_44_249.jpg,C:\myData\IMG\left_2025_06_02_17_22_44_249.jpg,C:\myData\IMG\right_2025_06_02_17_22_44_249.jpg,0,0,0,4.376589
C:\myData\IMG\center_2025_06_02_17_22_44_397.jpg,C:\myData\IMG\left_2025_06_02_17_22_44_397.jpg,C:\myData\IMG\right_2025_06_02_17_22_44_397.jpg,0,0,0,4.316053
C:\myData\IMG\center_2025_06_02_17_22_44_532.jpg,C:\myData\IMG\left_2025_06_02_17_22_44_532.jpg,C:\myData\IMG\right_2025_06_02_17_22_44_532.jpg,0,0,0,4.256632
C:\myData\IMG\center_2025_06_02_17_22_44_675.jpg,C:\myData\IMG\left_2025_06_02_17_22_44_675.jpg,C:\myData\IMG\right_2025_06_02_17_22_44_675.jpg,0,0,0,4.198051
C:\myData\IMG\center_2025_06_02_17_22_44_823.jpg,C:\myData\IMG\left_2025_06_02_17_22_44_823.jpg,C:\myData\IMG\right_2025_06_02_17_22_44_823.jpg,0,0,0,4.132112
C:\myData\IMG\center_2025_06_02_17_22_44_967.jpg,C:\myData\IMG\left_2025_06_02_17_22_44_967.jpg,C:\myData\IMG\right_2025_06_02_17_22_44_967.jpg,0,0,0,4.075284
C:\myData\IMG\center_2025_06_02_17_22_45_114.jpg,C:\myData\IMG\left_2025_06_02_17_22_45_114.jpg,C:\myData\IMG\right_2025_06_02_17_22_45_114.jpg,0.35,0,0,4.002233
C:\myData\IMG\center_2025_06_02_17_22_45_256.jpg,C:\myData\IMG\left_2025_06_02_17_22_45_256.jpg,C:\myData\IMG\right_2025_06_02_17_22_45_256.jpg,0.7,0,0,3.902208
C:\myData\IMG\center_2025_06_02_17_22_45_414.jpg,C:\myData\IMG\left_2025_06_02_17_22_45_414.jpg,C:\myData\IMG\right_2025_06_02_17_22_45_414.jpg,1,0,0,3.759659
C:\myData\IMG\center_2025_06_02_17_22_45_548.jpg,C:\myData\IMG\left_2025_06_02_17_22_45_548.jpg,C:\myData\IMG\right_2025_06_02_17_22_45_548.jpg,1,0,0,3.673068
C:\myData\IMG\center_2025_06_02_17_22_45_692.jpg,C:\myData\IMG\left_2025_06_02_17_22_45_692.jpg,C:\myData\IMG\right_2025_06_02_17_22_45_692.jpg,1,0,0,3.588238
C:\myData\IMG\center_2025_06_02_17_22_45_841.jpg,C:\myData\IMG\left_2025_06_02_17_22_45_841.jpg,C:\myData\IMG\right_2025_06_02_17_22_45_841.jpg,0,0,0,3.429248
C:\myData\IMG\center_2025_06_02_17_22_45_992.jpg,C:\myData\IMG\left_2025_06_02_17_22_45_992.jpg,C:\myData\IMG\right_2025_06_02_17_22_45_992.jpg,0,0,0,3.380341
C:\myData\IMG\center_2025_06_02_17_22_46_132.jpg,C:\myData\IMG\left_2025_06_02_17_22_46_132.jpg,C:\myData\IMG\right_2025_06_02_17_22_46_132.jpg,0,0,0,3.332152
C:\myData\IMG\center_2025_06_02_17_22_46_276.jpg,C:\myData\IMG\left_2025_06_02_17_22_46_276.jpg,C:\myData\IMG\right_2025_06_02_17_22_46_276.jpg,0,0,0,3.284651
C:\myData\IMG\center_2025_06_02_17_22_46_417.jpg,C:\myData\IMG\left_2025_06_02_17_22_46_417.jpg,C:\myData\IMG\right_2025_06_02_17_22_46_417.jpg,0,0,0,3.237816
C:\myData\IMG\center_2025_06_02_17_22_46_573.jpg,C:\myData\IMG\left_2025_06_02_17_22_46_573.jpg,C:\myData\IMG\right_2025_06_02_17_22_46_573.jpg,0,0,0,3.185452
C:\myData\IMG\center_2025_06_02_17_22_46_712.jpg,C:\myData\IMG\left_2025_06_02_17_22_46_712.jpg,C:\myData\IMG\right_2025_06_02_17_22_46_712.jpg,0,0.4174614,0,3.836623
C:\myData\IMG\center_2025_06_02_17_22_46_856.jpg,C:\myData\IMG\left_2025_06_02_17_22_46_856.jpg,C:\myData\IMG\right_2025_06_02_17_22_46_856.jpg,0,0.850269,0,5.203422
C:\myData\IMG\center_2025_06_02_17_22_47_002.jpg,C:\myData\IMG\left_2025_06_02_17_22_47_002.jpg,C:\myData\IMG\right_2025_06_02_17_22_47_002.jpg,0,0.417459,0,5.948875
C:\myData\IMG\center_2025_06_02_17_22_47_144.jpg,C:\myData\IMG\left_2025_06_02_17_22_47_144.jpg,C:\myData\IMG\right_2025_06_02_17_22_47_144.jpg,0,0.8481215,0,7.275894
C:\myData\IMG\center_2025_06_02_17_22_47_295.jpg,C:\myData\IMG\left_2025_06_02_17_22_47_295.jpg,C:\myData\IMG\right_2025_06_02_17_22_47_295.jpg,0,1,0,8.851386
C:\myData\IMG\center_2025_06_02_17_22_47_447.jpg,C:\myData\IMG\left_2025_06_02_17_22_47_447.jpg,C:\myData\IMG\right_2025_06_02_17_22_47_447.jpg,0,1,0,10.63523
C:\myData\IMG\center_2025_06_02_17_22_47_596.jpg,C:\myData\IMG\left_2025_06_02_17_22_47_596.jpg,C:\myData\IMG\right_2025_06_02_17_22_47_596.jpg,0,0.5516242,0,11.35403
C:\myData\IMG\center_2025_06_02_17_22_47_743.jpg,C:\myData\IMG\left_2025_06_02_17_22_47_743.jpg,C:\myData\IMG\right_2025_06_02_17_22_47_743.jpg,0,0.1143292,0,11.23838
C:\myData\IMG\center_2025_06_02_17_22_47_986.jpg,C:\myData\IMG\left_2025_06_02_17_22_47_986.jpg,C:\myData\IMG\right_2025_06_02_17_22_47_986.jpg,0.35,0,0,11.33348
C:\myData\IMG\center_2025_06_02_17_22_48_030.jpg,C:\myData\IMG\left_2025_06_02_17_22_48_030.jpg,C:\myData\IMG\right_2025_06_02_17_22_48_030.jpg,0.7,0,0,11.04658
C:\myData\IMG\center_2025_06_02_17_22_48_169.jpg,C:\myData\IMG\left_2025_06_02_17_22_48_169.jpg,C:\myData\IMG\right_2025_06_02_17_22_48_169.jpg,1,0,0,10.67908
C:\myData\IMG\center_2025_06_02_17_22_48_317.jpg,C:\myData\IMG\left_2025_06_02_17_22_48_317.jpg,C:\myData\IMG\right_2025_06_02_17_22_48_317.jpg,0,0,0,10.33812
C:\myData\IMG\center_2025_06_02_17_22_48_455.jpg,C:\myData\IMG\left_2025_06_02_17_22_48_455.jpg,C:\myData\IMG\right_2025_06_02_17_22_48_455.jpg,0,0,0,10.18658
C:\myData\IMG\center_2025_06_02_17_22_48_598.jpg,C:\myData\IMG\left_2025_06_02_17_22_48_598.jpg,C:\myData\IMG\right_2025_06_02_17_22_48_598.jpg,0,0,0,10.04359
C:\myData\IMG\center_2025_06_02_17_22_48_762.jpg,C:\myData\IMG\left_2025_06_02_17_22_48_762.jpg,C:\myData\IMG\right_2025_06_02_17_22_48_762.jpg,0,0,0,9.862868
C:\myData\IMG\center_2025_06_02_17_22_48_899.jpg,C:\myData\IMG\left_2025_06_02_17_22_48_899.jpg,C:\myData\IMG\right_2025_06_02_17_22_48_899.jpg,0,0,0,9.744205
C:\myData\IMG\center_2025_06_02_17_22_49_040.jpg,C:\myData\IMG\left_2025_06_02_17_22_49_040.jpg,C:\myData\IMG\right_2025_06_02_17_22_49_040.jpg,0,0,0,9.587942
C:\myData\IMG\center_2025_06_02_17_22_49_189.jpg,C:\myData\IMG\left_2025_06_02_17_22_49_189.jpg,C:\myData\IMG\right_2025_06_02_17_22_49_189.jpg,0,0,0,9.453567
C:\myData\IMG\center_2025_06_02_17_22_49_326.jpg,C:\myData\IMG\left_2025_06_02_17_22_49_326.jpg,C:\myData\IMG\right_2025_06_02_17_22_49_326.jpg,0.35,0,0,9.28433
C:\myData\IMG\center_2025_06_02_17_22_49_467.jpg,C:\myData\IMG\left_2025_06_02_17_22_49_467.jpg,C:\myData\IMG\right_2025_06_02_17_22_49_467.jpg,0.7,0,0,9.04277
C:\myData\IMG\center_2025_06_02_17_22_49_615.jpg,C:\myData\IMG\left_2025_06_02_17_22_49_615.jpg,C:\myData\IMG\right_2025_06_02_17_22_49_615.jpg,1,0,0,8.744191
C:\myData\IMG\center_2025_06_02_17_22_49_756.jpg,C:\myData\IMG\left_2025_06_02_17_22_49_756.jpg,C:\myData\IMG\right_2025_06_02_17_22_49_756.jpg,0,0,0,8.444278
C:\myData\IMG\center_2025_06_02_17_22_49_909.jpg,C:\myData\IMG\left_2025_06_02_17_22_49_909.jpg,C:\myData\IMG\right_2025_06_02_17_22_49_909.jpg,0,0,0,8.304939
C:\myData\IMG\center_2025_06_02_17_22_50_056.jpg,C:\myData\IMG\left_2025_06_02_17_22_50_056.jpg,C:\myData\IMG\right_2025_06_02_17_22_50_056.jpg,0,0,0,8.187627
C:\myData\IMG\center_2025_06_02_17_22_50_208.jpg,C:\myData\IMG\left_2025_06_02_17_22_50_208.jpg,C:\myData\IMG\right_2025_06_02_17_22_50_208.jpg,0,0,0,8.056423
C:\myData\IMG\center_2025_06_02_17_22_50_352.jpg,C:\myData\IMG\left_2025_06_02_17_22_50_352.jpg,C:\myData\IMG\right_2025_06_02_17_22_50_352.jpg,0,0,0,7.943776
C:\myData\IMG\center_2025_06_02_17_22_50_497.jpg,C:\myData\IMG\left_2025_06_02_17_22_50_497.jpg,C:\myData\IMG\right_2025_06_02_17_22_50_497.jpg,0,0,0,7.832316
C:\myData\IMG\center_2025_06_02_17_22_50_637.jpg,C:\myData\IMG\left_2025_06_02_17_22_50_637.jpg,C:\myData\IMG\right_2025_06_02_17_22_50_637.jpg,0,0,0,7.722353
C:\myData\IMG\center_2025_06_02_17_22_50_784.jpg,C:\myData\IMG\left_2025_06_02_17_22_50_784.jpg,C:\myData\IMG\right_2025_06_02_17_22_50_784.jpg,0.4,0,0,7.555558
C:\myData\IMG\center_2025_06_02_17_22_50_945.jpg,C:\myData\IMG\left_2025_06_02_17_22_50_945.jpg,C:\myData\IMG\right_2025_06_02_17_22_50_945.jpg,0.8000001,0,0,7.313362
C:\myData\IMG\center_2025_06_02_17_22_51_090.jpg,C:\myData\IMG\left_2025_06_02_17_22_51_090.jpg,C:\myData\IMG\right_2025_06_02_17_22_51_090.jpg,1,0,0,7.075893
C:\myData\IMG\center_2025_06_02_17_22_51_237.jpg,C:\myData\IMG\left_2025_06_02_17_22_51_237.jpg,C:\myData\IMG\right_2025_06_02_17_22_51_237.jpg,0,0,0,6.804101
C:\myData\IMG\center_2025_06_02_17_22_51_388.jpg,C:\myData\IMG\left_2025_06_02_17_22_51_388.jpg,C:\myData\IMG\right_2025_06_02_17_22_51_388.jpg,0,0,0,6.690991
C:\myData\IMG\center_2025_06_02_17_22_51_524.jpg,C:\myData\IMG\left_2025_06_02_17_22_51_524.jpg,C:\myData\IMG\right_2025_06_02_17_22_51_524.jpg,0,0,0,6.594697
C:\myData\IMG\center_2025_06_02_17_22_51_665.jpg,C:\myData\IMG\left_2025_06_02_17_22_51_665.jpg,C:\myData\IMG\right_2025_06_02_17_22_51_665.jpg,0,0,0,6.499742
C:\myData\IMG\center_2025_06_02_17_22_51_806.jpg,C:\myData\IMG\left_2025_06_02_17_22_51_806.jpg,C:\myData\IMG\right_2025_06_02_17_22_51_806.jpg,0,0,0,6.406142
C:\myData\IMG\center_2025_06_02_17_22_51_958.jpg,C:\myData\IMG\left_2025_06_02_17_22_51_958.jpg,C:\myData\IMG\right_2025_06_02_17_22_51_958.jpg,0,0.4522764,0,7.054706
C:\myData\IMG\center_2025_06_02_17_22_52_121.jpg,C:\myData\IMG\left_2025_06_02_17_22_52_121.jpg,C:\myData\IMG\right_2025_06_02_17_22_52_121.jpg,0,0,0,6.951524
C:\myData\IMG\center_2025_06_02_17_22_52_268.jpg,C:\myData\IMG\left_2025_06_02_17_22_52_268.jpg,C:\myData\IMG\right_2025_06_02_17_22_52_268.jpg,0,0.4444152,0,7.577842
C:\myData\IMG\center_2025_06_02_17_22_52_413.jpg,C:\myData\IMG\left_2025_06_02_17_22_52_413.jpg,C:\myData\IMG\right_2025_06_02_17_22_52_413.jpg,0,0.8744691,0,8.91759
C:\myData\IMG\center_2025_06_02_17_22_52_566.jpg,C:\myData\IMG\left_2025_06_02_17_22_52_566.jpg,C:\myData\IMG\right_2025_06_02_17_22_52_566.jpg,0,1,0,10.68863
C:\myData\IMG\center_2025_06_02_17_22_52_708.jpg,C:\myData\IMG\left_2025_06_02_17_22_52_708.jpg,C:\myData\IMG\right_2025_06_02_17_22_52_708.jpg,0,1,0,11.97709
C:\myData\IMG\center_2025_06_02_17_22_52_867.jpg,C:\myData\IMG\left_2025_06_02_17_22_52_867.jpg,C:\myData\IMG\right_2025_06_02_17_22_52_867.jpg,0,0.5311807,0,13.07082
C:\myData\IMG\center_2025_06_02_17_22_53_110.jpg,C:\myData\IMG\left_2025_06_02_17_22_53_110.jpg,C:\myData\IMG\right_2025_06_02_17_22_53_110.jpg,0,0.971446,0,14.55089
C:\myData\IMG\center_2025_06_02_17_22_53_266.jpg,C:\myData\IMG\left_2025_06_02_17_22_53_266.jpg,C:\myData\IMG\right_2025_06_02_17_22_53_266.jpg,0,1,0,16.2208
C:\myData\IMG\center_2025_06_02_17_22_53_333.jpg,C:\myData\IMG\left_2025_06_02_17_22_53_333.jpg,C:\myData\IMG\right_2025_06_02_17_22_53_333.jpg,0,0.5150419,0,16.97912
C:\myData\IMG\center_2025_06_02_17_22_53_603.jpg,C:\myData\IMG\left_2025_06_02_17_22_53_603.jpg,C:\myData\IMG\right_2025_06_02_17_22_53_603.jpg,0,0.01958591,0,16.7237
C:\myData\IMG\center_2025_06_02_17_22_53_646.jpg,C:\myData\IMG\left_2025_06_02_17_22_53_646.jpg,C:\myData\IMG\right_2025_06_02_17_22_53_646.jpg,0,0,0,16.48852
C:\myData\IMG\center_2025_06_02_17_22_53_806.jpg,C:\myData\IMG\left_2025_06_02_17_22_53_806.jpg,C:\myData\IMG\right_2025_06_02_17_22_53_806.jpg,0,0,0,16.22049
C:\myData\IMG\center_2025_06_02_17_22_53_955.jpg,C:\myData\IMG\left_2025_06_02_17_22_53_955.jpg,C:\myData\IMG\right_2025_06_02_17_22_53_955.jpg,0,0,0,15.98981
C:\myData\IMG\center_2025_06_02_17_22_54_139.jpg,C:\myData\IMG\left_2025_06_02_17_22_54_139.jpg,C:\myData\IMG\right_2025_06_02_17_22_54_139.jpg,0,0,0,15.69741
C:\myData\IMG\center_2025_06_02_17_22_54_389.jpg,C:\myData\IMG\left_2025_06_02_17_22_54_389.jpg,C:\myData\IMG\right_2025_06_02_17_22_54_389.jpg,-0.35,0,0,15.43256
C:\myData\IMG\center_2025_06_02_17_22_54_527.jpg,C:\myData\IMG\left_2025_06_02_17_22_54_527.jpg,C:\myData\IMG\right_2025_06_02_17_22_54_527.jpg,0,0,0,15.13489
C:\myData\IMG\center_2025_06_02_17_22_54_718.jpg,C:\myData\IMG\left_2025_06_02_17_22_54_718.jpg,C:\myData\IMG\right_2025_06_02_17_22_54_718.jpg,0,0,0,14.89487
C:\myData\IMG\center_2025_06_02_17_22_54_842.jpg,C:\myData\IMG\left_2025_06_02_17_22_54_842.jpg,C:\myData\IMG\right_2025_06_02_17_22_54_842.jpg,0,0,0,14.7134
C:\myData\IMG\center_2025_06_02_17_22_55_032.jpg,C:\myData\IMG\left_2025_06_02_17_22_55_032.jpg,C:\myData\IMG\right_2025_06_02_17_22_55_032.jpg,0,0,0,14.48098
C:\myData\IMG\center_2025_06_02_17_22_55_197.jpg,C:\myData\IMG\left_2025_06_02_17_22_55_197.jpg,C:\myData\IMG\right_2025_06_02_17_22_55_197.jpg,0,0,0,14.19729
C:\myData\IMG\center_2025_06_02_17_22_55_354.jpg,C:\myData\IMG\left_2025_06_02_17_22_55_354.jpg,C:\myData\IMG\right_2025_06_02_17_22_55_354.jpg,0.35,0,0,13.96392
C:\myData\IMG\center_2025_06_02_17_22_55_506.jpg,C:\myData\IMG\left_2025_06_02_17_22_55_506.jpg,C:\myData\IMG\right_2025_06_02_17_22_55_506.jpg,0,0,0,13.66627
C:\myData\IMG\center_2025_06_02_17_22_55_676.jpg,C:\myData\IMG\left_2025_06_02_17_22_55_676.jpg,C:\myData\IMG\right_2025_06_02_17_22_55_676.jpg,0,0,0,13.45214
C:\myData\IMG\center_2025_06_02_17_22_55_831.jpg,C:\myData\IMG\left_2025_06_02_17_22_55_831.jpg,C:\myData\IMG\right_2025_06_02_17_22_55_831.jpg,0,0,0,13.21581
C:\myData\IMG\center_2025_06_02_17_22_55_959.jpg,C:\myData\IMG\left_2025_06_02_17_22_55_959.jpg,C:\myData\IMG\right_2025_06_02_17_22_55_959.jpg,0,0,0,13.01815
C:\myData\IMG\center_2025_06_02_17_22_56_114.jpg,C:\myData\IMG\left_2025_06_02_17_22_56_114.jpg,C:\myData\IMG\right_2025_06_02_17_22_56_114.jpg,0,0,0,12.83253
C:\myData\IMG\center_2025_06_02_17_22_56_246.jpg,C:\myData\IMG\left_2025_06_02_17_22_56_246.jpg,C:\myData\IMG\right_2025_06_02_17_22_56_246.jpg,0,0,0,12.62287
C:\myData\IMG\center_2025_06_02_17_22_56_400.jpg,C:\myData\IMG\left_2025_06_02_17_22_56_400.jpg,C:\myData\IMG\right_2025_06_02_17_22_56_400.jpg,0,0,0,12.41666
C:\myData\IMG\center_2025_06_02_17_22_56_561.jpg,C:\myData\IMG\left_2025_06_02_17_22_56_561.jpg,C:\myData\IMG\right_2025_06_02_17_22_56_561.jpg,0,0,0,12.21306
C:\myData\IMG\center_2025_06_02_17_22_56_727.jpg,C:\myData\IMG\left_2025_06_02_17_22_56_727.jpg,C:\myData\IMG\right_2025_06_02_17_22_56_727.jpg,0,0,0,12.01256
C:\myData\IMG\center_2025_06_02_17_22_56_881.jpg,C:\myData\IMG\left_2025_06_02_17_22_56_881.jpg,C:\myData\IMG\right_2025_06_02_17_22_56_881.jpg,0,0,0,11.82365
C:\myData\IMG\center_2025_06_02_17_22_57_052.jpg,C:\myData\IMG\left_2025_06_02_17_22_57_052.jpg,C:\myData\IMG\right_2025_06_02_17_22_57_052.jpg,0,0,0,11.59206
C:\myData\IMG\center_2025_06_02_17_22_57_270.jpg,C:\myData\IMG\left_2025_06_02_17_22_57_270.jpg,C:\myData\IMG\right_2025_06_02_17_22_57_270.jpg,0,0,0,11.42037
C:\myData\IMG\center_2025_06_02_17_22_57_435.jpg,C:\myData\IMG\left_2025_06_02_17_22_57_435.jpg,C:\myData\IMG\right_2025_06_02_17_22_57_435.jpg,0,0,0,11.21575
C:\myData\IMG\center_2025_06_02_17_22_57_578.jpg,C:\myData\IMG\left_2025_06_02_17_22_57_578.jpg,C:\myData\IMG\right_2025_06_02_17_22_57_578.jpg,0,0,0,11.12901
C:\myData\IMG\center_2025_06_02_17_22_57_631.jpg,C:\myData\IMG\left_2025_06_02_17_22_57_631.jpg,C:\myData\IMG\right_2025_06_02_17_22_57_631.jpg,0,0,0,10.97291
C:\myData\IMG\center_2025_06_02_17_22_57_809.jpg,C:\myData\IMG\left_2025_06_02_17_22_57_809.jpg,C:\myData\IMG\right_2025_06_02_17_22_57_809.jpg,0,0,0,10.77545
C:\myData\IMG\center_2025_06_02_17_22_57_965.jpg,C:\myData\IMG\left_2025_06_02_17_22_57_965.jpg,C:\myData\IMG\right_2025_06_02_17_22_57_965.jpg,0,0,0,10.60291
C:\myData\IMG\center_2025_06_02_17_22_58_128.jpg,C:\myData\IMG\left_2025_06_02_17_22_58_128.jpg,C:\myData\IMG\right_2025_06_02_17_22_58_128.jpg,0,0,0,10.43315
C:\myData\IMG\center_2025_06_02_17_22_58_274.jpg,C:\myData\IMG\left_2025_06_02_17_22_58_274.jpg,C:\myData\IMG\right_2025_06_02_17_22_58_274.jpg,0,0,0,10.28683
C:\myData\IMG\center_2025_06_02_17_22_58_459.jpg,C:\myData\IMG\left_2025_06_02_17_22_58_459.jpg,C:\myData\IMG\right_2025_06_02_17_22_58_459.jpg,0,0,0,10.10172
C:\myData\IMG\center_2025_06_02_17_22_58_596.jpg,C:\myData\IMG\left_2025_06_02_17_22_58_596.jpg,C:\myData\IMG\right_2025_06_02_17_22_58_596.jpg,0,0,0,9.960048
C:\myData\IMG\center_2025_06_02_17_22_58_754.jpg,C:\myData\IMG\left_2025_06_02_17_22_58_754.jpg,C:\myData\IMG\right_2025_06_02_17_22_58_754.jpg,0,0,0,9.800574
C:\myData\IMG\center_2025_06_02_17_22_58_929.jpg,C:\myData\IMG\left_2025_06_02_17_22_58_929.jpg,C:\myData\IMG\right_2025_06_02_17_22_58_929.jpg,0,0,0,9.624216
C:\myData\IMG\center_2025_06_02_17_22_59_098.jpg,C:\myData\IMG\left_2025_06_02_17_22_59_098.jpg,C:\myData\IMG\right_2025_06_02_17_22_59_098.jpg,0,0,0,9.470119
C:\myData\IMG\center_2025_06_02_17_22_59_266.jpg,C:\myData\IMG\left_2025_06_02_17_22_59_266.jpg,C:\myData\IMG\right_2025_06_02_17_22_59_266.jpg,0,0,0,9.299707
C:\myData\IMG\center_2025_06_02_17_22_59_429.jpg,C:\myData\IMG\left_2025_06_02_17_22_59_429.jpg,C:\myData\IMG\right_2025_06_02_17_22_59_429.jpg,0,0,0,9.150808
C:\myData\IMG\center_2025_06_02_17_22_59_571.jpg,C:\myData\IMG\left_2025_06_02_17_22_59_571.jpg,C:\myData\IMG\right_2025_06_02_17_22_59_571.jpg,0,0,0,9.022479
C:\myData\IMG\center_2025_06_02_17_22_59_753.jpg,C:\myData\IMG\left_2025_06_02_17_22_59_753.jpg,C:\myData\IMG\right_2025_06_02_17_22_59_753.jpg,0,0,0,8.860129
C:\myData\IMG\center_2025_06_02_17_22_59_910.jpg,C:\myData\IMG\left_2025_06_02_17_22_59_910.jpg,C:\myData\IMG\right_2025_06_02_17_22_59_910.jpg,0,0,0,8.718277
C:\myData\IMG\center_2025_06_02_17_23_00_082.jpg,C:\myData\IMG\left_2025_06_02_17_23_00_082.jpg,C:\myData\IMG\right_2025_06_02_17_23_00_082.jpg,0,0,0,8.561401
C:\myData\IMG\center_2025_06_02_17_23_00_240.jpg,C:\myData\IMG\left_2025_06_02_17_23_00_240.jpg,C:\myData\IMG\right_2025_06_02_17_23_00_240.jpg,0,0,0,8.42433
C:\myData\IMG\center_2025_06_02_17_23_00_406.jpg,C:\myData\IMG\left_2025_06_02_17_23_00_406.jpg,C:\myData\IMG\right_2025_06_02_17_23_00_406.jpg,0,0,0,8.289454
C:\myData\IMG\center_2025_06_02_17_23_00_577.jpg,C:\myData\IMG\left_2025_06_02_17_23_00_577.jpg,C:\myData\IMG\right_2025_06_02_17_23_00_577.jpg,0,0,0,8.156736
C:\myData\IMG\center_2025_06_02_17_23_00_741.jpg,C:\myData\IMG\left_2025_06_02_17_23_00_741.jpg,C:\myData\IMG\right_2025_06_02_17_23_00_741.jpg,0,0,0,8.009971
C:\myData\IMG\center_2025_06_02_17_23_00_909.jpg,C:\myData\IMG\left_2025_06_02_17_23_00_909.jpg,C:\myData\IMG\right_2025_06_02_17_23_00_909.jpg,0,0,0,7.881731
C:\myData\IMG\center_2025_06_02_17_23_01_081.jpg,C:\myData\IMG\left_2025_06_02_17_23_01_081.jpg,C:\myData\IMG\right_2025_06_02_17_23_01_081.jpg,0,0,0,7.755544
C:\myData\IMG\center_2025_06_02_17_23_01_261.jpg,C:\myData\IMG\left_2025_06_02_17_23_01_261.jpg,C:\myData\IMG\right_2025_06_02_17_23_01_261.jpg,0,0,0,7.600648
C:\myData\IMG\center_2025_06_02_17_23_01_431.jpg,C:\myData\IMG\left_2025_06_02_17_23_01_431.jpg,C:\myData\IMG\right_2025_06_02_17_23_01_431.jpg,0,0,0,7.478531
C:\myData\IMG\center_2025_06_02_17_23_01_601.jpg,C:\myData\IMG\left_2025_06_02_17_23_01_601.jpg,C:\myData\IMG\right_2025_06_02_17_23_01_601.jpg,0,0,0,7.357555
C:\myData\IMG\center_2025_06_02_17_23_01_777.jpg,C:\myData\IMG\left_2025_06_02_17_23_01_777.jpg,C:\myData\IMG\right_2025_06_02_17_23_01_777.jpg,0,0,0,7.223528
C:\myData\IMG\center_2025_06_02_17_23_01_944.jpg,C:\myData\IMG\left_2025_06_02_17_23_01_944.jpg,C:\myData\IMG\right_2025_06_02_17_23_01_944.jpg,0,0,0,7.091943
C:\myData\IMG\center_2025_06_02_17_23_02_110.jpg,C:\myData\IMG\left_2025_06_02_17_23_02_110.jpg,C:\myData\IMG\right_2025_06_02_17_23_02_110.jpg,0,0,0,6.976989
C:\myData\IMG\center_2025_06_02_17_23_02_285.jpg,C:\myData\IMG\left_2025_06_02_17_23_02_285.jpg,C:\myData\IMG\right_2025_06_02_17_23_02_285.jpg,0,0,0,6.849722
C:\myData\IMG\center_2025_06_02_17_23_02_445.jpg,C:\myData\IMG\left_2025_06_02_17_23_02_445.jpg,C:\myData\IMG\right_2025_06_02_17_23_02_445.jpg,0,0,0,6.737906
C:\myData\IMG\center_2025_06_02_17_23_02_610.jpg,C:\myData\IMG\left_2025_06_02_17_23_02_610.jpg,C:\myData\IMG\right_2025_06_02_17_23_02_610.jpg,0,0.4932951,0,7.552499
C:\myData\IMG\center_2025_06_02_17_23_02_779.jpg,C:\myData\IMG\left_2025_06_02_17_23_02_779.jpg,C:\myData\IMG\right_2025_06_02_17_23_02_779.jpg,0,0.9996738,0,9.321046
C:\myData\IMG\center_2025_06_02_17_23_02_947.jpg,C:\myData\IMG\left_2025_06_02_17_23_02_947.jpg,C:\myData\IMG\right_2025_06_02_17_23_02_947.jpg,0,0.4952832,0,10.26563
C:\myData\IMG\center_2025_06_02_17_23_03_114.jpg,C:\myData\IMG\left_2025_06_02_17_23_03_114.jpg,C:\myData\IMG\right_2025_06_02_17_23_03_114.jpg,0,0.9987153,0,12.11069
C:\myData\IMG\center_2025_06_02_17_23_03_282.jpg,C:\myData\IMG\left_2025_06_02_17_23_03_282.jpg,C:\myData\IMG\right_2025_06_02_17_23_03_282.jpg,0,1,0,13.85931
C:\myData\IMG\center_2025_06_02_17_23_03_520.jpg,C:\myData\IMG\left_2025_06_02_17_23_03_520.jpg,C:\myData\IMG\right_2025_06_02_17_23_03_520.jpg,0,1,0,15.47252
C:\myData\IMG\center_2025_06_02_17_23_03_688.jpg,C:\myData\IMG\left_2025_06_02_17_23_03_688.jpg,C:\myData\IMG\right_2025_06_02_17_23_03_688.jpg,0,0.486169,0,16.63114
C:\myData\IMG\center_2025_06_02_17_23_03_846.jpg,C:\myData\IMG\left_2025_06_02_17_23_03_846.jpg,C:\myData\IMG\right_2025_06_02_17_23_03_846.jpg,0,0.9873025,0,17.9686
C:\myData\IMG\center_2025_06_02_17_23_03_946.jpg,C:\myData\IMG\left_2025_06_02_17_23_03_946.jpg,C:\myData\IMG\right_2025_06_02_17_23_03_946.jpg,0,0.5149081,0,18.63969
C:\myData\IMG\center_2025_06_02_17_23_04_114.jpg,C:\myData\IMG\left_2025_06_02_17_23_04_114.jpg,C:\myData\IMG\right_2025_06_02_17_23_04_114.jpg,0,0.01071012,0,18.31091
C:\myData\IMG\center_2025_06_02_17_23_04_289.jpg,C:\myData\IMG\left_2025_06_02_17_23_04_289.jpg,C:\myData\IMG\right_2025_06_02_17_23_04_289.jpg,-0.45,0,0,18.32948
C:\myData\IMG\center_2025_06_02_17_23_04_523.jpg,C:\myData\IMG\left_2025_06_02_17_23_04_523.jpg,C:\myData\IMG\right_2025_06_02_17_23_04_523.jpg,0,0,0,17.48619
C:\myData\IMG\center_2025_06_02_17_23_04_622.jpg,C:\myData\IMG\left_2025_06_02_17_23_04_622.jpg,C:\myData\IMG\right_2025_06_02_17_23_04_622.jpg,0,0,0,17.18794
C:\myData\IMG\center_2025_06_02_17_23_04_781.jpg,C:\myData\IMG\left_2025_06_02_17_23_04_781.jpg,C:\myData\IMG\right_2025_06_02_17_23_04_781.jpg,0,0,0,16.89975
C:\myData\IMG\center_2025_06_02_17_23_04_903.jpg,C:\myData\IMG\left_2025_06_02_17_23_04_903.jpg,C:\myData\IMG\right_2025_06_02_17_23_04_903.jpg,0,0,0,16.68722
C:\myData\IMG\center_2025_06_02_17_23_05_055.jpg,C:\myData\IMG\left_2025_06_02_17_23_05_055.jpg,C:\myData\IMG\right_2025_06_02_17_23_05_055.jpg,0,0,0,16.98749
C:\myData\IMG\center_2025_06_02_17_23_05_302.jpg,C:\myData\IMG\left_2025_06_02_17_23_05_302.jpg,C:\myData\IMG\right_2025_06_02_17_23_05_302.jpg,0,0,0,16.71848
C:\myData\IMG\center_2025_06_02_17_23_05_485.jpg,C:\myData\IMG\left_2025_06_02_17_23_05_485.jpg,C:\myData\IMG\right_2025_06_02_17_23_05_485.jpg,0,0,0,15.93943
C:\myData\IMG\center_2025_06_02_17_23_05_674.jpg,C:\myData\IMG\left_2025_06_02_17_23_05_674.jpg,C:\myData\IMG\right_2025_06_02_17_23_05_674.jpg,0,0,0,15.57183
C:\myData\IMG\center_2025_06_02_17_23_05_847.jpg,C:\myData\IMG\left_2025_06_02_17_23_05_847.jpg,C:\myData\IMG\right_2025_06_02_17_23_05_847.jpg,0,0,0,15.33389
C:\myData\IMG\center_2025_06_02_17_23_06_015.jpg,C:\myData\IMG\left_2025_06_02_17_23_06_015.jpg,C:\myData\IMG\right_2025_06_02_17_23_06_015.jpg,-0.5000001,0,0,14.90926
C:\myData\IMG\center_2025_06_02_17_23_06_179.jpg,C:\myData\IMG\left_2025_06_02_17_23_06_179.jpg,C:\myData\IMG\right_2025_06_02_17_23_06_179.jpg,0,0,0,14.60286
C:\myData\IMG\center_2025_06_02_17_23_06_324.jpg,C:\myData\IMG\left_2025_06_02_17_23_06_324.jpg,C:\myData\IMG\right_2025_06_02_17_23_06_324.jpg,0,0,0,14.39459
C:\myData\IMG\center_2025_06_02_17_23_06_472.jpg,C:\myData\IMG\left_2025_06_02_17_23_06_472.jpg,C:\myData\IMG\right_2025_06_02_17_23_06_472.jpg,0,0,0,14.27597
C:\myData\IMG\center_2025_06_02_17_23_06_622.jpg,C:\myData\IMG\left_2025_06_02_17_23_06_622.jpg,C:\myData\IMG\right_2025_06_02_17_23_06_622.jpg,0,0,0,14.03697
C:\myData\IMG\center_2025_06_02_17_23_06_789.jpg,C:\myData\IMG\left_2025_06_02_17_23_06_789.jpg,C:\myData\IMG\right_2025_06_02_17_23_06_789.jpg,0,0,0,13.81694
C:\myData\IMG\center_2025_06_02_17_23_06_949.jpg,C:\myData\IMG\left_2025_06_02_17_23_06_949.jpg,C:\myData\IMG\right_2025_06_02_17_23_06_949.jpg,0,0,0,13.54651
C:\myData\IMG\center_2025_06_02_17_23_07_130.jpg,C:\myData\IMG\left_2025_06_02_17_23_07_130.jpg,C:\myData\IMG\right_2025_06_02_17_23_07_130.jpg,0,0,0,13.79695
C:\myData\IMG\center_2025_06_02_17_23_07_295.jpg,C:\myData\IMG\left_2025_06_02_17_23_07_295.jpg,C:\myData\IMG\right_2025_06_02_17_23_07_295.jpg,-0.4,0,0,13.48855
C:\myData\IMG\center_2025_06_02_17_23_07_453.jpg,C:\myData\IMG\left_2025_06_02_17_23_07_453.jpg,C:\myData\IMG\right_2025_06_02_17_23_07_453.jpg,0,0,0,13.20225
C:\myData\IMG\center_2025_06_02_17_23_07_595.jpg,C:\myData\IMG\left_2025_06_02_17_23_07_595.jpg,C:\myData\IMG\right_2025_06_02_17_23_07_595.jpg,0,0,0,13.10037
C:\myData\IMG\center_2025_06_02_17_23_07_757.jpg,C:\myData\IMG\left_2025_06_02_17_23_07_757.jpg,C:\myData\IMG\right_2025_06_02_17_23_07_757.jpg,0,0,0,12.87893
C:\myData\IMG\center_2025_06_02_17_23_07_932.jpg,C:\myData\IMG\left_2025_06_02_17_23_07_932.jpg,C:\myData\IMG\right_2025_06_02_17_23_07_932.jpg,0,0,0,12.62511
C:\myData\IMG\center_2025_06_02_17_23_08_083.jpg,C:\myData\IMG\left_2025_06_02_17_23_08_083.jpg,C:\myData\IMG\right_2025_06_02_17_23_08_083.jpg,0,0,0,12.41465
C:\myData\IMG\center_2025_06_02_17_23_08_225.jpg,C:\myData\IMG\left_2025_06_02_17_23_08_225.jpg,C:\myData\IMG\right_2025_06_02_17_23_08_225.jpg,0,0,0,12.24602
C:\myData\IMG\center_2025_06_02_17_23_08_376.jpg,C:\myData\IMG\left_2025_06_02_17_23_08_376.jpg,C:\myData\IMG\right_2025_06_02_17_23_08_376.jpg,-0.35,0,0,11.4906
C:\myData\IMG\center_2025_06_02_17_23_08_527.jpg,C:\myData\IMG\left_2025_06_02_17_23_08_527.jpg,C:\myData\IMG\right_2025_06_02_17_23_08_527.jpg,-0.7500002,0,0,11.54496
C:\myData\IMG\center_2025_06_02_17_23_08_678.jpg,C:\myData\IMG\left_2025_06_02_17_23_08_678.jpg,C:\myData\IMG\right_2025_06_02_17_23_08_678.jpg,0,0,0,11.01068
C:\myData\IMG\center_2025_06_02_17_23_08_824.jpg,C:\myData\IMG\left_2025_06_02_17_23_08_824.jpg,C:\myData\IMG\right_2025_06_02_17_23_08_824.jpg,0,0,0,11.06938
C:\myData\IMG\center_2025_06_02_17_23_08_878.jpg,C:\myData\IMG\left_2025_06_02_17_23_08_878.jpg,C:\myData\IMG\right_2025_06_02_17_23_08_878.jpg,0,0,0,10.91782
C:\myData\IMG\center_2025_06_02_17_23_09_030.jpg,C:\myData\IMG\left_2025_06_02_17_23_09_030.jpg,C:\myData\IMG\right_2025_06_02_17_23_09_030.jpg,0,0,0,10.74719
C:\myData\IMG\center_2025_06_02_17_23_09_181.jpg,C:\myData\IMG\left_2025_06_02_17_23_09_181.jpg,C:\myData\IMG\right_2025_06_02_17_23_09_181.jpg,0,0,0,10.5819
C:\myData\IMG\center_2025_06_02_17_23_09_334.jpg,C:\myData\IMG\left_2025_06_02_17_23_09_334.jpg,C:\myData\IMG\right_2025_06_02_17_23_09_334.jpg,-0.35,0,0,10.39752
C:\myData\IMG\center_2025_06_02_17_23_09_482.jpg,C:\myData\IMG\left_2025_06_02_17_23_09_482.jpg,C:\myData\IMG\right_2025_06_02_17_23_09_482.jpg,-0.7500002,0,0,10.08146
C:\myData\IMG\center_2025_06_02_17_23_09_629.jpg,C:\myData\IMG\left_2025_06_02_17_23_09_629.jpg,C:\myData\IMG\right_2025_06_02_17_23_09_629.jpg,-1,0,0,9.746583
C:\myData\IMG\center_2025_06_02_17_23_09_785.jpg,C:\myData\IMG\left_2025_06_02_17_23_09_785.jpg,C:\myData\IMG\right_2025_06_02_17_23_09_785.jpg,-1,0,0,9.508062
C:\myData\IMG\center_2025_06_02_17_23_09_948.jpg,C:\myData\IMG\left_2025_06_02_17_23_09_948.jpg,C:\myData\IMG\right_2025_06_02_17_23_09_948.jpg,0,0,0,9.128759
C:\myData\IMG\center_2025_06_02_17_23_10_088.jpg,C:\myData\IMG\left_2025_06_02_17_23_10_088.jpg,C:\myData\IMG\right_2025_06_02_17_23_10_088.jpg,0,0,0,8.999613
C:\myData\IMG\center_2025_06_02_17_23_10_213.jpg,C:\myData\IMG\left_2025_06_02_17_23_10_213.jpg,C:\myData\IMG\right_2025_06_02_17_23_10_213.jpg,0,0,0,8.893338
C:\myData\IMG\center_2025_06_02_17_23_10_351.jpg,C:\myData\IMG\left_2025_06_02_17_23_10_351.jpg,C:\myData\IMG\right_2025_06_02_17_23_10_351.jpg,0,0,0,8.772986
C:\myData\IMG\center_2025_06_02_17_23_10_487.jpg,C:\myData\IMG\left_2025_06_02_17_23_10_487.jpg,C:\myData\IMG\right_2025_06_02_17_23_10_487.jpg,-0.35,0,0,8.619054
C:\myData\IMG\center_2025_06_02_17_23_10_633.jpg,C:\myData\IMG\left_2025_06_02_17_23_10_633.jpg,C:\myData\IMG\right_2025_06_02_17_23_10_633.jpg,-0.7,0,0,8.396212
C:\myData\IMG\center_2025_06_02_17_23_10_764.jpg,C:\myData\IMG\left_2025_06_02_17_23_10_764.jpg,C:\myData\IMG\right_2025_06_02_17_23_10_764.jpg,0,0,0,8.214994
C:\myData\IMG\center_2025_06_02_17_23_10_905.jpg,C:\myData\IMG\left_2025_06_02_17_23_10_905.jpg,C:\myData\IMG\right_2025_06_02_17_23_10_905.jpg,0,0,0,8.101263
C:\myData\IMG\center_2025_06_02_17_23_11_038.jpg,C:\myData\IMG\left_2025_06_02_17_23_11_038.jpg,C:\myData\IMG\right_2025_06_02_17_23_11_038.jpg,-0.3,0,0,7.98102
C:\myData\IMG\center_2025_06_02_17_23_11_188.jpg,C:\myData\IMG\left_2025_06_02_17_23_11_188.jpg,C:\myData\IMG\right_2025_06_02_17_23_11_188.jpg,-0.7,0,0,7.752594
C:\myData\IMG\center_2025_06_02_17_23_11_332.jpg,C:\myData\IMG\left_2025_06_02_17_23_11_332.jpg,C:\myData\IMG\right_2025_06_02_17_23_11_332.jpg,-1,0,0,7.499096
C:\myData\IMG\center_2025_06_02_17_23_11_481.jpg,C:\myData\IMG\left_2025_06_02_17_23_11_481.jpg,C:\myData\IMG\right_2025_06_02_17_23_11_481.jpg,-1,0,0,7.313893
C:\myData\IMG\center_2025_06_02_17_23_11_613.jpg,C:\myData\IMG\left_2025_06_02_17_23_11_613.jpg,C:\myData\IMG\right_2025_06_02_17_23_11_613.jpg,0,0,0,7.037854
C:\myData\IMG\center_2025_06_02_17_23_11_763.jpg,C:\myData\IMG\left_2025_06_02_17_23_11_763.jpg,C:\myData\IMG\right_2025_06_02_17_23_11_763.jpg,0,0,0,6.921988
C:\myData\IMG\center_2025_06_02_17_23_11_916.jpg,C:\myData\IMG\left_2025_06_02_17_23_11_916.jpg,C:\myData\IMG\right_2025_06_02_17_23_11_916.jpg,-0.35,0,0,6.799227
C:\myData\IMG\center_2025_06_02_17_23_12_063.jpg,C:\myData\IMG\left_2025_06_02_17_23_12_063.jpg,C:\myData\IMG\right_2025_06_02_17_23_12_063.jpg,-0.7500002,0,0,6.596671
C:\myData\IMG\center_2025_06_02_17_23_12_221.jpg,C:\myData\IMG\left_2025_06_02_17_23_12_221.jpg,C:\myData\IMG\right_2025_06_02_17_23_12_221.jpg,-1,0,0,6.360955
C:\myData\IMG\center_2025_06_02_17_23_12_365.jpg,C:\myData\IMG\left_2025_06_02_17_23_12_365.jpg,C:\myData\IMG\right_2025_06_02_17_23_12_365.jpg,-1,0,0,6.230848
C:\myData\IMG\center_2025_06_02_17_23_12_514.jpg,C:\myData\IMG\left_2025_06_02_17_23_12_514.jpg,C:\myData\IMG\right_2025_06_02_17_23_12_514.jpg,0,0,0,5.974185
C:\myData\IMG\center_2025_06_02_17_23_12_685.jpg,C:\myData\IMG\left_2025_06_02_17_23_12_685.jpg,C:\myData\IMG\right_2025_06_02_17_23_12_685.jpg,0,0,0,5.864766
C:\myData\IMG\center_2025_06_02_17_23_12_853.jpg,C:\myData\IMG\left_2025_06_02_17_23_12_853.jpg,C:\myData\IMG\right_2025_06_02_17_23_12_853.jpg,0,0,0,5.769955
C:\myData\IMG\center_2025_06_02_17_23_12_995.jpg,C:\myData\IMG\left_2025_06_02_17_23_12_995.jpg,C:\myData\IMG\right_2025_06_02_17_23_12_995.jpg,0,0,0,5.690511
C:\myData\IMG\center_2025_06_02_17_23_13_135.jpg,C:\myData\IMG\left_2025_06_02_17_23_13_135.jpg,C:\myData\IMG\right_2025_06_02_17_23_13_135.jpg,-0.35,0,0,5.588898
C:\myData\IMG\center_2025_06_02_17_23_13_260.jpg,C:\myData\IMG\left_2025_06_02_17_23_13_260.jpg,C:\myData\IMG\right_2025_06_02_17_23_13_260.jpg,-0.7,0,0,5.447519
C:\myData\IMG\center_2025_06_02_17_23_13_427.jpg,C:\myData\IMG\left_2025_06_02_17_23_13_427.jpg,C:\myData\IMG\right_2025_06_02_17_23_13_427.jpg,-1,0,0,5.249417
C:\myData\IMG\center_2025_06_02_17_23_13_590.jpg,C:\myData\IMG\left_2025_06_02_17_23_13_590.jpg,C:\myData\IMG\right_2025_06_02_17_23_13_590.jpg,-1,0,0,5.123577
C:\myData\IMG\center_2025_06_02_17_23_13_776.jpg,C:\myData\IMG\left_2025_06_02_17_23_13_776.jpg,C:\myData\IMG\right_2025_06_02_17_23_13_776.jpg,-1,0,0,4.991121
C:\myData\IMG\center_2025_06_02_17_23_13_937.jpg,C:\myData\IMG\left_2025_06_02_17_23_13_937.jpg,C:\myData\IMG\right_2025_06_02_17_23_13_937.jpg,0,0,0,4.770794
C:\myData\IMG\center_2025_06_02_17_23_14_087.jpg,C:\myData\IMG\left_2025_06_02_17_23_14_087.jpg,C:\myData\IMG\right_2025_06_02_17_23_14_087.jpg,0,0,0,4.694482
C:\myData\IMG\center_2025_06_02_17_23_14_243.jpg,C:\myData\IMG\left_2025_06_02_17_23_14_243.jpg,C:\myData\IMG\right_2025_06_02_17_23_14_243.jpg,0,0,0,4.621226
C:\myData\IMG\center_2025_06_02_17_23_14_408.jpg,C:\myData\IMG\left_2025_06_02_17_23_14_408.jpg,C:\myData\IMG\right_2025_06_02_17_23_14_408.jpg,0,0,0,4.547915
C:\myData\IMG\center_2025_06_02_17_23_14_548.jpg,C:\myData\IMG\left_2025_06_02_17_23_14_548.jpg,C:\myData\IMG\right_2025_06_02_17_23_14_548.jpg,0,0,0,4.484501
C:\myData\IMG\center_2025_06_02_17_23_14_702.jpg,C:\myData\IMG\left_2025_06_02_17_23_14_702.jpg,C:\myData\IMG\right_2025_06_02_17_23_14_702.jpg,0,0,0,4.412478
C:\myData\IMG\center_2025_06_02_17_23_14_863.jpg,C:\myData\IMG\left_2025_06_02_17_23_14_863.jpg,C:\myData\IMG\right_2025_06_02_17_23_14_863.jpg,0,0,0,4.341491
C:\myData\IMG\center_2025_06_02_17_23_15_024.jpg,C:\myData\IMG\left_2025_06_02_17_23_15_024.jpg,C:\myData\IMG\right_2025_06_02_17_23_15_024.jpg,0,0,0,4.271446
C:\myData\IMG\center_2025_06_02_17_23_15_176.jpg,C:\myData\IMG\left_2025_06_02_17_23_15_176.jpg,C:\myData\IMG\right_2025_06_02_17_23_15_176.jpg,-0.35,0,0,4.193286
C:\myData\IMG\center_2025_06_02_17_23_15_326.jpg,C:\myData\IMG\left_2025_06_02_17_23_15_326.jpg,C:\myData\IMG\right_2025_06_02_17_23_15_326.jpg,-0.7500002,0,0,4.069207
C:\myData\IMG\center_2025_06_02_17_23_15_487.jpg,C:\myData\IMG\left_2025_06_02_17_23_15_487.jpg,C:\myData\IMG\right_2025_06_02_17_23_15_487.jpg,-1,0,0,3.922686
C:\myData\IMG\center_2025_06_02_17_23_15_641.jpg,C:\myData\IMG\left_2025_06_02_17_23_15_641.jpg,C:\myData\IMG\right_2025_06_02_17_23_15_641.jpg,-1,0,0,3.825122
C:\myData\IMG\center_2025_06_02_17_23_15_791.jpg,C:\myData\IMG\left_2025_06_02_17_23_15_791.jpg,C:\myData\IMG\right_2025_06_02_17_23_15_791.jpg,0,0,0,3.663952
C:\myData\IMG\center_2025_06_02_17_23_15_944.jpg,C:\myData\IMG\left_2025_06_02_17_23_15_944.jpg,C:\myData\IMG\right_2025_06_02_17_23_15_944.jpg,0,0,0,3.60586
C:\myData\IMG\center_2025_06_02_17_23_16_098.jpg,C:\myData\IMG\left_2025_06_02_17_23_16_098.jpg,C:\myData\IMG\right_2025_06_02_17_23_16_098.jpg,0,0,0,3.555703
C:\myData\IMG\center_2025_06_02_17_23_16_251.jpg,C:\myData\IMG\left_2025_06_02_17_23_16_251.jpg,C:\myData\IMG\right_2025_06_02_17_23_16_251.jpg,0,0,0,3.499165
C:\myData\IMG\center_2025_06_02_17_23_16_404.jpg,C:\myData\IMG\left_2025_06_02_17_23_16_404.jpg,C:\myData\IMG\right_2025_06_02_17_23_16_404.jpg,0,0,0,3.44353
C:\myData\IMG\center_2025_06_02_17_23_16_557.jpg,C:\myData\IMG\left_2025_06_02_17_23_16_557.jpg,C:\myData\IMG\right_2025_06_02_17_23_16_557.jpg,0,0,0,3.39558
C:\myData\IMG\center_2025_06_02_17_23_16_710.jpg,C:\myData\IMG\left_2025_06_02_17_23_16_710.jpg,C:\myData\IMG\right_2025_06_02_17_23_16_710.jpg,-0.4,0,0,3.322697
C:\myData\IMG\center_2025_06_02_17_23_16_869.jpg,C:\myData\IMG\left_2025_06_02_17_23_16_869.jpg,C:\myData\IMG\right_2025_06_02_17_23_16_869.jpg,-0.8000001,0,0,3.217603
C:\myData\IMG\center_2025_06_02_17_23_17_021.jpg,C:\myData\IMG\left_2025_06_02_17_23_17_021.jpg,C:\myData\IMG\right_2025_06_02_17_23_17_021.jpg,-1,0,0,3.097969
C:\myData\IMG\center_2025_06_02_17_23_17_170.jpg,C:\myData\IMG\left_2025_06_02_17_23_17_170.jpg,C:\myData\IMG\right_2025_06_02_17_23_17_170.jpg,-1,0,0,3.022122
C:\myData\IMG\center_2025_06_02_17_23_17_322.jpg,C:\myData\IMG\left_2025_06_02_17_23_17_322.jpg,C:\myData\IMG\right_2025_06_02_17_23_17_322.jpg,0,0,0,2.886656
C:\myData\IMG\center_2025_06_02_17_23_17_470.jpg,C:\myData\IMG\left_2025_06_02_17_23_17_470.jpg,C:\myData\IMG\right_2025_06_02_17_23_17_470.jpg,0,0,0,2.844525
C:\myData\IMG\center_2025_06_02_17_23_17_623.jpg,C:\myData\IMG\left_2025_06_02_17_23_17_623.jpg,C:\myData\IMG\right_2025_06_02_17_23_17_623.jpg,0,0,0,2.797377
C:\myData\IMG\center_2025_06_02_17_23_17_781.jpg,C:\myData\IMG\left_2025_06_02_17_23_17_781.jpg,C:\myData\IMG\right_2025_06_02_17_23_17_781.jpg,0,0,0,2.751371
C:\myData\IMG\center_2025_06_02_17_23_17_933.jpg,C:\myData\IMG\left_2025_06_02_17_23_17_933.jpg,C:\myData\IMG\right_2025_06_02_17_23_17_933.jpg,0,0.4538241,0,3.466018
C:\myData\IMG\center_2025_06_02_17_23_18_084.jpg,C:\myData\IMG\left_2025_06_02_17_23_18_084.jpg,C:\myData\IMG\right_2025_06_02_17_23_18_084.jpg,0,0.9127578,0,5.155914
C:\myData\IMG\center_2025_06_02_17_23_18_234.jpg,C:\myData\IMG\left_2025_06_02_17_23_18_234.jpg,C:\myData\IMG\right_2025_06_02_17_23_18_234.jpg,0,1,0,6.764781
C:\myData\IMG\center_2025_06_02_17_23_18_390.jpg,C:\myData\IMG\left_2025_06_02_17_23_18_390.jpg,C:\myData\IMG\right_2025_06_02_17_23_18_390.jpg,0,1,0,8.581901
C:\myData\IMG\center_2025_06_02_17_23_18_541.jpg,C:\myData\IMG\left_2025_06_02_17_23_18_541.jpg,C:\myData\IMG\right_2025_06_02_17_23_18_541.jpg,-0.35,1,0,10.10977
C:\myData\IMG\center_2025_06_02_17_23_18_688.jpg,C:\myData\IMG\left_2025_06_02_17_23_18_688.jpg,C:\myData\IMG\right_2025_06_02_17_23_18_688.jpg,-0.7500002,1,0,11.53998
C:\myData\IMG\center_2025_06_02_17_23_18_854.jpg,C:\myData\IMG\left_2025_06_02_17_23_18_854.jpg,C:\myData\IMG\right_2025_06_02_17_23_18_854.jpg,0,1,0,13.3261
C:\myData\IMG\center_2025_06_02_17_23_19_075.jpg,C:\myData\IMG\left_2025_06_02_17_23_19_075.jpg,C:\myData\IMG\right_2025_06_02_17_23_19_075.jpg,0,1,0,15.09269
C:\myData\IMG\center_2025_06_02_17_23_19_160.jpg,C:\myData\IMG\left_2025_06_02_17_23_19_160.jpg,C:\myData\IMG\right_2025_06_02_17_23_19_160.jpg,0,1,0,16.81995
C:\myData\IMG\center_2025_06_02_17_23_19_313.jpg,C:\myData\IMG\left_2025_06_02_17_23_19_313.jpg,C:\myData\IMG\right_2025_06_02_17_23_19_313.jpg,0,0.5393125,0,17.3643
C:\myData\IMG\center_2025_06_02_17_23_19_484.jpg,C:\myData\IMG\left_2025_06_02_17_23_19_484.jpg,C:\myData\IMG\right_2025_06_02_17_23_19_484.jpg,0,0.0293203,0,17.50018
C:\myData\IMG\center_2025_06_02_17_23_19_634.jpg,C:\myData\IMG\left_2025_06_02_17_23_19_634.jpg,C:\myData\IMG\right_2025_06_02_17_23_19_634.jpg,0,0,0,16.73356
C:\myData\IMG\center_2025_06_02_17_23_19_788.jpg,C:\myData\IMG\left_2025_06_02_17_23_19_788.jpg,C:\myData\IMG\right_2025_06_02_17_23_19_788.jpg,0,0,0,16.45839
C:\myData\IMG\center_2025_06_02_17_23_20_031.jpg,C:\myData\IMG\left_2025_06_02_17_23_20_031.jpg,C:\myData\IMG\right_2025_06_02_17_23_20_031.jpg,0,0,0,16.7041
C:\myData\IMG\center_2025_06_02_17_23_20_190.jpg,C:\myData\IMG\left_2025_06_02_17_23_20_190.jpg,C:\myData\IMG\right_2025_06_02_17_23_20_190.jpg,-0.35,0,0,15.89031
C:\myData\IMG\center_2025_06_02_17_23_20_351.jpg,C:\myData\IMG\left_2025_06_02_17_23_20_351.jpg,C:\myData\IMG\right_2025_06_02_17_23_20_351.jpg,0,0,0,15.62416
C:\myData\IMG\center_2025_06_02_17_23_20_510.jpg,C:\myData\IMG\left_2025_06_02_17_23_20_510.jpg,C:\myData\IMG\right_2025_06_02_17_23_20_510.jpg,0,0,0,15.39475
C:\myData\IMG\center_2025_06_02_17_23_20_676.jpg,C:\myData\IMG\left_2025_06_02_17_23_20_676.jpg,C:\myData\IMG\right_2025_06_02_17_23_20_676.jpg,0,0,0,15.64443
C:\myData\IMG\center_2025_06_02_17_23_20_838.jpg,C:\myData\IMG\left_2025_06_02_17_23_20_838.jpg,C:\myData\IMG\right_2025_06_02_17_23_20_838.jpg,0,0,0,15.4003
C:\myData\IMG\center_2025_06_02_17_23_21_016.jpg,C:\myData\IMG\left_2025_06_02_17_23_21_016.jpg,C:\myData\IMG\right_2025_06_02_17_23_21_016.jpg,0,0,0,15.15949
C:\myData\IMG\center_2025_06_02_17_23_21_179.jpg,C:\myData\IMG\left_2025_06_02_17_23_21_179.jpg,C:\myData\IMG\right_2025_06_02_17_23_21_179.jpg,0,0,0,14.38229
C:\myData\IMG\center_2025_06_02_17_23_21_347.jpg,C:\myData\IMG\left_2025_06_02_17_23_21_347.jpg,C:\myData\IMG\right_2025_06_02_17_23_21_347.jpg,0,0,0,14.15908
C:\myData\IMG\center_2025_06_02_17_23_21_516.jpg,C:\myData\IMG\left_2025_06_02_17_23_21_516.jpg,C:\myData\IMG\right_2025_06_02_17_23_21_516.jpg,-0.4,0,0,13.84455
C:\myData\IMG\center_2025_06_02_17_23_21_684.jpg,C:\myData\IMG\left_2025_06_02_17_23_21_684.jpg,C:\myData\IMG\right_2025_06_02_17_23_21_684.jpg,0,0,0,14.07383
C:\myData\IMG\center_2025_06_02_17_23_21_853.jpg,C:\myData\IMG\left_2025_06_02_17_23_21_853.jpg,C:\myData\IMG\right_2025_06_02_17_23_21_853.jpg,0,0,0,13.84657
C:\myData\IMG\center_2025_06_02_17_23_22_025.jpg,C:\myData\IMG\left_2025_06_02_17_23_22_025.jpg,C:\myData\IMG\right_2025_06_02_17_23_22_025.jpg,0,0.502587,0,14.38306
C:\myData\IMG\center_2025_06_02_17_23_22_202.jpg,C:\myData\IMG\left_2025_06_02_17_23_22_202.jpg,C:\myData\IMG\right_2025_06_02_17_23_22_202.jpg,0,0,0,14.3062
C:\myData\IMG\center_2025_06_02_17_23_22_377.jpg,C:\myData\IMG\left_2025_06_02_17_23_22_377.jpg,C:\myData\IMG\right_2025_06_02_17_23_22_377.jpg,0,0,0,14.07429
C:\myData\IMG\center_2025_06_02_17_23_22_546.jpg,C:\myData\IMG\left_2025_06_02_17_23_22_546.jpg,C:\myData\IMG\right_2025_06_02_17_23_22_546.jpg,0,0.5208597,0,14.61051
C:\myData\IMG\center_2025_06_02_17_23_22_720.jpg,C:\myData\IMG\left_2025_06_02_17_23_22_720.jpg,C:\myData\IMG\right_2025_06_02_17_23_22_720.jpg,0,0,0,14.84091
C:\myData\IMG\center_2025_06_02_17_23_22_895.jpg,C:\myData\IMG\left_2025_06_02_17_23_22_895.jpg,C:\myData\IMG\right_2025_06_02_17_23_22_895.jpg,0,0.5254854,0,15.47055
C:\myData\IMG\center_2025_06_02_17_23_23_070.jpg,C:\myData\IMG\left_2025_06_02_17_23_23_070.jpg,C:\myData\IMG\right_2025_06_02_17_23_23_070.jpg,0,1,0,17.15292
C:\myData\IMG\center_2025_06_02_17_23_23_176.jpg,C:\myData\IMG\left_2025_06_02_17_23_23_176.jpg,C:\myData\IMG\right_2025_06_02_17_23_23_176.jpg,0,1,0,19.0088
C:\myData\IMG\center_2025_06_02_17_23_23_343.jpg,C:\myData\IMG\left_2025_06_02_17_23_23_343.jpg,C:\myData\IMG\right_2025_06_02_17_23_23_343.jpg,0,0.4894114,0,19.80236
C:\myData\IMG\center_2025_06_02_17_23_23_519.jpg,C:\myData\IMG\left_2025_06_02_17_23_23_519.jpg,C:\myData\IMG\right_2025_06_02_17_23_23_519.jpg,-0.4,0,0,19.41973
C:\myData\IMG\center_2025_06_02_17_23_23_697.jpg,C:\myData\IMG\left_2025_06_02_17_23_23_697.jpg,C:\myData\IMG\right_2025_06_02_17_23_23_697.jpg,0,0,0,19.04991
C:\myData\IMG\center_2025_06_02_17_23_23_880.jpg,C:\myData\IMG\left_2025_06_02_17_23_23_880.jpg,C:\myData\IMG\right_2025_06_02_17_23_23_880.jpg,0,0,0,18.66294
C:\myData\IMG\center_2025_06_02_17_23_24_066.jpg,C:\myData\IMG\left_2025_06_02_17_23_24_066.jpg,C:\myData\IMG\right_2025_06_02_17_23_24_066.jpg,0,0,0,18.34303
C:\myData\IMG\center_2025_06_02_17_23_24_250.jpg,C:\myData\IMG\left_2025_06_02_17_23_24_250.jpg,C:\myData\IMG\right_2025_06_02_17_23_24_250.jpg,0,0,0,17.98545
C:\myData\IMG\center_2025_06_02_17_23_24_441.jpg,C:\myData\IMG\left_2025_06_02_17_23_24_441.jpg,C:\myData\IMG\right_2025_06_02_17_23_24_441.jpg,0,0,0,17.62348
C:\myData\IMG\center_2025_06_02_17_23_24_627.jpg,C:\myData\IMG\left_2025_06_02_17_23_24_627.jpg,C:\myData\IMG\right_2025_06_02_17_23_24_627.jpg,0,0,0,17.30249
C:\myData\IMG\center_2025_06_02_17_23_24_819.jpg,C:\myData\IMG\left_2025_06_02_17_23_24_819.jpg,C:\myData\IMG\right_2025_06_02_17_23_24_819.jpg,0,0,0,16.98656
C:\myData\IMG\center_2025_06_02_17_23_25_016.jpg,C:\myData\IMG\left_2025_06_02_17_23_25_016.jpg,C:\myData\IMG\right_2025_06_02_17_23_25_016.jpg,0,0,0,16.6425
C:\myData\IMG\center_2025_06_02_17_23_25_216.jpg,C:\myData\IMG\left_2025_06_02_17_23_25_216.jpg,C:\myData\IMG\right_2025_06_02_17_23_25_216.jpg,0,0,0,16.30523
C:\myData\IMG\center_2025_06_02_17_23_25_419.jpg,C:\myData\IMG\left_2025_06_02_17_23_25_419.jpg,C:\myData\IMG\right_2025_06_02_17_23_25_419.jpg,0,0,0,15.97461
C:\myData\IMG\center_2025_06_02_17_23_25_620.jpg,C:\myData\IMG\left_2025_06_02_17_23_25_620.jpg,C:\myData\IMG\right_2025_06_02_17_23_25_620.jpg,0,0,0,15.64974
C:\myData\IMG\center_2025_06_02_17_23_25_823.jpg,C:\myData\IMG\left_2025_06_02_17_23_25_823.jpg,C:\myData\IMG\right_2025_06_02_17_23_25_823.jpg,0,0,0,15.29948
C:\myData\IMG\center_2025_06_02_17_23_26_127.jpg,C:\myData\IMG\left_2025_06_02_17_23_26_127.jpg,C:\myData\IMG\right_2025_06_02_17_23_26_127.jpg,0,0,0,14.98778
C:\myData\IMG\center_2025_06_02_17_23_26_335.jpg,C:\myData\IMG\left_2025_06_02_17_23_26_335.jpg,C:\myData\IMG\right_2025_06_02_17_23_26_335.jpg,0.5000001,0,0,14.59184
C:\myData\IMG\center_2025_06_02_17_23_26_542.jpg,C:\myData\IMG\left_2025_06_02_17_23_26_542.jpg,C:\myData\IMG\right_2025_06_02_17_23_26_542.jpg,0,0,0,14.25982
C:\myData\IMG\center_2025_06_02_17_23_26_742.jpg,C:\myData\IMG\left_2025_06_02_17_23_26_742.jpg,C:\myData\IMG\right_2025_06_02_17_23_26_742.jpg,0,0,0,13.95849
C:\myData\IMG\center_2025_06_02_17_23_26_939.jpg,C:\myData\IMG\left_2025_06_02_17_23_26_939.jpg,C:\myData\IMG\right_2025_06_02_17_23_26_939.jpg,0,0,0,13.69194
C:\myData\IMG\center_2025_06_02_17_23_27_138.jpg,C:\myData\IMG\left_2025_06_02_17_23_27_138.jpg,C:\myData\IMG\right_2025_06_02_17_23_27_138.jpg,0,0,0,13.4354
C:\myData\IMG\center_2025_06_02_17_23_27_337.jpg,C:\myData\IMG\left_2025_06_02_17_23_27_337.jpg,C:\myData\IMG\right_2025_06_02_17_23_27_337.jpg,0,0,0,13.07957
C:\myData\IMG\center_2025_06_02_17_23_27_533.jpg,C:\myData\IMG\left_2025_06_02_17_23_27_533.jpg,C:\myData\IMG\right_2025_06_02_17_23_27_533.jpg,0,0,0,12.81074
C:\myData\IMG\center_2025_06_02_17_23_27_725.jpg,C:\myData\IMG\left_2025_06_02_17_23_27_725.jpg,C:\myData\IMG\right_2025_06_02_17_23_27_725.jpg,0,0,0,12.54664
C:\myData\IMG\center_2025_06_02_17_23_27_921.jpg,C:\myData\IMG\left_2025_06_02_17_23_27_921.jpg,C:\myData\IMG\right_2025_06_02_17_23_27_921.jpg,0,0,0,12.31372
C:\myData\IMG\center_2025_06_02_17_23_28_118.jpg,C:\myData\IMG\left_2025_06_02_17_23_28_118.jpg,C:\myData\IMG\right_2025_06_02_17_23_28_118.jpg,0,0,0,12.06263
C:\myData\IMG\center_2025_06_02_17_23_28_305.jpg,C:\myData\IMG\left_2025_06_02_17_23_28_305.jpg,C:\myData\IMG\right_2025_06_02_17_23_28_305.jpg,0,0,0,11.81018
C:\myData\IMG\center_2025_06_02_17_23_28_502.jpg,C:\myData\IMG\left_2025_06_02_17_23_28_502.jpg,C:\myData\IMG\right_2025_06_02_17_23_28_502.jpg,0,0,0,11.58556
C:\myData\IMG\center_2025_06_02_17_23_28_693.jpg,C:\myData\IMG\left_2025_06_02_17_23_28_693.jpg,C:\myData\IMG\right_2025_06_02_17_23_28_693.jpg,0,0,0,11.35734
C:\myData\IMG\center_2025_06_02_17_23_28_881.jpg,C:\myData\IMG\left_2025_06_02_17_23_28_881.jpg,C:\myData\IMG\right_2025_06_02_17_23_28_881.jpg,0.45,0,0,11.12358
C:\myData\IMG\center_2025_06_02_17_23_28_987.jpg,C:\myData\IMG\left_2025_06_02_17_23_28_987.jpg,C:\myData\IMG\right_2025_06_02_17_23_28_987.jpg,0,0,0,10.93823
C:\myData\IMG\center_2025_06_02_17_23_29_172.jpg,C:\myData\IMG\left_2025_06_02_17_23_29_172.jpg,C:\myData\IMG\right_2025_06_02_17_23_29_172.jpg,0,0,0,10.7415
C:\myData\IMG\center_2025_06_02_17_23_29_350.jpg,C:\myData\IMG\left_2025_06_02_17_23_29_350.jpg,C:\myData\IMG\right_2025_06_02_17_23_29_350.jpg,0,0,0,10.54819
C:\myData\IMG\center_2025_06_02_17_23_29_568.jpg,C:\myData\IMG\left_2025_06_02_17_23_29_568.jpg,C:\myData\IMG\right_2025_06_02_17_23_29_568.jpg,0,0,0,10.31673
C:\myData\IMG\center_2025_06_02_17_23_29_773.jpg,C:\myData\IMG\left_2025_06_02_17_23_29_773.jpg,C:\myData\IMG\right_2025_06_02_17_23_29_773.jpg,0,0,0,10.11114
C:\myData\IMG\center_2025_06_02_17_23_29_976.jpg,C:\myData\IMG\left_2025_06_02_17_23_29_976.jpg,C:\myData\IMG\right_2025_06_02_17_23_29_976.jpg,0,0,0,9.909521
C:\myData\IMG\center_2025_06_02_17_23_30_187.jpg,C:\myData\IMG\left_2025_06_02_17_23_30_187.jpg,C:\myData\IMG\right_2025_06_02_17_23_30_187.jpg,0,0,0,9.692215
C:\myData\IMG\center_2025_06_02_17_23_30_400.jpg,C:\myData\IMG\left_2025_06_02_17_23_30_400.jpg,C:\myData\IMG\right_2025_06_02_17_23_30_400.jpg,0.5500001,0,0,9.384841
C:\myData\IMG\center_2025_06_02_17_23_30_604.jpg,C:\myData\IMG\left_2025_06_02_17_23_30_604.jpg,C:\myData\IMG\right_2025_06_02_17_23_30_604.jpg,0,0,0,9.158488
C:\myData\IMG\center_2025_06_02_17_23_30_796.jpg,C:\myData\IMG\left_2025_06_02_17_23_30_796.jpg,C:\myData\IMG\right_2025_06_02_17_23_30_796.jpg,0,0,0,8.993664
C:\myData\IMG\center_2025_06_02_17_23_31_002.jpg,C:\myData\IMG\left_2025_06_02_17_23_31_002.jpg,C:\myData\IMG\right_2025_06_02_17_23_31_002.jpg,0,0,0,8.796328
C:\myData\IMG\center_2025_06_02_17_23_31_228.jpg,C:\myData\IMG\left_2025_06_02_17_23_31_228.jpg,C:\myData\IMG\right_2025_06_02_17_23_31_228.jpg,0,0,0,8.603446
C:\myData\IMG\center_2025_06_02_17_23_31_413.jpg,C:\myData\IMG\left_2025_06_02_17_23_31_413.jpg,C:\myData\IMG\right_2025_06_02_17_23_31_413.jpg,0,0,0,8.448789
C:\myData\IMG\center_2025_06_02_17_23_31_609.jpg,C:\myData\IMG\left_2025_06_02_17_23_31_609.jpg,C:\myData\IMG\right_2025_06_02_17_23_31_609.jpg,0,0,0,8.280211
C:\myData\IMG\center_2025_06_02_17_23_31_790.jpg,C:\myData\IMG\left_2025_06_02_17_23_31_790.jpg,C:\myData\IMG\right_2025_06_02_17_23_31_790.jpg,0,0,0,8.131318
C:\myData\IMG\center_2025_06_02_17_23_31_996.jpg,C:\myData\IMG\left_2025_06_02_17_23_31_996.jpg,C:\myData\IMG\right_2025_06_02_17_23_31_996.jpg,0,0,0,7.968901
C:\myData\IMG\center_2025_06_02_17_23_32_207.jpg,C:\myData\IMG\left_2025_06_02_17_23_32_207.jpg,C:\myData\IMG\right_2025_06_02_17_23_32_207.jpg,0,0,0,7.793989
C:\myData\IMG\center_2025_06_02_17_23_32_426.jpg,C:\myData\IMG\left_2025_06_02_17_23_32_426.jpg,C:\myData\IMG\right_2025_06_02_17_23_32_426.jpg,0,0,0,7.622916
C:\myData\IMG\center_2025_06_02_17_23_32_632.jpg,C:\myData\IMG\left_2025_06_02_17_23_32_632.jpg,C:\myData\IMG\right_2025_06_02_17_23_32_632.jpg,0.5000001,0,0,7.409067
C:\myData\IMG\center_2025_06_02_17_23_32_845.jpg,C:\myData\IMG\left_2025_06_02_17_23_32_845.jpg,C:\myData\IMG\right_2025_06_02_17_23_32_845.jpg,1,0,0,7.053875
C:\myData\IMG\center_2025_06_02_17_23_33_058.jpg,C:\myData\IMG\left_2025_06_02_17_23_33_058.jpg,C:\myData\IMG\right_2025_06_02_17_23_33_058.jpg,0,0,0,6.755496
C:\myData\IMG\center_2025_06_02_17_23_33_266.jpg,C:\myData\IMG\left_2025_06_02_17_23_33_266.jpg,C:\myData\IMG\right_2025_06_02_17_23_33_266.jpg,0,0,0,6.607049
C:\myData\IMG\center_2025_06_02_17_23_33_475.jpg,C:\myData\IMG\left_2025_06_02_17_23_33_475.jpg,C:\myData\IMG\right_2025_06_02_17_23_33_475.jpg,0,0,0,6.475147
C:\myData\IMG\center_2025_06_02_17_23_33_677.jpg,C:\myData\IMG\left_2025_06_02_17_23_33_677.jpg,C:\myData\IMG\right_2025_06_02_17_23_33_677.jpg,0,0,0,6.345813
C:\myData\IMG\center_2025_06_02_17_23_33_885.jpg,C:\myData\IMG\left_2025_06_02_17_23_33_885.jpg,C:\myData\IMG\right_2025_06_02_17_23_33_885.jpg,0,0,0,6.206526
C:\myData\IMG\center_2025_06_02_17_23_34_104.jpg,C:\myData\IMG\left_2025_06_02_17_23_34_104.jpg,C:\myData\IMG\right_2025_06_02_17_23_34_104.jpg,0,0,0,6.070297
C:\myData\IMG\center_2025_06_02_17_23_34_305.jpg,C:\myData\IMG\left_2025_06_02_17_23_34_305.jpg,C:\myData\IMG\right_2025_06_02_17_23_34_305.jpg,0,0,0,5.94905
C:\myData\IMG\center_2025_06_02_17_23_34_508.jpg,C:\myData\IMG\left_2025_06_02_17_23_34_508.jpg,C:\myData\IMG\right_2025_06_02_17_23_34_508.jpg,0.5000001,0,0,5.78238
C:\myData\IMG\center_2025_06_02_17_23_34_700.jpg,C:\myData\IMG\left_2025_06_02_17_23_34_700.jpg,C:\myData\IMG\right_2025_06_02_17_23_34_700.jpg,0.9500002,0,0,5.560888
C:\myData\IMG\center_2025_06_02_17_23_34_893.jpg,C:\myData\IMG\left_2025_06_02_17_23_34_893.jpg,C:\myData\IMG\right_2025_06_02_17_23_34_893.jpg,1,0,0,5.362946
C:\myData\IMG\center_2025_06_02_17_23_35_088.jpg,C:\myData\IMG\left_2025_06_02_17_23_35_088.jpg,C:\myData\IMG\right_2025_06_02_17_23_35_088.jpg,0,0,0,5.106286
C:\myData\IMG\center_2025_06_02_17_23_35_271.jpg,C:\myData\IMG\left_2025_06_02_17_23_35_271.jpg,C:\myData\IMG\right_2025_06_02_17_23_35_271.jpg,0,0,0,5.011984
C:\myData\IMG\center_2025_06_02_17_23_35_463.jpg,C:\myData\IMG\left_2025_06_02_17_23_35_463.jpg,C:\myData\IMG\right_2025_06_02_17_23_35_463.jpg,0,0,0,4.910141
C:\myData\IMG\center_2025_06_02_17_23_35_643.jpg,C:\myData\IMG\left_2025_06_02_17_23_35_643.jpg,C:\myData\IMG\right_2025_06_02_17_23_35_643.jpg,0,0.5381109,0,5.964911
C:\myData\IMG\center_2025_06_02_17_23_35_830.jpg,C:\myData\IMG\left_2025_06_02_17_23_35_830.jpg,C:\myData\IMG\right_2025_06_02_17_23_35_830.jpg,0,1,0,7.994237
C:\myData\IMG\center_2025_06_02_17_23_36_033.jpg,C:\myData\IMG\left_2025_06_02_17_23_36_033.jpg,C:\myData\IMG\right_2025_06_02_17_23_36_033.jpg,0,1,0,10.23535
C:\myData\IMG\center_2025_06_02_17_23_36_213.jpg,C:\myData\IMG\left_2025_06_02_17_23_36_213.jpg,C:\myData\IMG\right_2025_06_02_17_23_36_213.jpg,0,1,0,11.96806
C:\myData\IMG\center_2025_06_02_17_23_36_388.jpg,C:\myData\IMG\left_2025_06_02_17_23_36_388.jpg,C:\myData\IMG\right_2025_06_02_17_23_36_388.jpg,0,0.4714858,0,12.99133
C:\myData\IMG\center_2025_06_02_17_23_36_707.jpg,C:\myData\IMG\left_2025_06_02_17_23_36_707.jpg,C:\myData\IMG\right_2025_06_02_17_23_36_707.jpg,0.45,0,0,12.72897
C:\myData\IMG\center_2025_06_02_17_23_36_892.jpg,C:\myData\IMG\left_2025_06_02_17_23_36_892.jpg,C:\myData\IMG\right_2025_06_02_17_23_36_892.jpg,0,0,0,12.52112
C:\myData\IMG\center_2025_06_02_17_23_37_063.jpg,C:\myData\IMG\left_2025_06_02_17_23_37_063.jpg,C:\myData\IMG\right_2025_06_02_17_23_37_063.jpg,0,0,0,12.29357
C:\myData\IMG\center_2025_06_02_17_23_37_271.jpg,C:\myData\IMG\left_2025_06_02_17_23_37_271.jpg,C:\myData\IMG\right_2025_06_02_17_23_37_271.jpg,0,0,0,11.98629
C:\myData\IMG\center_2025_06_02_17_23_37_460.jpg,C:\myData\IMG\left_2025_06_02_17_23_37_460.jpg,C:\myData\IMG\right_2025_06_02_17_23_37_460.jpg,0,0,0,11.66279
C:\myData\IMG\center_2025_06_02_17_23_37_649.jpg,C:\myData\IMG\left_2025_06_02_17_23_37_649.jpg,C:\myData\IMG\right_2025_06_02_17_23_37_649.jpg,0.45,0,0,11.60097
C:\myData\IMG\center_2025_06_02_17_23_37_851.jpg,C:\myData\IMG\left_2025_06_02_17_23_37_851.jpg,C:\myData\IMG\right_2025_06_02_17_23_37_851.jpg,0,0,0,11.43544
C:\myData\IMG\center_2025_06_02_17_23_38_043.jpg,C:\myData\IMG\left_2025_06_02_17_23_38_043.jpg,C:\myData\IMG\right_2025_06_02_17_23_38_043.jpg,0.45,0,0,11.01086
C:\myData\IMG\center_2025_06_02_17_23_38_088.jpg,C:\myData\IMG\left_2025_06_02_17_23_38_088.jpg,C:\myData\IMG\right_2025_06_02_17_23_38_088.jpg,0.9500002,0,0,10.53716
C:\myData\IMG\center_2025_06_02_17_23_38_277.jpg,C:\myData\IMG\left_2025_06_02_17_23_38_277.jpg,C:\myData\IMG\right_2025_06_02_17_23_38_277.jpg,1,0,0,10.18778
C:\myData\IMG\center_2025_06_02_17_23_38_480.jpg,C:\myData\IMG\left_2025_06_02_17_23_38_480.jpg,C:\myData\IMG\right_2025_06_02_17_23_38_480.jpg,0,0,0,9.745817
C:\myData\IMG\center_2025_06_02_17_23_38_672.jpg,C:\myData\IMG\left_2025_06_02_17_23_38_672.jpg,C:\myData\IMG\right_2025_06_02_17_23_38_672.jpg,0,0,0,9.547742
C:\myData\IMG\center_2025_06_02_17_23_38_876.jpg,C:\myData\IMG\left_2025_06_02_17_23_38_876.jpg,C:\myData\IMG\right_2025_06_02_17_23_38_876.jpg,0,0,0,9.355639
C:\myData\IMG\center_2025_06_02_17_23_39_054.jpg,C:\myData\IMG\left_2025_06_02_17_23_39_054.jpg,C:\myData\IMG\right_2025_06_02_17_23_39_054.jpg,0.45,0,0,9.123042
C:\myData\IMG\center_2025_06_02_17_23_39_274.jpg,C:\myData\IMG\left_2025_06_02_17_23_39_274.jpg,C:\myData\IMG\right_2025_06_02_17_23_39_274.jpg,0,0,0,8.903071
C:\myData\IMG\center_2025_06_02_17_23_39_468.jpg,C:\myData\IMG\left_2025_06_02_17_23_39_468.jpg,C:\myData\IMG\right_2025_06_02_17_23_39_468.jpg,0,0,0,8.727468
C:\myData\IMG\center_2025_06_02_17_23_39_634.jpg,C:\myData\IMG\left_2025_06_02_17_23_39_634.jpg,C:\myData\IMG\right_2025_06_02_17_23_39_634.jpg,0,0,0,8.589416
C:\myData\IMG\center_2025_06_02_17_23_39_833.jpg,C:\myData\IMG\left_2025_06_02_17_23_39_833.jpg,C:\myData\IMG\right_2025_06_02_17_23_39_833.jpg,0.5000001,0,0,8.346966
C:\myData\IMG\center_2025_06_02_17_23_40_022.jpg,C:\myData\IMG\left_2025_06_02_17_23_40_022.jpg,C:\myData\IMG\right_2025_06_02_17_23_40_022.jpg,0.9500002,0,0,8.018291
C:\myData\IMG\center_2025_06_02_17_23_40_219.jpg,C:\myData\IMG\left_2025_06_02_17_23_40_219.jpg,C:\myData\IMG\right_2025_06_02_17_23_40_219.jpg,0,0,0,7.724253
C:\myData\IMG\center_2025_06_02_17_23_40_426.jpg,C:\myData\IMG\left_2025_06_02_17_23_40_426.jpg,C:\myData\IMG\right_2025_06_02_17_23_40_426.jpg,0,0,0,7.559201
C:\myData\IMG\center_2025_06_02_17_23_40_630.jpg,C:\myData\IMG\left_2025_06_02_17_23_40_630.jpg,C:\myData\IMG\right_2025_06_02_17_23_40_630.jpg,0.5000001,0,0,7.347372
C:\myData\IMG\center_2025_06_02_17_23_40_818.jpg,C:\myData\IMG\left_2025_06_02_17_23_40_818.jpg,C:\myData\IMG\right_2025_06_02_17_23_40_818.jpg,0.9500002,0,0,7.058666
C:\myData\IMG\center_2025_06_02_17_23_41_008.jpg,C:\myData\IMG\left_2025_06_02_17_23_41_008.jpg,C:\myData\IMG\right_2025_06_02_17_23_41_008.jpg,1,0,0,6.807281
C:\myData\IMG\center_2025_06_02_17_23_41_198.jpg,C:\myData\IMG\left_2025_06_02_17_23_41_198.jpg,C:\myData\IMG\right_2025_06_02_17_23_41_198.jpg,0,0,0,6.505475
C:\myData\IMG\center_2025_06_02_17_23_41_386.jpg,C:\myData\IMG\left_2025_06_02_17_23_41_386.jpg,C:\myData\IMG\right_2025_06_02_17_23_41_386.jpg,0,0,0,6.375837
C:\myData\IMG\center_2025_06_02_17_23_41_576.jpg,C:\myData\IMG\left_2025_06_02_17_23_41_576.jpg,C:\myData\IMG\right_2025_06_02_17_23_41_576.jpg,0.45,0,0,6.21905
C:\myData\IMG\center_2025_06_02_17_23_41_770.jpg,C:\myData\IMG\left_2025_06_02_17_23_41_770.jpg,C:\myData\IMG\right_2025_06_02_17_23_41_770.jpg,0.9500002,0,0,5.953491
C:\myData\IMG\center_2025_06_02_17_23_41_955.jpg,C:\myData\IMG\left_2025_06_02_17_23_41_955.jpg,C:\myData\IMG\right_2025_06_02_17_23_41_955.jpg,0,0,0,5.733547
C:\myData\IMG\center_2025_06_02_17_23_42_141.jpg,C:\myData\IMG\left_2025_06_02_17_23_42_141.jpg,C:\myData\IMG\right_2025_06_02_17_23_42_141.jpg,0,0,0,5.619612
C:\myData\IMG\center_2025_06_02_17_23_42_333.jpg,C:\myData\IMG\left_2025_06_02_17_23_42_333.jpg,C:\myData\IMG\right_2025_06_02_17_23_42_333.jpg,0,0,0,5.519026
C:\myData\IMG\center_2025_06_02_17_23_42_517.jpg,C:\myData\IMG\left_2025_06_02_17_23_42_517.jpg,C:\myData\IMG\right_2025_06_02_17_23_42_517.jpg,0,0,0,5.420396
C:\myData\IMG\center_2025_06_02_17_23_42_698.jpg,C:\myData\IMG\left_2025_06_02_17_23_42_698.jpg,C:\myData\IMG\right_2025_06_02_17_23_42_698.jpg,0,0,0,5.325729
C:\myData\IMG\center_2025_06_02_17_23_42_871.jpg,C:\myData\IMG\left_2025_06_02_17_23_42_871.jpg,C:\myData\IMG\right_2025_06_02_17_23_42_871.jpg,0,0,0,5.2328
C:\myData\IMG\center_2025_06_02_17_23_43_060.jpg,C:\myData\IMG\left_2025_06_02_17_23_43_060.jpg,C:\myData\IMG\right_2025_06_02_17_23_43_060.jpg,0,0,0,5.132303
C:\myData\IMG\center_2025_06_02_17_23_43_243.jpg,C:\myData\IMG\left_2025_06_02_17_23_43_243.jpg,C:\myData\IMG\right_2025_06_02_17_23_43_243.jpg,0,0,0,5.045561
C:\myData\IMG\center_2025_06_02_17_23_43_426.jpg,C:\myData\IMG\left_2025_06_02_17_23_43_426.jpg,C:\myData\IMG\right_2025_06_02_17_23_43_426.jpg,0,0,0,4.96007
C:\myData\IMG\center_2025_06_02_17_23_43_610.jpg,C:\myData\IMG\left_2025_06_02_17_23_43_610.jpg,C:\myData\IMG\right_2025_06_02_17_23_43_610.jpg,0.45,0,0,4.838731
C:\myData\IMG\center_2025_06_02_17_23_43_797.jpg,C:\myData\IMG\left_2025_06_02_17_23_43_797.jpg,C:\myData\IMG\right_2025_06_02_17_23_43_797.jpg,0.9000002,0,0,4.661196
C:\myData\IMG\center_2025_06_02_17_23_43_984.jpg,C:\myData\IMG\left_2025_06_02_17_23_43_984.jpg,C:\myData\IMG\right_2025_06_02_17_23_43_984.jpg,1,0,0,4.486947
C:\myData\IMG\center_2025_06_02_17_23_44_179.jpg,C:\myData\IMG\left_2025_06_02_17_23_44_179.jpg,C:\myData\IMG\right_2025_06_02_17_23_44_179.jpg,1,0,0,4.36199
C:\myData\IMG\center_2025_06_02_17_23_44_362.jpg,C:\myData\IMG\left_2025_06_02_17_23_44_362.jpg,C:\myData\IMG\right_2025_06_02_17_23_44_362.jpg,0,0,0,4.154254
C:\myData\IMG\center_2025_06_02_17_23_44_544.jpg,C:\myData\IMG\left_2025_06_02_17_23_44_544.jpg,C:\myData\IMG\right_2025_06_02_17_23_44_544.jpg,0,0,0,4.080904
C:\myData\IMG\center_2025_06_02_17_23_44_721.jpg,C:\myData\IMG\left_2025_06_02_17_23_44_721.jpg,C:\myData\IMG\right_2025_06_02_17_23_44_721.jpg,0,0,0,4.017628
C:\myData\IMG\center_2025_06_02_17_23_44_900.jpg,C:\myData\IMG\left_2025_06_02_17_23_44_900.jpg,C:\myData\IMG\right_2025_06_02_17_23_44_900.jpg,0,0,0,3.947655
C:\myData\IMG\center_2025_06_02_17_23_45_084.jpg,C:\myData\IMG\left_2025_06_02_17_23_45_084.jpg,C:\myData\IMG\right_2025_06_02_17_23_45_084.jpg,0,0,0,3.871385
C:\myData\IMG\center_2025_06_02_17_23_45_264.jpg,C:\myData\IMG\left_2025_06_02_17_23_45_264.jpg,C:\myData\IMG\right_2025_06_02_17_23_45_264.jpg,0,0.5437005,0,4.965277
C:\myData\IMG\center_2025_06_02_17_23_45_443.jpg,C:\myData\IMG\left_2025_06_02_17_23_45_443.jpg,C:\myData\IMG\right_2025_06_02_17_23_45_443.jpg,0,0.008312345,0,4.920719
C:\myData\IMG\center_2025_06_02_17_23_45_623.jpg,C:\myData\IMG\left_2025_06_02_17_23_45_623.jpg,C:\myData\IMG\right_2025_06_02_17_23_45_623.jpg,0,0.5456219,0,5.994296
C:\myData\IMG\center_2025_06_02_17_23_45_809.jpg,C:\myData\IMG\left_2025_06_02_17_23_45_809.jpg,C:\myData\IMG\right_2025_06_02_17_23_45_809.jpg,0,1,0,8.026051
C:\myData\IMG\center_2025_06_02_17_23_45_991.jpg,C:\myData\IMG\left_2025_06_02_17_23_45_991.jpg,C:\myData\IMG\right_2025_06_02_17_23_45_991.jpg,0,1,0,10.04718
C:\myData\IMG\center_2025_06_02_17_23_46_164.jpg,C:\myData\IMG\left_2025_06_02_17_23_46_164.jpg,C:\myData\IMG\right_2025_06_02_17_23_46_164.jpg,0,0.4802047,0,10.95315
C:\myData\IMG\center_2025_06_02_17_23_46_342.jpg,C:\myData\IMG\left_2025_06_02_17_23_46_342.jpg,C:\myData\IMG\right_2025_06_02_17_23_46_342.jpg,0.45,0,0,10.72691
C:\myData\IMG\center_2025_06_02_17_23_46_528.jpg,C:\myData\IMG\left_2025_06_02_17_23_46_528.jpg,C:\myData\IMG\right_2025_06_02_17_23_46_528.jpg,0.9000002,0,0,10.32068
C:\myData\IMG\center_2025_06_02_17_23_46_692.jpg,C:\myData\IMG\left_2025_06_02_17_23_46_692.jpg,C:\myData\IMG\right_2025_06_02_17_23_46_692.jpg,1,0,0,9.991184
C:\myData\IMG\center_2025_06_02_17_23_46_881.jpg,C:\myData\IMG\left_2025_06_02_17_23_46_881.jpg,C:\myData\IMG\right_2025_06_02_17_23_46_881.jpg,0,0,0,9.560243
C:\myData\IMG\center_2025_06_02_17_23_47_070.jpg,C:\myData\IMG\left_2025_06_02_17_23_47_070.jpg,C:\myData\IMG\right_2025_06_02_17_23_47_070.jpg,0,0,0,9.386805
C:\myData\IMG\center_2025_06_02_17_23_47_251.jpg,C:\myData\IMG\left_2025_06_02_17_23_47_251.jpg,C:\myData\IMG\right_2025_06_02_17_23_47_251.jpg,0,0,0,9.217902
C:\myData\IMG\center_2025_06_02_17_23_47_438.jpg,C:\myData\IMG\left_2025_06_02_17_23_47_438.jpg,C:\myData\IMG\right_2025_06_02_17_23_47_438.jpg,0,0,0,9.051927
C:\myData\IMG\center_2025_06_02_17_23_47_618.jpg,C:\myData\IMG\left_2025_06_02_17_23_47_618.jpg,C:\myData\IMG\right_2025_06_02_17_23_47_618.jpg,0,0,0,8.889066
C:\myData\IMG\center_2025_06_02_17_23_47_791.jpg,C:\myData\IMG\left_2025_06_02_17_23_47_791.jpg,C:\myData\IMG\right_2025_06_02_17_23_47_791.jpg,0,0,0,8.72914
C:\myData\IMG\center_2025_06_02_17_23_47_972.jpg,C:\myData\IMG\left_2025_06_02_17_23_47_972.jpg,C:\myData\IMG\right_2025_06_02_17_23_47_972.jpg,0,0,0,8.572093
C:\myData\IMG\center_2025_06_02_17_23_48_154.jpg,C:\myData\IMG\left_2025_06_02_17_23_48_154.jpg,C:\myData\IMG\right_2025_06_02_17_23_48_154.jpg,0.45,0,0,8.36162
C:\myData\IMG\center_2025_06_02_17_23_48_337.jpg,C:\myData\IMG\left_2025_06_02_17_23_48_337.jpg,C:\myData\IMG\right_2025_06_02_17_23_48_337.jpg,0.9000002,0,0,8.049359
C:\myData\IMG\center_2025_06_02_17_23_48_514.jpg,C:\myData\IMG\left_2025_06_02_17_23_48_514.jpg,C:\myData\IMG\right_2025_06_02_17_23_48_514.jpg,1,0,0,7.775728
C:\myData\IMG\center_2025_06_02_17_23_48_690.jpg,C:\myData\IMG\left_2025_06_02_17_23_48_690.jpg,C:\myData\IMG\right_2025_06_02_17_23_48_690.jpg,0,0,0,7.436178
C:\myData\IMG\center_2025_06_02_17_23_48_869.jpg,C:\myData\IMG\left_2025_06_02_17_23_48_869.jpg,C:\myData\IMG\right_2025_06_02_17_23_48_869.jpg,0,0,0,7.30147
C:\myData\IMG\center_2025_06_02_17_23_49_038.jpg,C:\myData\IMG\left_2025_06_02_17_23_49_038.jpg,C:\myData\IMG\right_2025_06_02_17_23_49_038.jpg,0,0,0,7.18459
C:\myData\IMG\center_2025_06_02_17_23_49_211.jpg,C:\myData\IMG\left_2025_06_02_17_23_49_211.jpg,C:\myData\IMG\right_2025_06_02_17_23_49_211.jpg,0,0,0,7.055338
C:\myData\IMG\center_2025_06_02_17_23_49_389.jpg,C:\myData\IMG\left_2025_06_02_17_23_49_389.jpg,C:\myData\IMG\right_2025_06_02_17_23_49_389.jpg,0,0,0,6.928416
C:\myData\IMG\center_2025_06_02_17_23_49_558.jpg,C:\myData\IMG\left_2025_06_02_17_23_49_558.jpg,C:\myData\IMG\right_2025_06_02_17_23_49_558.jpg,0,0,0,6.817511
C:\myData\IMG\center_2025_06_02_17_23_49_712.jpg,C:\myData\IMG\left_2025_06_02_17_23_49_712.jpg,C:\myData\IMG\right_2025_06_02_17_23_49_712.jpg,0.4,0,0,6.672677
C:\myData\IMG\center_2025_06_02_17_23_49_888.jpg,C:\myData\IMG\left_2025_06_02_17_23_49_888.jpg,C:\myData\IMG\right_2025_06_02_17_23_49_888.jpg,0.8500001,0,0,6.435642
C:\myData\IMG\center_2025_06_02_17_23_50_090.jpg,C:\myData\IMG\left_2025_06_02_17_23_50_090.jpg,C:\myData\IMG\right_2025_06_02_17_23_50_090.jpg,0,0,0,6.213157
C:\myData\IMG\center_2025_06_02_17_23_50_263.jpg,C:\myData\IMG\left_2025_06_02_17_23_50_263.jpg,C:\myData\IMG\right_2025_06_02_17_23_50_263.jpg,0,0,0,6.10134
C:\myData\IMG\center_2025_06_02_17_23_50_439.jpg,C:\myData\IMG\left_2025_06_02_17_23_50_439.jpg,C:\myData\IMG\right_2025_06_02_17_23_50_439.jpg,0,0,0,6.003683
C:\myData\IMG\center_2025_06_02_17_23_50_610.jpg,C:\myData\IMG\left_2025_06_02_17_23_50_610.jpg,C:\myData\IMG\right_2025_06_02_17_23_50_610.jpg,0,0,0,5.895686
C:\myData\IMG\center_2025_06_02_17_23_50_784.jpg,C:\myData\IMG\left_2025_06_02_17_23_50_784.jpg,C:\myData\IMG\right_2025_06_02_17_23_50_784.jpg,0,0,0,5.789631
C:\myData\IMG\center_2025_06_02_17_23_50_963.jpg,C:\myData\IMG\left_2025_06_02_17_23_50_963.jpg,C:\myData\IMG\right_2025_06_02_17_23_50_963.jpg,0,0,0,5.68531
C:\myData\IMG\center_2025_06_02_17_23_51_132.jpg,C:\myData\IMG\left_2025_06_02_17_23_51_132.jpg,C:\myData\IMG\right_2025_06_02_17_23_51_132.jpg,0.4,0,0,5.564412
C:\myData\IMG\center_2025_06_02_17_23_51_296.jpg,C:\myData\IMG\left_2025_06_02_17_23_51_296.jpg,C:\myData\IMG\right_2025_06_02_17_23_51_296.jpg,0.8000001,0,0,5.393299
C:\myData\IMG\center_2025_06_02_17_23_51_473.jpg,C:\myData\IMG\left_2025_06_02_17_23_51_473.jpg,C:\myData\IMG\right_2025_06_02_17_23_51_473.jpg,0,0,0,5.223433
C:\myData\IMG\center_2025_06_02_17_23_51_647.jpg,C:\myData\IMG\left_2025_06_02_17_23_51_647.jpg,C:\myData\IMG\right_2025_06_02_17_23_51_647.jpg,0,0,0,5.128944
C:\myData\IMG\center_2025_06_02_17_23_51_809.jpg,C:\myData\IMG\left_2025_06_02_17_23_51_809.jpg,C:\myData\IMG\right_2025_06_02_17_23_51_809.jpg,0,0,0,5.046406
C:\myData\IMG\center_2025_06_02_17_23_51_980.jpg,C:\myData\IMG\left_2025_06_02_17_23_51_980.jpg,C:\myData\IMG\right_2025_06_02_17_23_51_980.jpg,0,0,0,4.954956
C:\myData\IMG\center_2025_06_02_17_23_52_151.jpg,C:\myData\IMG\left_2025_06_02_17_23_52_151.jpg,C:\myData\IMG\right_2025_06_02_17_23_52_151.jpg,0,0,0,4.874863
C:\myData\IMG\center_2025_06_02_17_23_52_319.jpg,C:\myData\IMG\left_2025_06_02_17_23_52_319.jpg,C:\myData\IMG\right_2025_06_02_17_23_52_319.jpg,0,0,0,4.796058
C:\myData\IMG\center_2025_06_02_17_23_52_492.jpg,C:\myData\IMG\left_2025_06_02_17_23_52_492.jpg,C:\myData\IMG\right_2025_06_02_17_23_52_492.jpg,0,0,0,4.708931
C:\myData\IMG\center_2025_06_02_17_23_52_648.jpg,C:\myData\IMG\left_2025_06_02_17_23_52_648.jpg,C:\myData\IMG\right_2025_06_02_17_23_52_648.jpg,0,0,0,4.632865
C:\myData\IMG\center_2025_06_02_17_23_52_804.jpg,C:\myData\IMG\left_2025_06_02_17_23_52_804.jpg,C:\myData\IMG\right_2025_06_02_17_23_52_804.jpg,0,0,0,4.558547
C:\myData\IMG\center_2025_06_02_17_23_52_979.jpg,C:\myData\IMG\left_2025_06_02_17_23_52_979.jpg,C:\myData\IMG\right_2025_06_02_17_23_52_979.jpg,0,0,0,4.485505
C:\myData\IMG\center_2025_06_02_17_23_53_148.jpg,C:\myData\IMG\left_2025_06_02_17_23_53_148.jpg,C:\myData\IMG\right_2025_06_02_17_23_53_148.jpg,0,0,0,4.404727
C:\myData\IMG\center_2025_06_02_17_23_53_330.jpg,C:\myData\IMG\left_2025_06_02_17_23_53_330.jpg,C:\myData\IMG\right_2025_06_02_17_23_53_330.jpg,0,0,0,4.325402
C:\myData\IMG\center_2025_06_02_17_23_53_503.jpg,C:\myData\IMG\left_2025_06_02_17_23_53_503.jpg,C:\myData\IMG\right_2025_06_02_17_23_53_503.jpg,0,0,0,4.2472
C:\myData\IMG\center_2025_06_02_17_23_53_672.jpg,C:\myData\IMG\left_2025_06_02_17_23_53_672.jpg,C:\myData\IMG\right_2025_06_02_17_23_53_672.jpg,0,0,0,4.178861
C:\myData\IMG\center_2025_06_02_17_23_53_829.jpg,C:\myData\IMG\left_2025_06_02_17_23_53_829.jpg,C:\myData\IMG\right_2025_06_02_17_23_53_829.jpg,0,0,0,4.111613
C:\myData\IMG\center_2025_06_02_17_23_53_992.jpg,C:\myData\IMG\left_2025_06_02_17_23_53_992.jpg,C:\myData\IMG\right_2025_06_02_17_23_53_992.jpg,0,0,0,4.045451
C:\myData\IMG\center_2025_06_02_17_23_54_164.jpg,C:\myData\IMG\left_2025_06_02_17_23_54_164.jpg,C:\myData\IMG\right_2025_06_02_17_23_54_164.jpg,0,0,0,3.97243
C:\myData\IMG\center_2025_06_02_17_23_54_334.jpg,C:\myData\IMG\left_2025_06_02_17_23_54_334.jpg,C:\myData\IMG\right_2025_06_02_17_23_54_334.jpg,0,0,0,3.909285
C:\myData\IMG\center_2025_06_02_17_23_54_502.jpg,C:\myData\IMG\left_2025_06_02_17_23_54_502.jpg,C:\myData\IMG\right_2025_06_02_17_23_54_502.jpg,0,0,0,3.839454
C:\myData\IMG\center_2025_06_02_17_23_54_664.jpg,C:\myData\IMG\left_2025_06_02_17_23_54_664.jpg,C:\myData\IMG\right_2025_06_02_17_23_54_664.jpg,0,0.4885767,0,4.705816
C:\myData\IMG\center_2025_06_02_17_23_54_825.jpg,C:\myData\IMG\left_2025_06_02_17_23_54_825.jpg,C:\myData\IMG\right_2025_06_02_17_23_54_825.jpg,0,0.0104346,0,4.670382
C:\myData\IMG\center_2025_06_02_17_23_54_992.jpg,C:\myData\IMG\left_2025_06_02_17_23_54_992.jpg,C:\myData\IMG\right_2025_06_02_17_23_54_992.jpg,0,0.514866,0,5.56978
C:\myData\IMG\center_2025_06_02_17_23_55_175.jpg,C:\myData\IMG\left_2025_06_02_17_23_55_175.jpg,C:\myData\IMG\right_2025_06_02_17_23_55_175.jpg,0,1,0,7.608299
C:\myData\IMG\center_2025_06_02_17_23_55_352.jpg,C:\myData\IMG\left_2025_06_02_17_23_55_352.jpg,C:\myData\IMG\right_2025_06_02_17_23_55_352.jpg,0,1,0,9.636126
C:\myData\IMG\center_2025_06_02_17_23_55_511.jpg,C:\myData\IMG\left_2025_06_02_17_23_55_511.jpg,C:\myData\IMG\right_2025_06_02_17_23_55_511.jpg,0,0.5244901,0,10.53353
C:\myData\IMG\center_2025_06_02_17_23_55_687.jpg,C:\myData\IMG\left_2025_06_02_17_23_55_687.jpg,C:\myData\IMG\right_2025_06_02_17_23_55_687.jpg,0.45,0,0,10.31739
C:\myData\IMG\center_2025_06_02_17_23_55_863.jpg,C:\myData\IMG\left_2025_06_02_17_23_55_863.jpg,C:\myData\IMG\right_2025_06_02_17_23_55_863.jpg,0,0,0,10.109
C:\myData\IMG\center_2025_06_02_17_23_56_028.jpg,C:\myData\IMG\left_2025_06_02_17_23_56_028.jpg,C:\myData\IMG\right_2025_06_02_17_23_56_028.jpg,0,0,0,9.947267
C:\myData\IMG\center_2025_06_02_17_23_56_197.jpg,C:\myData\IMG\left_2025_06_02_17_23_56_197.jpg,C:\myData\IMG\right_2025_06_02_17_23_56_197.jpg,0,0,0,9.788029
C:\myData\IMG\center_2025_06_02_17_23_56_361.jpg,C:\myData\IMG\left_2025_06_02_17_23_56_361.jpg,C:\myData\IMG\right_2025_06_02_17_23_56_361.jpg,0,0,0,9.611932
C:\myData\IMG\center_2025_06_02_17_23_56_538.jpg,C:\myData\IMG\left_2025_06_02_17_23_56_538.jpg,C:\myData\IMG\right_2025_06_02_17_23_56_538.jpg,0,0,0,9.458582
C:\myData\IMG\center_2025_06_02_17_23_56_711.jpg,C:\myData\IMG\left_2025_06_02_17_23_56_711.jpg,C:\myData\IMG\right_2025_06_02_17_23_56_711.jpg,0.45,0,0,9.225728
C:\myData\IMG\center_2025_06_02_17_23_56_890.jpg,C:\myData\IMG\left_2025_06_02_17_23_56_890.jpg,C:\myData\IMG\right_2025_06_02_17_23_56_890.jpg,0,0,0,9.03727
C:\myData\IMG\center_2025_06_02_17_23_57_051.jpg,C:\myData\IMG\left_2025_06_02_17_23_57_051.jpg,C:\myData\IMG\right_2025_06_02_17_23_57_051.jpg,0,0,0,8.892487
C:\myData\IMG\center_2025_06_02_17_23_57_219.jpg,C:\myData\IMG\left_2025_06_02_17_23_57_219.jpg,C:\myData\IMG\right_2025_06_02_17_23_57_219.jpg,0,0,0,8.750102
C:\myData\IMG\center_2025_06_02_17_23_57_385.jpg,C:\myData\IMG\left_2025_06_02_17_23_57_385.jpg,C:\myData\IMG\right_2025_06_02_17_23_57_385.jpg,0,0,0,8.592638
C:\myData\IMG\center_2025_06_02_17_23_57_554.jpg,C:\myData\IMG\left_2025_06_02_17_23_57_554.jpg,C:\myData\IMG\right_2025_06_02_17_23_57_554.jpg,0,0,0,8.455048
C:\myData\IMG\center_2025_06_02_17_23_57_729.jpg,C:\myData\IMG\left_2025_06_02_17_23_57_729.jpg,C:\myData\IMG\right_2025_06_02_17_23_57_729.jpg,0,0,0,8.30288
C:\myData\IMG\center_2025_06_02_17_23_57_927.jpg,C:\myData\IMG\left_2025_06_02_17_23_57_927.jpg,C:\myData\IMG\right_2025_06_02_17_23_57_927.jpg,0,0,0,8.137417
C:\myData\IMG\center_2025_06_02_17_23_58_074.jpg,C:\myData\IMG\left_2025_06_02_17_23_58_074.jpg,C:\myData\IMG\right_2025_06_02_17_23_58_074.jpg,0,0,0,8.023554
C:\myData\IMG\center_2025_06_02_17_23_58_234.jpg,C:\myData\IMG\left_2025_06_02_17_23_58_234.jpg,C:\myData\IMG\right_2025_06_02_17_23_58_234.jpg,0,0,0,7.895374
C:\myData\IMG\center_2025_06_02_17_23_58_385.jpg,C:\myData\IMG\left_2025_06_02_17_23_58_385.jpg,C:\myData\IMG\right_2025_06_02_17_23_58_385.jpg,0,0,0,7.768943
C:\myData\IMG\center_2025_06_02_17_23_58_554.jpg,C:\myData\IMG\left_2025_06_02_17_23_58_554.jpg,C:\myData\IMG\right_2025_06_02_17_23_58_554.jpg,0,0,0,7.644567
C:\myData\IMG\center_2025_06_02_17_23_58_733.jpg,C:\myData\IMG\left_2025_06_02_17_23_58_733.jpg,C:\myData\IMG\right_2025_06_02_17_23_58_733.jpg,0,0,0,7.507271
C:\myData\IMG\center_2025_06_02_17_23_58_904.jpg,C:\myData\IMG\left_2025_06_02_17_23_58_904.jpg,C:\myData\IMG\right_2025_06_02_17_23_58_904.jpg,0,0,0,7.372451
C:\myData\IMG\center_2025_06_02_17_23_59_066.jpg,C:\myData\IMG\left_2025_06_02_17_23_59_066.jpg,C:\myData\IMG\right_2025_06_02_17_23_59_066.jpg,0,0,0,7.254652
C:\myData\IMG\center_2025_06_02_17_23_59_232.jpg,C:\myData\IMG\left_2025_06_02_17_23_59_232.jpg,C:\myData\IMG\right_2025_06_02_17_23_59_232.jpg,0,0,0,7.138505
C:\myData\IMG\center_2025_06_02_17_23_59_384.jpg,C:\myData\IMG\left_2025_06_02_17_23_59_384.jpg,C:\myData\IMG\right_2025_06_02_17_23_59_384.jpg,0,0,0,7.024225
C:\myData\IMG\center_2025_06_02_17_23_59_537.jpg,C:\myData\IMG\left_2025_06_02_17_23_59_537.jpg,C:\myData\IMG\right_2025_06_02_17_23_59_537.jpg,0,0,0,6.92573
C:\myData\IMG\center_2025_06_02_17_23_59_706.jpg,C:\myData\IMG\left_2025_06_02_17_23_59_706.jpg,C:\myData\IMG\right_2025_06_02_17_23_59_706.jpg,0.45,0,0,6.755481
C:\myData\IMG\center_2025_06_02_17_23_59_890.jpg,C:\myData\IMG\left_2025_06_02_17_23_59_890.jpg,C:\myData\IMG\right_2025_06_02_17_23_59_890.jpg,0,0,0,6.613289
C:\myData\IMG\center_2025_06_02_17_24_00_040.jpg,C:\myData\IMG\left_2025_06_02_17_24_00_040.jpg,C:\myData\IMG\right_2025_06_02_17_24_00_040.jpg,0,0,0,6.520527
C:\myData\IMG\center_2025_06_02_17_24_00_195.jpg,C:\myData\IMG\left_2025_06_02_17_24_00_195.jpg,C:\myData\IMG\right_2025_06_02_17_24_00_195.jpg,0,0,0,6.416138
C:\myData\IMG\center_2025_06_02_17_24_00_363.jpg,C:\myData\IMG\left_2025_06_02_17_24_00_363.jpg,C:\myData\IMG\right_2025_06_02_17_24_00_363.jpg,0,0,0,6.300699
C:\myData\IMG\center_2025_06_02_17_24_00_531.jpg,C:\myData\IMG\left_2025_06_02_17_24_00_531.jpg,C:\myData\IMG\right_2025_06_02_17_24_00_531.jpg,0,0,0,6.199831
C:\myData\IMG\center_2025_06_02_17_24_00_698.jpg,C:\myData\IMG\left_2025_06_02_17_24_00_698.jpg,C:\myData\IMG\right_2025_06_02_17_24_00_698.jpg,0,0,0,6.100579
C:\myData\IMG\center_2025_06_02_17_24_00_859.jpg,C:\myData\IMG\left_2025_06_02_17_24_00_859.jpg,C:\myData\IMG\right_2025_06_02_17_24_00_859.jpg,0,0,0,6.002915
C:\myData\IMG\center_2025_06_02_17_24_01_012.jpg,C:\myData\IMG\left_2025_06_02_17_24_01_012.jpg,C:\myData\IMG\right_2025_06_02_17_24_01_012.jpg,0,0,0,5.906815
C:\myData\IMG\center_2025_06_02_17_24_01_165.jpg,C:\myData\IMG\left_2025_06_02_17_24_01_165.jpg,C:\myData\IMG\right_2025_06_02_17_24_01_165.jpg,0,0,0,5.812253
C:\myData\IMG\center_2025_06_02_17_24_01_328.jpg,C:\myData\IMG\left_2025_06_02_17_24_01_328.jpg,C:\myData\IMG\right_2025_06_02_17_24_01_328.jpg,0,0,0,5.719206
C:\myData\IMG\center_2025_06_02_17_24_01_478.jpg,C:\myData\IMG\left_2025_06_02_17_24_01_478.jpg,C:\myData\IMG\right_2025_06_02_17_24_01_478.jpg,0,0,0,5.639011
C:\myData\IMG\center_2025_06_02_17_24_01_641.jpg,C:\myData\IMG\left_2025_06_02_17_24_01_641.jpg,C:\myData\IMG\right_2025_06_02_17_24_01_641.jpg,0,0,0,5.537554
C:\myData\IMG\center_2025_06_02_17_24_01_793.jpg,C:\myData\IMG\left_2025_06_02_17_24_01_793.jpg,C:\myData\IMG\right_2025_06_02_17_24_01_793.jpg,0,0,0,5.459906
C:\myData\IMG\center_2025_06_02_17_24_01_944.jpg,C:\myData\IMG\left_2025_06_02_17_24_01_944.jpg,C:\myData\IMG\right_2025_06_02_17_24_01_944.jpg,0,0,0,5.372502
C:\myData\IMG\center_2025_06_02_17_24_02_088.jpg,C:\myData\IMG\left_2025_06_02_17_24_02_088.jpg,C:\myData\IMG\right_2025_06_02_17_24_02_088.jpg,0,0,0,5.297169
C:\myData\IMG\center_2025_06_02_17_24_02_243.jpg,C:\myData\IMG\left_2025_06_02_17_24_02_243.jpg,C:\myData\IMG\right_2025_06_02_17_24_02_243.jpg,0,0,0,5.212368
C:\myData\IMG\center_2025_06_02_17_24_02_399.jpg,C:\myData\IMG\left_2025_06_02_17_24_02_399.jpg,C:\myData\IMG\right_2025_06_02_17_24_02_399.jpg,0,0,0,5.139284
C:\myData\IMG\center_2025_06_02_17_24_02_558.jpg,C:\myData\IMG\left_2025_06_02_17_24_02_558.jpg,C:\myData\IMG\right_2025_06_02_17_24_02_558.jpg,0,0,0,5.057009
C:\myData\IMG\center_2025_06_02_17_24_02_708.jpg,C:\myData\IMG\left_2025_06_02_17_24_02_708.jpg,C:\myData\IMG\right_2025_06_02_17_24_02_708.jpg,0,0,0,4.976054
C:\myData\IMG\center_2025_06_02_17_24_02_867.jpg,C:\myData\IMG\left_2025_06_02_17_24_02_867.jpg,C:\myData\IMG\right_2025_06_02_17_24_02_867.jpg,0,0,0,4.896396
C:\myData\IMG\center_2025_06_02_17_24_03_019.jpg,C:\myData\IMG\left_2025_06_02_17_24_03_019.jpg,C:\myData\IMG\right_2025_06_02_17_24_03_019.jpg,0,0,0,4.827741
